Workbook

Sheet MASTER BY DIVISION
A1: ='16U BOYS GOLD-9 TEAMS'!A13 -> DATE | B1: ='16U BOYS GOLD-9 TEAMS'!B13 -> TIME | C1: ='16U BOYS GOLD-9 TEAMS'!C13&"" -> LOCATION | D1: ='16U BOYS GOLD-9 TEAMS'!D13&"" -> GAME ID | E1: ='16U BOYS GOLD-9 TEAMS'!E13&"" -> WHITE TEAM | F1: ='16U BOYS GOLD-9 TEAMS'!F13&"" -> S | G1: ='16U BOYS GOLD-9 TEAMS'!G13&"" -> DARK TEAM | H1: ='16U BOYS GOLD-9 TEAMS'!H13&"" -> S | I1: ='16U BOYS GOLD-9 TEAMS'!I13&"" -> COMMENTS | J1: ='16U BOYS GOLD-9 TEAMS'!J13&"" -> DIVISION
A2: ='16U BOYS GOLD-9 TEAMS'!A14 -> 45724 | B2: ='16U BOYS GOLD-9 TEAMS'!B14 -> 0.39583333 | C2: ='16U BOYS GOLD-9 TEAMS'!C14&"" -> COSTA MESA HS | D2: ='16U BOYS GOLD-9 TEAMS'!D14&"" -> 16Bau01 | E2: ='16U BOYS GOLD-9 TEAMS'!E14&"" -> A1-SAN FRANCISCO | F2: ='16U BOYS GOLD-9 TEAMS'!F14&"" -> 17 | G2: ='16U BOYS GOLD-9 TEAMS'!G14&"" -> A3-FOOTHILL BLACK | H2: ='16U BOYS GOLD-9 TEAMS'!H14&"" -> 1 | I2: ='16U BOYS GOLD-9 TEAMS'!I14&"" -> A bracket A1,A3 | J2: ='16U BOYS GOLD-9 TEAMS'!J14&"" -> 16U_BOYS_GOLD
A3: ='16U BOYS GOLD-9 TEAMS'!A15 -> 45724 | B3: ='16U BOYS GOLD-9 TEAMS'!B15 -> 0.4375 | C3: ='16U BOYS GOLD-9 TEAMS'!C15&"" -> COSTA MESA HS | D3: ='16U BOYS GOLD-9 TEAMS'!D15&"" -> 16Bau02 | E3: ='16U BOYS GOLD-9 TEAMS'!E15&"" -> B1-LA PREMIER | F3: ='16U BOYS GOLD-9 TEAMS'!F15&"" -> 15 | G3: ='16U BOYS GOLD-9 TEAMS'!G15&"" -> B3-OCWP RED | H3: ='16U BOYS GOLD-9 TEAMS'!H15&"" -> 9 | I3: ='16U BOYS GOLD-9 TEAMS'!I15&"" -> B bracket B1,B3 | J3: ='16U BOYS GOLD-9 TEAMS'!J15&"" -> 16U_BOYS_GOLD
A4: ='16U BOYS GOLD-9 TEAMS'!A16 -> 45724 | B4: ='16U BOYS GOLD-9 TEAMS'!B16 -> 0.47916667 | C4: ='16U BOYS GOLD-9 TEAMS'!C16&"" -> COSTA MESA HS | D4: ='16U BOYS GOLD-9 TEAMS'!D16&"" -> 16Bau03 | E4: ='16U BOYS GOLD-9 TEAMS'!E16&"" -> C1-TROJAN | F4: ='16U BOYS GOLD-9 TEAMS'!F16&"" -> 2 | G4: ='16U BOYS GOLD-9 TEAMS'!G16&"" -> C2-CC UNITED BLUE | H4: ='16U BOYS GOLD-9 TEAMS'!H16&"" -> 9 | I4: ='16U BOYS GOLD-9 TEAMS'!I16&"" -> C bracket C1,C2 | J4: ='16U BOYS GOLD-9 TEAMS'!J16&"" -> 16U_BOYS_GOLD
A5: ='16U BOYS GOLD-9 TEAMS'!A17 -> 45724 | B5: ='16U BOYS GOLD-9 TEAMS'!B17 -> 0.52083333 | C5: ='16U BOYS GOLD-9 TEAMS'!C17&"" -> COSTA MESA HS | D5: ='16U BOYS GOLD-9 TEAMS'!D17&"" -> 16Bau04 | E5: ='16U BOYS GOLD-9 TEAMS'!E17&"" -> A2-MISSION B | F5: ='16U BOYS GOLD-9 TEAMS'!F17&"" -> 14 | G5: ='16U BOYS GOLD-9 TEAMS'!G17&"" -> A3-FOOTHILL BLACK | H5: ='16U BOYS GOLD-9 TEAMS'!H17&"" -> 5 | I5: ='16U BOYS GOLD-9 TEAMS'!I17&"" -> A bracket A2,A3 | J5: ='16U BOYS GOLD-9 TEAMS'!J17&"" -> 16U_BOYS_GOLD
A6: ='16U BOYS GOLD-9 TEAMS'!A18 -> 45724 | B6: ='16U BOYS GOLD-9 TEAMS'!B18 -> 0.5625 | C6: ='16U BOYS GOLD-9 TEAMS'!C18&"" -> COSTA MESA HS | D6: ='16U BOYS GOLD-9 TEAMS'!D18&"" -> 16Bau05 | E6: ='16U BOYS GOLD-9 TEAMS'!E18&"" -> B1-LA PREMIER | F6: ='16U BOYS GOLD-9 TEAMS'!F18&"" -> 14 | G6: ='16U BOYS GOLD-9 TEAMS'!G18&"" -> B2-PEGASUS WP | H6: ='16U BOYS GOLD-9 TEAMS'!H18&"" -> 10 | I6: ='16U BOYS GOLD-9 TEAMS'!I18&"" -> B bracket B1,B2 | J6: ='16U BOYS GOLD-9 TEAMS'!J18&"" -> 16U_BOYS_GOLD
A7: ='16U BOYS GOLD-9 TEAMS'!A19 -> 45724 | B7: ='16U BOYS GOLD-9 TEAMS'!B19 -> 0.60416667 | C7: ='16U BOYS GOLD-9 TEAMS'!C19&"" -> COSTA MESA HS | D7: ='16U BOYS GOLD-9 TEAMS'!D19&"" -> 16Bau06 | E7: ='16U BOYS GOLD-9 TEAMS'!E19&"" -> C2-CC UNITED BLUE | F7: ='16U BOYS GOLD-9 TEAMS'!F19&"" -> 10 | G7: ='16U BOYS GOLD-9 TEAMS'!G19&"" -> C3-SD SHORES GOLD | H7: ='16U BOYS GOLD-9 TEAMS'!H19&"" -> 8 | I7: ='16U BOYS GOLD-9 TEAMS'!I19&"" -> C bracket C2,C3 | J7: ='16U BOYS GOLD-9 TEAMS'!J19&"" -> 16U_BOYS_GOLD
A8: ='16U BOYS GOLD-9 TEAMS'!A20 -> 45724 | B8: ='16U BOYS GOLD-9 TEAMS'!B20 -> 0.64583333 | C8: ='16U BOYS GOLD-9 TEAMS'!C20&"" -> COSTA MESA HS | D8: ='16U BOYS GOLD-9 TEAMS'!D20&"" -> 16Bau07 | E8: ='16U BOYS GOLD-9 TEAMS'!E20&"" -> A1-SAN FRANCISCO | F8: ='16U BOYS GOLD-9 TEAMS'!F20&"" -> 12 | G8: ='16U BOYS GOLD-9 TEAMS'!G20&"" -> A2-MISSION B | H8: ='16U BOYS GOLD-9 TEAMS'!H20&"" -> 6 | I8: ='16U BOYS GOLD-9 TEAMS'!I20&"" -> A bracket A1,A2 | J8: ='16U BOYS GOLD-9 TEAMS'!J20&"" -> 16U_BOYS_GOLD
A9: ='16U BOYS GOLD-9 TEAMS'!A21 -> 45724 | B9: ='16U BOYS GOLD-9 TEAMS'!B21 -> 0.6875 | C9: ='16U BOYS GOLD-9 TEAMS'!C21&"" -> COSTA MESA HS | D9: ='16U BOYS GOLD-9 TEAMS'!D21&"" -> 16Bau08 | E9: ='16U BOYS GOLD-9 TEAMS'!E21&"" -> B2-PEGASUS WP | F9: ='16U BOYS GOLD-9 TEAMS'!F21&"" -> 9 | G9: ='16U BOYS GOLD-9 TEAMS'!G21&"" -> B3-OCWP RED | H9: ='16U BOYS GOLD-9 TEAMS'!H21&"" -> 4 | I9: ='16U BOYS GOLD-9 TEAMS'!I21&"" -> B bracket B2,B3 | J9: ='16U BOYS GOLD-9 TEAMS'!J21&"" -> 16U_BOYS_GOLD
A10: ='16U BOYS GOLD-9 TEAMS'!A22 -> 45724 | B10: ='16U BOYS GOLD-9 TEAMS'!B22 -> 0.72916667 | C10: ='16U BOYS GOLD-9 TEAMS'!C22&"" -> COSTA MESA HS | D10: ='16U BOYS GOLD-9 TEAMS'!D22&"" -> 16Bau09 | E10: ='16U BOYS GOLD-9 TEAMS'!E22&"" -> C1-TROJAN | F10: ='16U BOYS GOLD-9 TEAMS'!F22&"" -> 5 | G10: ='16U BOYS GOLD-9 TEAMS'!G22&"" -> C3-SD SHORES GOLD | H10: ='16U BOYS GOLD-9 TEAMS'!H22&"" -> 10 | I10: ='16U BOYS GOLD-9 TEAMS'!I22&"" -> C bracket C1,C3 | J10: ='16U BOYS GOLD-9 TEAMS'!J22&"" -> 16U_BOYS_GOLD
A11: ='16U BOYS GOLD-9 TEAMS'!A26 -> 45725 | B11: ='16U BOYS GOLD-9 TEAMS'!B26 -> 0.33333333 | C11: ='16U BOYS GOLD-9 TEAMS'!C26&"" -> COSTA MESA HS | D11: ='16U BOYS GOLD-9 TEAMS'!D26&"" -> 16Bau10 | E11: ='16U BOYS GOLD-9 TEAMS'!E26&"" -> D1(3rdA)-FOOTHILL BLACK | F11: ='16U BOYS GOLD-9 TEAMS'!F26&"" -> 5 | G11: ='16U BOYS GOLD-9 TEAMS'!G26&"" -> D3(3rdC)-TROJAN | H11: ='16U BOYS GOLD-9 TEAMS'!H26&"" -> 12 | I11: ='16U BOYS GOLD-9 TEAMS'!I26&"" -> D bracket (7th-9th) D1,D3 | J11: ='16U BOYS GOLD-9 TEAMS'!J26&"" -> 16U_BOYS_GOLD
A12: ='16U BOYS GOLD-9 TEAMS'!A27 -> 45725 | B12: ='16U BOYS GOLD-9 TEAMS'!B27 -> 0.375 | C12: ='16U BOYS GOLD-9 TEAMS'!C27&"" -> COSTA MESA HS | D12: ='16U BOYS GOLD-9 TEAMS'!D27&"" -> 16Bau12 | E12: ='16U BOYS GOLD-9 TEAMS'!E27&"" -> E1(2ndA)-MISSION B | F12: ='16U BOYS GOLD-9 TEAMS'!F27&"" -> 10 | G12: ='16U BOYS GOLD-9 TEAMS'!G27&"" -> E3(2ndC)-SD SHORES GOLD | H12: ='16U BOYS GOLD-9 TEAMS'!H27&"" -> 11 | I12: ='16U BOYS GOLD-9 TEAMS'!I27&"" -> E bracket (4th-6th) E1,E3 | J12: ='16U BOYS GOLD-9 TEAMS'!J27&"" -> 16U_BOYS_GOLD
A13: ='16U BOYS GOLD-9 TEAMS'!A28 -> 45725 | B13: ='16U BOYS GOLD-9 TEAMS'!B28 -> 0.41666667 | C13: ='16U BOYS GOLD-9 TEAMS'!C28&"" -> COSTA MESA HS | D13: ='16U BOYS GOLD-9 TEAMS'!D28&"" -> 16Bau11 | E13: ='16U BOYS GOLD-9 TEAMS'!E28&"" -> F1(1stA)-SAN FRANCISCO | F13: ='16U BOYS GOLD-9 TEAMS'!F28&"" -> 4 | G13: ='16U BOYS GOLD-9 TEAMS'!G28&"" -> F3(1stC)-CC UNITED BLUE | H13: ='16U BOYS GOLD-9 TEAMS'!H28&"" -> 9 | I13: ='16U BOYS GOLD-9 TEAMS'!I28&"" -> F bracket (1st-3rd) F1,F3 | J13: ='16U BOYS GOLD-9 TEAMS'!J28&"" -> 16U_BOYS_GOLD
A14: ='16U BOYS GOLD-9 TEAMS'!A29 -> 45725 | B14: ='16U BOYS GOLD-9 TEAMS'!B29 -> 0.45833333 | C14: ='16U BOYS GOLD-9 TEAMS'!C29&"" -> COSTA MESA HS | D14: ='16U BOYS GOLD-9 TEAMS'!D29&"" -> 16Bau13 | E14: ='16U BOYS GOLD-9 TEAMS'!E29&"" -> D2(3rdB)-OCWP RED | F14: ='16U BOYS GOLD-9 TEAMS'!F29&"" -> 7 | G14: ='16U BOYS GOLD-9 TEAMS'!G29&"" -> D3(3rdC)-TROJAN | H14: ='16U BOYS GOLD-9 TEAMS'!H29&"" -> 2 | I14: ='16U BOYS GOLD-9 TEAMS'!I29&"" -> D bracket (7th-9th) D2,D3 | J14: ='16U BOYS GOLD-9 TEAMS'!J29&"" -> 16U_BOYS_GOLD
A15: ='16U BOYS GOLD-9 TEAMS'!A30 -> 45725 | B15: ='16U BOYS GOLD-9 TEAMS'!B30 -> 0.5 | C15: ='16U BOYS GOLD-9 TEAMS'!C30&"" -> COSTA MESA HS | D15: ='16U BOYS GOLD-9 TEAMS'!D30&"" -> 16Bau14 | E15: ='16U BOYS GOLD-9 TEAMS'!E30&"" -> E2(2ndB)-PEGASUS | F15: ='16U BOYS GOLD-9 TEAMS'!F30&"" -> 7 | G15: ='16U BOYS GOLD-9 TEAMS'!G30&"" -> E3(2ndC)-SD SHORES GOLD | H15: ='16U BOYS GOLD-9 TEAMS'!H30&"" -> 17 | I15: ='16U BOYS GOLD-9 TEAMS'!I30&"" -> E bracket (4th-6th) E2,E3 | J15: ='16U BOYS GOLD-9 TEAMS'!J30&"" -> 16U_BOYS_GOLD
A16: ='16U BOYS GOLD-9 TEAMS'!A31 -> 45725 | B16: ='16U BOYS GOLD-9 TEAMS'!B31 -> 0.54166667 | C16: ='16U BOYS GOLD-9 TEAMS'!C31&"" -> COSTA MESA HS | D16: ='16U BOYS GOLD-9 TEAMS'!D31&"" -> 16Bau15 | E16: ='16U BOYS GOLD-9 TEAMS'!E31&"" -> F2(1stB)-LA PREMIER | F16: ='16U BOYS GOLD-9 TEAMS'!F31&"" -> 11 | G16: ='16U BOYS GOLD-9 TEAMS'!G31&"" -> F3(1stC)-CC UNITED BLUE | H16: ='16U BOYS GOLD-9 TEAMS'!H31&"" -> 6 | I16: ='16U BOYS GOLD-9 TEAMS'!I31&"" -> F bracket (1st-3rd) F2,F3 | J16: ='16U BOYS GOLD-9 TEAMS'!J31&"" -> 16U_BOYS_GOLD
A17: ='16U BOYS GOLD-9 TEAMS'!A32 -> 45725 | B17: ='16U BOYS GOLD-9 TEAMS'!B32 -> 0.58333333 | C17: ='16U BOYS GOLD-9 TEAMS'!C32&"" -> COSTA MESA HS | D17: ='16U BOYS GOLD-9 TEAMS'!D32&"" -> 16Bau16 | E17: ='16U BOYS GOLD-9 TEAMS'!E32&"" -> D1(3rdA)-FOOTHILL BLACK | F17: ='16U BOYS GOLD-9 TEAMS'!F32&"" -> 6 | G17: ='16U BOYS GOLD-9 TEAMS'!G32&"" -> D2(3rdB)-OCWP RED | H17: ='16U BOYS GOLD-9 TEAMS'!H32&"" -> 16 | I17: ='16U BOYS GOLD-9 TEAMS'!I32&"" -> D bracket (7th-9th) D1,D2 | J17: ='16U BOYS GOLD-9 TEAMS'!J32&"" -> 16U_BOYS_GOLD
A18: ='16U BOYS GOLD-9 TEAMS'!A33 -> 45725 | B18: ='16U BOYS GOLD-9 TEAMS'!B33 -> 0.625 | C18: ='16U BOYS GOLD-9 TEAMS'!C33&"" -> COSTA MESA HS | D18: ='16U BOYS GOLD-9 TEAMS'!D33&"" -> 16Bau17 | E18: ='16U BOYS GOLD-9 TEAMS'!E33&"" -> E1(2ndA)-MISSION B | F18: ='16U BOYS GOLD-9 TEAMS'!F33&"" -> 12 | G18: ='16U BOYS GOLD-9 TEAMS'!G33&"" -> E2(2ndB)-PEGASUS | H18: ='16U BOYS GOLD-9 TEAMS'!H33&"" -> 10 | I18: ='16U BOYS GOLD-9 TEAMS'!I33&"" -> E bracket (4th-6th) E1,E2 | J18: ='16U BOYS GOLD-9 TEAMS'!J33&"" -> 16U_BOYS_GOLD
A19: ='16U BOYS GOLD-9 TEAMS'!A34 -> 45725 | B19: ='16U BOYS GOLD-9 TEAMS'!B34 -> 0.66666667 | C19: ='16U BOYS GOLD-9 TEAMS'!C34&"" -> COSTA MESA HS | D19: ='16U BOYS GOLD-9 TEAMS'!D34&"" -> 16Bau18 | E19: ='16U BOYS GOLD-9 TEAMS'!E34&"" -> F1(1stA)-SAN FRANCISCO | F19: ='16U BOYS GOLD-9 TEAMS'!F34&"" -> 9 | G19: ='16U BOYS GOLD-9 TEAMS'!G34&"" -> F2(1stB)-LA PREMIER | H19: ='16U BOYS GOLD-9 TEAMS'!H34&"" -> 15 | I19: ='16U BOYS GOLD-9 TEAMS'!I34&"" -> F bracket (1st-3rd) F1,F2 | J19: ='16U BOYS GOLD-9 TEAMS'!J34&"" -> 16U_BOYS_GOLD
A20: ='16U BOYS PLATINUM-19 TEAMS'!A24 -> 45724 | B20: ='16U BOYS PLATINUM-19 TEAMS'!B24 -> 0.33333333 | C20: ='16U BOYS PLATINUM-19 TEAMS'!C24&"" -> WESTMINSTER HS | D20: ='16U BOYS PLATINUM-19 TEAMS'!D24&"" -> 16Bpt01 | E20: ='16U BOYS PLATINUM-19 TEAMS'!E24&"" -> C1-STANFORD | F20: ='16U BOYS PLATINUM-19 TEAMS'!F24&"" -> 18 | G20: ='16U BOYS PLATINUM-19 TEAMS'!G24&"" -> C3-CHAWP | H20: ='16U BOYS PLATINUM-19 TEAMS'!H24&"" -> 10 | I20: ='16U BOYS PLATINUM-19 TEAMS'!I24&"" -> C bracket C1,C3 | J20: ='16U BOYS PLATINUM-19 TEAMS'!J24&"" -> 16U_BOYS_PLATINUM
A21: ='16U BOYS PLATINUM-19 TEAMS'!A37 -> 45724 | B21: ='16U BOYS PLATINUM-19 TEAMS'!B37 -> 0.33333333 | C21: ='16U BOYS PLATINUM-19 TEAMS'!C37&"" -> ESTANCIA HS | D21: ='16U BOYS PLATINUM-19 TEAMS'!D37&"" -> 16Bpt02 | E21: ='16U BOYS PLATINUM-19 TEAMS'!E37&"" -> E1-MISSION A | F21: ='16U BOYS PLATINUM-19 TEAMS'!F37&"" -> 13 | G21: ='16U BOYS PLATINUM-19 TEAMS'!G37&"" -> E3-VANGUARD BLUE | H21: ='16U BOYS PLATINUM-19 TEAMS'!H37&"" -> 1 | I21: ='16U BOYS PLATINUM-19 TEAMS'!I37&"" -> E bracket E1,E3 | J21: ='16U BOYS PLATINUM-19 TEAMS'!J37&"" -> 16U_BOYS_PLATINUM
A22: ='16U BOYS PLATINUM-19 TEAMS'!A25 -> 45724 | B22: ='16U BOYS PLATINUM-19 TEAMS'!B25 -> 0.375 | C22: ='16U BOYS PLATINUM-19 TEAMS'!C25&"" -> WESTMINSTER HS | D22: ='16U BOYS PLATINUM-19 TEAMS'!D25&"" -> 16Bpt03 | E22: ='16U BOYS PLATINUM-19 TEAMS'!E25&"" -> A1-DEL MAR | F22: ='16U BOYS PLATINUM-19 TEAMS'!F25&"" -> 18 | G22: ='16U BOYS PLATINUM-19 TEAMS'!G25&"" -> A3-NORTH IRVINE BLACK | H22: ='16U BOYS PLATINUM-19 TEAMS'!H25&"" -> 9 | I22: ='16U BOYS PLATINUM-19 TEAMS'!I25&"" -> A bracket A1,A3 | J22: ='16U BOYS PLATINUM-19 TEAMS'!J25&"" -> 16U_BOYS_PLATINUM
A23: ='16U BOYS PLATINUM-19 TEAMS'!A38 -> 45724 | B23: ='16U BOYS PLATINUM-19 TEAMS'!B38 -> 0.375 | C23: ='16U BOYS PLATINUM-19 TEAMS'!C38&"" -> ESTANCIA HS | D23: ='16U BOYS PLATINUM-19 TEAMS'!D38&"" -> 16Bpt04 | E23: ='16U BOYS PLATINUM-19 TEAMS'!E38&"" -> D1-CC UNITED BLACK | F23: ='16U BOYS PLATINUM-19 TEAMS'!F38&"" -> 15 | G23: ='16U BOYS PLATINUM-19 TEAMS'!G38&"" -> D3-PATRIOT | H23: ='16U BOYS PLATINUM-19 TEAMS'!H38&"" -> 7 | I23: ='16U BOYS PLATINUM-19 TEAMS'!I38&"" -> D bracket D1,D3 | J23: ='16U BOYS PLATINUM-19 TEAMS'!J38&"" -> 16U_BOYS_PLATINUM
A24: ='16U BOYS PLATINUM-19 TEAMS'!A26 -> 45724 | B24: ='16U BOYS PLATINUM-19 TEAMS'!B26 -> 0.41666667 | C24: ='16U BOYS PLATINUM-19 TEAMS'!C26&"" -> WESTMINSTER HS | D24: ='16U BOYS PLATINUM-19 TEAMS'!D26&"" -> 16Bpt05 | E24: ='16U BOYS PLATINUM-19 TEAMS'!E26&"" -> B2-ORANGE COUNTY WPC BLUE | F24: ='16U BOYS PLATINUM-19 TEAMS'!F26&"" -> 15 | G24: ='16U BOYS PLATINUM-19 TEAMS'!G26&"" -> B3-ROSE BOWL RED | H24: ='16U BOYS PLATINUM-19 TEAMS'!H26&"" -> 8 | I24: ='16U BOYS PLATINUM-19 TEAMS'!I26&"" -> B bracket B2,B3 | J24: ='16U BOYS PLATINUM-19 TEAMS'!J26&"" -> 16U_BOYS_PLATINUM
A25: ='16U BOYS PLATINUM-19 TEAMS'!A39 -> 45724 | B25: ='16U BOYS PLATINUM-19 TEAMS'!B39 -> 0.41666667 | C25: ='16U BOYS PLATINUM-19 TEAMS'!C39&"" -> ESTANCIA HS | D25: ='16U BOYS PLATINUM-19 TEAMS'!D39&"" -> 16Bpt06 | E25: ='16U BOYS PLATINUM-19 TEAMS'!E39&"" -> F1-TROJAN | F25: ='16U BOYS PLATINUM-19 TEAMS'!F39&"" -> 10 | G25: ='16U BOYS PLATINUM-19 TEAMS'!G39&"" -> F4-FOOTHILL RED | H25: ='16U BOYS PLATINUM-19 TEAMS'!H39&"" -> 8 | I25: ='16U BOYS PLATINUM-19 TEAMS'!I39&"" -> W/L F1/F4 | J25: ='16U BOYS PLATINUM-19 TEAMS'!J39&"" -> 16U_BOYS_PLATINUM
A26: ='16U BOYS PLATINUM-19 TEAMS'!A40 -> 45724 | B26: ='16U BOYS PLATINUM-19 TEAMS'!B40 -> 0.45833333 | C26: ='16U BOYS PLATINUM-19 TEAMS'!C40&"" -> ESTANCIA HS | D26: ='16U BOYS PLATINUM-19 TEAMS'!D40&"" -> 16Bpt08 | E26: ='16U BOYS PLATINUM-19 TEAMS'!E40&"" -> E2-ATHERTON | F26: ='16U BOYS PLATINUM-19 TEAMS'!F40&"" -> 14 | G26: ='16U BOYS PLATINUM-19 TEAMS'!G40&"" -> E3-VANGUARD BLUE | H26: ='16U BOYS PLATINUM-19 TEAMS'!H40&"" -> 8 | I26: ='16U BOYS PLATINUM-19 TEAMS'!I40&"" -> E bracket E2,E3 | J26: ='16U BOYS PLATINUM-19 TEAMS'!J40&"" -> 16U_BOYS_PLATINUM
A27: ='16U BOYS PLATINUM-19 TEAMS'!A28 -> 45724 | B27: ='16U BOYS PLATINUM-19 TEAMS'!B28 -> 0.5 | C27: ='16U BOYS PLATINUM-19 TEAMS'!C28&"" -> WESTMINSTER HS | D27: ='16U BOYS PLATINUM-19 TEAMS'!D28&"" -> 16Bpt07 | E27: ='16U BOYS PLATINUM-19 TEAMS'!E28&"" -> C2-LA JOLLA UNITED NAVY | F27: ='16U BOYS PLATINUM-19 TEAMS'!F28&"" -> 15 | G27: ='16U BOYS PLATINUM-19 TEAMS'!G28&"" -> C3-CHAWP | H27: ='16U BOYS PLATINUM-19 TEAMS'!H28&"" -> 8 | I27: ='16U BOYS PLATINUM-19 TEAMS'!I28&"" -> C bracket C2,C3 | J27: ='16U BOYS PLATINUM-19 TEAMS'!J28&"" -> 16U_BOYS_PLATINUM
A28: ='16U BOYS PLATINUM-19 TEAMS'!A41 -> 45724 | B28: ='16U BOYS PLATINUM-19 TEAMS'!B41 -> 0.5 | C28: ='16U BOYS PLATINUM-19 TEAMS'!C41&"" -> ESTANCIA HS | D28: ='16U BOYS PLATINUM-19 TEAMS'!D41&"" -> 16Bpt10 | E28: ='16U BOYS PLATINUM-19 TEAMS'!E41&"" -> F2-SD SHORES BLACK | F28: ='16U BOYS PLATINUM-19 TEAMS'!F41&"" -> 13 | G28: ='16U BOYS PLATINUM-19 TEAMS'!G41&"" -> F3-TEXAS THUINDER | H28: ='16U BOYS PLATINUM-19 TEAMS'!H41&"" -> 7 | I28: ='16U BOYS PLATINUM-19 TEAMS'!I41&"" -> W/L F2/F3 | J28: ='16U BOYS PLATINUM-19 TEAMS'!J41&"" -> 16U_BOYS_PLATINUM
A29: ='16U BOYS PLATINUM-19 TEAMS'!A29 -> 45724 | B29: ='16U BOYS PLATINUM-19 TEAMS'!B29 -> 0.54166667 | C29: ='16U BOYS PLATINUM-19 TEAMS'!C29&"" -> WESTMINSTER HS | D29: ='16U BOYS PLATINUM-19 TEAMS'!D29&"" -> 16Bpt09 | E29: ='16U BOYS PLATINUM-19 TEAMS'!E29&"" -> A2-DIABLO RED | F29: ='16U BOYS PLATINUM-19 TEAMS'!F29&"" -> 8 | G29: ='16U BOYS PLATINUM-19 TEAMS'!G29&"" -> A3-NORTH IRVINE BLACK | H29: ='16U BOYS PLATINUM-19 TEAMS'!H29&"" -> 14 | I29: ='16U BOYS PLATINUM-19 TEAMS'!I29&"" -> A bracket A2,A3 | J29: ='16U BOYS PLATINUM-19 TEAMS'!J29&"" -> 16U_BOYS_PLATINUM
A30: ='16U BOYS PLATINUM-19 TEAMS'!A42 -> 45724 | B30: ='16U BOYS PLATINUM-19 TEAMS'!B42 -> 0.54166667 | C30: ='16U BOYS PLATINUM-19 TEAMS'!C42&"" -> ESTANCIA HS | D30: ='16U BOYS PLATINUM-19 TEAMS'!D42&"" -> 16Bpt12 | E30: ='16U BOYS PLATINUM-19 TEAMS'!E42&"" -> D2-NEWPORT | F30: ='16U BOYS PLATINUM-19 TEAMS'!F42&"" -> 11 | G30: ='16U BOYS PLATINUM-19 TEAMS'!G42&"" -> D3-PATRIOT | H30: ='16U BOYS PLATINUM-19 TEAMS'!H42&"" -> 6 | I30: ='16U BOYS PLATINUM-19 TEAMS'!I42&"" -> D bracket D2,D3 | J30: ='16U BOYS PLATINUM-19 TEAMS'!J42&"" -> 16U_BOYS_PLATINUM
A31: ='16U BOYS PLATINUM-19 TEAMS'!A30 -> 45724 | B31: ='16U BOYS PLATINUM-19 TEAMS'!B30 -> 0.58333333 | C31: ='16U BOYS PLATINUM-19 TEAMS'!C30&"" -> WESTMINSTER HS | D31: ='16U BOYS PLATINUM-19 TEAMS'!D30&"" -> 16Bpt11 | E31: ='16U BOYS PLATINUM-19 TEAMS'!E30&"" -> B1-CHANNEL ISLANDS UNITED GOLD | F31: ='16U BOYS PLATINUM-19 TEAMS'!F30&"" -> 17 | G31: ='16U BOYS PLATINUM-19 TEAMS'!G30&"" -> B3-ROSE BOWL RED | H31: ='16U BOYS PLATINUM-19 TEAMS'!H30&"" -> 5 | I31: ='16U BOYS PLATINUM-19 TEAMS'!I30&"" -> B bracket B1,B3 | J31: ='16U BOYS PLATINUM-19 TEAMS'!J30&"" -> 16U_BOYS_PLATINUM
A32: ='16U BOYS PLATINUM-19 TEAMS'!A43 -> 45724 | B32: ='16U BOYS PLATINUM-19 TEAMS'!B43 -> 0.58333333 | C32: ='16U BOYS PLATINUM-19 TEAMS'!C43&"" -> ESTANCIA HS | D32: ='16U BOYS PLATINUM-19 TEAMS'!D43&"" -> 16Bpt14 | E32: ='16U BOYS PLATINUM-19 TEAMS'!E43&"" -> E1-MISSION A | F32: ='16U BOYS PLATINUM-19 TEAMS'!F43&"" -> 8 | G32: ='16U BOYS PLATINUM-19 TEAMS'!G43&"" -> E2-ATHERTON | H32: ='16U BOYS PLATINUM-19 TEAMS'!H43&"" -> 5 | I32: ='16U BOYS PLATINUM-19 TEAMS'!I43&"" -> E bracket E1,E2 | J32: ='16U BOYS PLATINUM-19 TEAMS'!J43&"" -> 16U_BOYS_PLATINUM
A33: ='16U BOYS PLATINUM-19 TEAMS'!A31 -> 45724 | B33: ='16U BOYS PLATINUM-19 TEAMS'!B31 -> 0.625 | C33: ='16U BOYS PLATINUM-19 TEAMS'!C31&"" -> WESTMINSTER HS | D33: ='16U BOYS PLATINUM-19 TEAMS'!D31&"" -> 16Bpt13 | E33: ='16U BOYS PLATINUM-19 TEAMS'!E31&"" -> C1-STANFORD | F33: ='16U BOYS PLATINUM-19 TEAMS'!F31&"" -> 17 | G33: ='16U BOYS PLATINUM-19 TEAMS'!G31&"" -> C2-LA JOLLA UNITED NAVY | H33: ='16U BOYS PLATINUM-19 TEAMS'!H31&"" -> 10 | I33: ='16U BOYS PLATINUM-19 TEAMS'!I31&"" -> C bracket C1,C2 | J33: ='16U BOYS PLATINUM-19 TEAMS'!J31&"" -> 16U_BOYS_PLATINUM
A34: ='16U BOYS PLATINUM-19 TEAMS'!A44 -> 45724 | B34: ='16U BOYS PLATINUM-19 TEAMS'!B44 -> 0.625 | C34: ='16U BOYS PLATINUM-19 TEAMS'!C44&"" -> ESTANCIA HS | D34: ='16U BOYS PLATINUM-19 TEAMS'!D44&"" -> 16Bpt16 | E34: ='16U BOYS PLATINUM-19 TEAMS'!E44&"" -> W#6-TROJAN | F34: ='16U BOYS PLATINUM-19 TEAMS'!F44&"" -> 7 | G34: ='16U BOYS PLATINUM-19 TEAMS'!G44&"" -> W#10-SD SHORES BLACK | H34: ='16U BOYS PLATINUM-19 TEAMS'!H44&"" -> 9 | I34: ='16U BOYS PLATINUM-19 TEAMS'!I44&"" -> 1st/2ndF | J34: ='16U BOYS PLATINUM-19 TEAMS'!J44&"" -> 16U_BOYS_PLATINUM
A35: ='16U BOYS PLATINUM-19 TEAMS'!A32 -> 45724 | B35: ='16U BOYS PLATINUM-19 TEAMS'!B32 -> 0.66666667 | C35: ='16U BOYS PLATINUM-19 TEAMS'!C32&"" -> WESTMINSTER HS | D35: ='16U BOYS PLATINUM-19 TEAMS'!D32&"" -> 16Bpt15 | E35: ='16U BOYS PLATINUM-19 TEAMS'!E32&"" -> A1-DEL MAR | F35: ='16U BOYS PLATINUM-19 TEAMS'!F32&"" -> 19 | G35: ='16U BOYS PLATINUM-19 TEAMS'!G32&"" -> A2-DIABLO RED | H35: ='16U BOYS PLATINUM-19 TEAMS'!H32&"" -> 5 | I35: ='16U BOYS PLATINUM-19 TEAMS'!I32&"" -> A bracket A1,A2 | J35: ='16U BOYS PLATINUM-19 TEAMS'!J32&"" -> 16U_BOYS_PLATINUM
A36: ='16U BOYS PLATINUM-19 TEAMS'!A45 -> 45724 | B36: ='16U BOYS PLATINUM-19 TEAMS'!B45 -> 0.66666667 | C36: ='16U BOYS PLATINUM-19 TEAMS'!C45&"" -> ESTANCIA HS | D36: ='16U BOYS PLATINUM-19 TEAMS'!D45&"" -> 16Bpt18 | E36: ='16U BOYS PLATINUM-19 TEAMS'!E45&"" -> L#6-FOOTHILL RED | F36: ='16U BOYS PLATINUM-19 TEAMS'!F45&"" -> 9 | G36: ='16U BOYS PLATINUM-19 TEAMS'!G45&"" -> L#10-TEXAS THUINDER | H36: ='16U BOYS PLATINUM-19 TEAMS'!H45&"" -> 10 | I36: ='16U BOYS PLATINUM-19 TEAMS'!I45&"" -> 3rd/4thF | J36: ='16U BOYS PLATINUM-19 TEAMS'!J45&"" -> 16U_BOYS_PLATINUM
A37: ='16U BOYS PLATINUM-19 TEAMS'!A46 -> 45724 | B37: ='16U BOYS PLATINUM-19 TEAMS'!B46 -> 0.70833333 | C37: ='16U BOYS PLATINUM-19 TEAMS'!C46&"" -> ESTANCIA HS | D37: ='16U BOYS PLATINUM-19 TEAMS'!D46&"" -> 16Bpt20 | E37: ='16U BOYS PLATINUM-19 TEAMS'!E46&"" -> D1-CC UNITED BLACK | F37: ='16U BOYS PLATINUM-19 TEAMS'!F46&"" -> 17 | G37: ='16U BOYS PLATINUM-19 TEAMS'!G46&"" -> D2-NEWPORT | H37: ='16U BOYS PLATINUM-19 TEAMS'!H46&"" -> 6 | I37: ='16U BOYS PLATINUM-19 TEAMS'!I46&"" -> D bracket D1,D2 | J37: ='16U BOYS PLATINUM-19 TEAMS'!J46&"" -> 16U_BOYS_PLATINUM
A38: ='16U BOYS PLATINUM-19 TEAMS'!A34 -> 45724 | B38: ='16U BOYS PLATINUM-19 TEAMS'!B34 -> 0.75 | C38: ='16U BOYS PLATINUM-19 TEAMS'!C34&"" -> WESTMINSTER HS | D38: ='16U BOYS PLATINUM-19 TEAMS'!D34&"" -> 16Bpt17 | E38: ='16U BOYS PLATINUM-19 TEAMS'!E34&"" -> B1-CHANNEL ISLANDS UNITED GOLD | F38: ='16U BOYS PLATINUM-19 TEAMS'!F34&"" -> 13 | G38: ='16U BOYS PLATINUM-19 TEAMS'!G34&"" -> B2-ORANGE COUNTY WPC BLUE | H38: ='16U BOYS PLATINUM-19 TEAMS'!H34&"" -> 10 | I38: ='16U BOYS PLATINUM-19 TEAMS'!I34&"" -> B bracket B1,B2 | J38: ='16U BOYS PLATINUM-19 TEAMS'!J34&"" -> 16U_BOYS_PLATINUM
A39: ='16U BOYS PLATINUM-19 TEAMS'!A47 -> 45724 | B39: ='16U BOYS PLATINUM-19 TEAMS'!B47 -> 0.75 | C39: ='16U BOYS PLATINUM-19 TEAMS'!C47&"" -> ESTANCIA HS | D39: ='16U BOYS PLATINUM-19 TEAMS'!D47&"" -> 16Bpt21 | E39: ='16U BOYS PLATINUM-19 TEAMS'!E47&"" -> H2(1stE)-MISSION | F39: ='16U BOYS PLATINUM-19 TEAMS'!F47&"" -> 11 | G39: ='16U BOYS PLATINUM-19 TEAMS'!G47&"" -> H3(1stF)-SD SHORES BLACK | H39: ='16U BOYS PLATINUM-19 TEAMS'!H47&"" -> 8 | I39: ='16U BOYS PLATINUM-19 TEAMS'!I47&"" -> H bracket H2,H3 (1E,1F) | J39: ='16U BOYS PLATINUM-19 TEAMS'!J47&"" -> 16U_BOYS_PLATINUM
A40: ='16U BOYS PLATINUM-19 TEAMS'!A35 -> 45724 | B40: ='16U BOYS PLATINUM-19 TEAMS'!B35 -> 0.79166667 | C40: ='16U BOYS PLATINUM-19 TEAMS'!C35&"" -> WESTMINSTER HS | D40: ='16U BOYS PLATINUM-19 TEAMS'!D35&"" -> 16Bpt19 | E40: ='16U BOYS PLATINUM-19 TEAMS'!E35&"" -> G1(1stA)-DEL MAR | F40: ='16U BOYS PLATINUM-19 TEAMS'!F35&"" -> 13 | G40: ='16U BOYS PLATINUM-19 TEAMS'!G35&"" -> G3(1stC)-STANFORD | H40: ='16U BOYS PLATINUM-19 TEAMS'!H35&"" -> 14 | I40: ='16U BOYS PLATINUM-19 TEAMS'!I35&"" -> G bracket G1,G3 (1A,1C) | J40: ='16U BOYS PLATINUM-19 TEAMS'!J35&"" -> 16U_BOYS_PLATINUM
A41: ='16U BOYS PLATINUM-19 TEAMS'!A51 -> 45725 | B41: ='16U BOYS PLATINUM-19 TEAMS'!B51 -> 0.33333333 | C41: ='16U BOYS PLATINUM-19 TEAMS'!C51&"" -> WESTMINSTER HS | D41: ='16U BOYS PLATINUM-19 TEAMS'!D51&"" -> 16Bpt22 | E41: ='16U BOYS PLATINUM-19 TEAMS'!E51&"" -> H1(1stD)-CC UNITED BLACK | F41: ='16U BOYS PLATINUM-19 TEAMS'!F51&"" -> 15 | G41: ='16U BOYS PLATINUM-19 TEAMS'!G51&"" -> H3(1stF)-SD SHORES BLACK | H41: ='16U BOYS PLATINUM-19 TEAMS'!H51&"" -> 5 | I41: ='16U BOYS PLATINUM-19 TEAMS'!I51&"" -> H bracket H1,H3 (1D,1F) | J41: ='16U BOYS PLATINUM-19 TEAMS'!J51&"" -> 16U_BOYS_PLATINUM
A42: ='16U BOYS PLATINUM-19 TEAMS'!A62 -> 45725 | B42: ='16U BOYS PLATINUM-19 TEAMS'!B62 -> 0.33333333 | C42: ='16U BOYS PLATINUM-19 TEAMS'!C62&"" -> MARINA HS | D42: ='16U BOYS PLATINUM-19 TEAMS'!D62&"" -> 16Bpt23 | E42: ='16U BOYS PLATINUM-19 TEAMS'!E62&"" -> J1(2ndD)-NEWPORT | F42: ='16U BOYS PLATINUM-19 TEAMS'!F62&"" -> 9.4 | G42: ='16U BOYS PLATINUM-19 TEAMS'!G62&"" -> J3(2ndF)-TROJAN | H42: ='16U BOYS PLATINUM-19 TEAMS'!H62&"" -> 9.3 | I42: ='16U BOYS PLATINUM-19 TEAMS'!I62&"" -> bracket J1,J3 | J42: ='16U BOYS PLATINUM-19 TEAMS'!J62&"" -> 16U_BOYS_PLATINUM
A43: ='16U BOYS PLATINUM-19 TEAMS'!A52 -> 45725 | B43: ='16U BOYS PLATINUM-19 TEAMS'!B52 -> 0.375 | C43: ='16U BOYS PLATINUM-19 TEAMS'!C52&"" -> WESTMINSTER HS | D43: ='16U BOYS PLATINUM-19 TEAMS'!D52&"" -> 16Bpt24 | E43: ='16U BOYS PLATINUM-19 TEAMS'!E52&"" -> I1(2ndA)-NORTH IRVINE BLACK | F43: ='16U BOYS PLATINUM-19 TEAMS'!F52&"" -> 10 | G43: ='16U BOYS PLATINUM-19 TEAMS'!G52&"" -> I3(2ndC)-LA JOLLA UNITED NAVY | H43: ='16U BOYS PLATINUM-19 TEAMS'!H52&"" -> 15 | I43: ='16U BOYS PLATINUM-19 TEAMS'!I52&"" -> I bracket I1,I3 (2A,2C) | J43: ='16U BOYS PLATINUM-19 TEAMS'!J52&"" -> 16U_BOYS_PLATINUM
A44: ='16U BOYS PLATINUM-19 TEAMS'!A63 -> 45725 | B44: ='16U BOYS PLATINUM-19 TEAMS'!B63 -> 0.375 | C44: ='16U BOYS PLATINUM-19 TEAMS'!C63&"" -> MARINA HS | D44: ='16U BOYS PLATINUM-19 TEAMS'!D63&"" -> 16Bpt25 | E44: ='16U BOYS PLATINUM-19 TEAMS'!E63&"" -> K1(3rdA)-DIABLO RED | F44: ='16U BOYS PLATINUM-19 TEAMS'!F63&"" -> 8 | G44: ='16U BOYS PLATINUM-19 TEAMS'!G63&"" -> K3(3rdC)-CHAWP | H44: ='16U BOYS PLATINUM-19 TEAMS'!H63&"" -> 7 | I44: ='16U BOYS PLATINUM-19 TEAMS'!I63&"" -> bracket K1,K3 | J44: ='16U BOYS PLATINUM-19 TEAMS'!J63&"" -> 16U_BOYS_PLATINUM
A45: ='16U BOYS PLATINUM-19 TEAMS'!A53 -> 45725 | B45: ='16U BOYS PLATINUM-19 TEAMS'!B53 -> 0.41666667 | C45: ='16U BOYS PLATINUM-19 TEAMS'!C53&"" -> WESTMINSTER HS | D45: ='16U BOYS PLATINUM-19 TEAMS'!D53&"" -> 16Bpt26 | E45: ='16U BOYS PLATINUM-19 TEAMS'!E53&"" -> G2(1stB)-CHANNEL ISLANDS UNITED GOLD | F45: ='16U BOYS PLATINUM-19 TEAMS'!F53&"" -> 11 | G45: ='16U BOYS PLATINUM-19 TEAMS'!G53&"" -> G3(1stC)-STANFORD | H45: ='16U BOYS PLATINUM-19 TEAMS'!H53&"" -> 12 | I45: ='16U BOYS PLATINUM-19 TEAMS'!I53&"" -> G bracket G2,G3 (1B,1C) | J45: ='16U BOYS PLATINUM-19 TEAMS'!J53&"" -> 16U_BOYS_PLATINUM
A46: ='16U BOYS PLATINUM-19 TEAMS'!A64 -> 45725 | B46: ='16U BOYS PLATINUM-19 TEAMS'!B64 -> 0.41666667 | C46: ='16U BOYS PLATINUM-19 TEAMS'!C64&"" -> MARINA HS | D46: ='16U BOYS PLATINUM-19 TEAMS'!D64&"" -> 16Bpt27 | E46: ='16U BOYS PLATINUM-19 TEAMS'!E64&"" -> L1(3rdD)-PATRIOT | F46: ='16U BOYS PLATINUM-19 TEAMS'!F64&"" -> 12 | G46: ='16U BOYS PLATINUM-19 TEAMS'!G64&"" -> L4(4thF)-FOOTHILL RED | H46: ='16U BOYS PLATINUM-19 TEAMS'!H64&"" -> 11 | I46: ='16U BOYS PLATINUM-19 TEAMS'!I64&"" -> W/L L1/L4 | J46: ='16U BOYS PLATINUM-19 TEAMS'!J64&"" -> 16U_BOYS_PLATINUM
A47: ='16U BOYS PLATINUM-19 TEAMS'!A54 -> 45725 | B47: ='16U BOYS PLATINUM-19 TEAMS'!B54 -> 0.45833333 | C47: ='16U BOYS PLATINUM-19 TEAMS'!C54&"" -> WESTMINSTER HS | D47: ='16U BOYS PLATINUM-19 TEAMS'!D54&"" -> 16Bpt28 | E47: ='16U BOYS PLATINUM-19 TEAMS'!E54&"" -> H1(1stD)-CC UNITED BLACK | F47: ='16U BOYS PLATINUM-19 TEAMS'!F54&"" -> 11 | G47: ='16U BOYS PLATINUM-19 TEAMS'!G54&"" -> H2(1stE)-MISSION | H47: ='16U BOYS PLATINUM-19 TEAMS'!H54&"" -> 7 | I47: ='16U BOYS PLATINUM-19 TEAMS'!I54&"" -> H bracket H1,H2 (1D.1E) | J47: ='16U BOYS PLATINUM-19 TEAMS'!J54&"" -> 16U_BOYS_PLATINUM
A48: ='16U BOYS PLATINUM-19 TEAMS'!A65 -> 45725 | B48: ='16U BOYS PLATINUM-19 TEAMS'!B65 -> 0.45833333 | C48: ='16U BOYS PLATINUM-19 TEAMS'!C65&"" -> MARINA HS | D48: ='16U BOYS PLATINUM-19 TEAMS'!D65&"" -> 16Bpt29 | E48: ='16U BOYS PLATINUM-19 TEAMS'!E65&"" -> L2(3rdE)-VANGUARD BLUE | F48: ='16U BOYS PLATINUM-19 TEAMS'!F65&"" -> 13 | G48: ='16U BOYS PLATINUM-19 TEAMS'!G65&"" -> L3(3rdF)-TEXAS THUINDER | H48: ='16U BOYS PLATINUM-19 TEAMS'!H65&"" -> 12 | I48: ='16U BOYS PLATINUM-19 TEAMS'!I65&"" -> W/L L2/L3 | J48: ='16U BOYS PLATINUM-19 TEAMS'!J65&"" -> 16U_BOYS_PLATINUM
A49: ='16U BOYS PLATINUM-19 TEAMS'!A55 -> 45725 | B49: ='16U BOYS PLATINUM-19 TEAMS'!B55 -> 0.5 | C49: ='16U BOYS PLATINUM-19 TEAMS'!C55&"" -> WESTMINSTER HS | D49: ='16U BOYS PLATINUM-19 TEAMS'!D55&"" -> 16Bpt30 | E49: ='16U BOYS PLATINUM-19 TEAMS'!E55&"" -> I2(2ndB)-ORANGE COUNTY WPC BLUE | F49: ='16U BOYS PLATINUM-19 TEAMS'!F55&"" -> 10 | G49: ='16U BOYS PLATINUM-19 TEAMS'!G55&"" -> I3(2ndC)-LA JOLLA UNITED NAVY | H49: ='16U BOYS PLATINUM-19 TEAMS'!H55&"" -> 14 | I49: ='16U BOYS PLATINUM-19 TEAMS'!I55&"" -> I bracket I2,I3 (2B,2C) | J49: ='16U BOYS PLATINUM-19 TEAMS'!J55&"" -> 16U_BOYS_PLATINUM
A50: ='16U BOYS PLATINUM-19 TEAMS'!A66 -> 45725 | B50: ='16U BOYS PLATINUM-19 TEAMS'!B66 -> 0.5 | C50: ='16U BOYS PLATINUM-19 TEAMS'!C66&"" -> MARINA HS | D50: ='16U BOYS PLATINUM-19 TEAMS'!D66&"" -> 16Bpt31 | E50: ='16U BOYS PLATINUM-19 TEAMS'!E66&"" -> J2(2ndE)-ATHERTON | F50: ='16U BOYS PLATINUM-19 TEAMS'!F66&"" -> 14 | G50: ='16U BOYS PLATINUM-19 TEAMS'!G66&"" -> J3(2ndF)-TROJAN | H50: ='16U BOYS PLATINUM-19 TEAMS'!H66&"" -> 9 | I50: ='16U BOYS PLATINUM-19 TEAMS'!I66&"" -> bracket J2,J3 | J50: ='16U BOYS PLATINUM-19 TEAMS'!J66&"" -> 16U_BOYS_PLATINUM
A51: ='16U BOYS PLATINUM-19 TEAMS'!A56 -> 45725 | B51: ='16U BOYS PLATINUM-19 TEAMS'!B56 -> 0.54166667 | C51: ='16U BOYS PLATINUM-19 TEAMS'!C56&"" -> WESTMINSTER HS | D51: ='16U BOYS PLATINUM-19 TEAMS'!D56&"" -> 16Bpt32 | E51: ='16U BOYS PLATINUM-19 TEAMS'!E56&"" -> G1(1stA)-DEL MAR | F51: ='16U BOYS PLATINUM-19 TEAMS'!F56&"" -> 14 | G51: ='16U BOYS PLATINUM-19 TEAMS'!G56&"" -> G2(1stB)-CHANNEL ISLANDS UNITED GOLD | H51: ='16U BOYS PLATINUM-19 TEAMS'!H56&"" -> 8 | I51: ='16U BOYS PLATINUM-19 TEAMS'!I56&"" -> G bracket G1,G2 (1A,1B) | J51: ='16U BOYS PLATINUM-19 TEAMS'!J56&"" -> 16U_BOYS_PLATINUM
A52: ='16U BOYS PLATINUM-19 TEAMS'!A67 -> 45725 | B52: ='16U BOYS PLATINUM-19 TEAMS'!B67 -> 0.54166667 | C52: ='16U BOYS PLATINUM-19 TEAMS'!C67&"" -> MARINA HS | D52: ='16U BOYS PLATINUM-19 TEAMS'!D67&"" -> 16Bpt33 | E52: ='16U BOYS PLATINUM-19 TEAMS'!E67&"" -> K2(3rdB)-ROSE BOWL RED | F52: ='16U BOYS PLATINUM-19 TEAMS'!F67&"" -> 19 | G52: ='16U BOYS PLATINUM-19 TEAMS'!G67&"" -> K3(3rdC)-CHAWP | H52: ='16U BOYS PLATINUM-19 TEAMS'!H67&"" -> 15 | I52: ='16U BOYS PLATINUM-19 TEAMS'!I67&"" -> bracket K2,K3 | J52: ='16U BOYS PLATINUM-19 TEAMS'!J67&"" -> 16U_BOYS_PLATINUM
A53: ='16U BOYS PLATINUM-19 TEAMS'!A57 -> 45725 | B53: ='16U BOYS PLATINUM-19 TEAMS'!B57 -> 0.58333333 | C53: ='16U BOYS PLATINUM-19 TEAMS'!C57&"" -> WESTMINSTER HS | D53: ='16U BOYS PLATINUM-19 TEAMS'!D57&"" -> 16Bpt34 | E53: ='16U BOYS PLATINUM-19 TEAMS'!E57&"" -> I1(2ndA)-NORTH IRVINE BLACK | F53: ='16U BOYS PLATINUM-19 TEAMS'!F57&"" -> 11 | G53: ='16U BOYS PLATINUM-19 TEAMS'!G57&"" -> I2(2ndB)-ORANGE COUNTY WPC BLUE | H53: ='16U BOYS PLATINUM-19 TEAMS'!H57&"" -> 10 | I53: ='16U BOYS PLATINUM-19 TEAMS'!I57&"" -> I bracket I1,I2 (2A,2B) | J53: ='16U BOYS PLATINUM-19 TEAMS'!J57&"" -> 16U_BOYS_PLATINUM
A54: ='16U BOYS PLATINUM-19 TEAMS'!A68 -> 45725 | B54: ='16U BOYS PLATINUM-19 TEAMS'!B68 -> 0.58333333 | C54: ='16U BOYS PLATINUM-19 TEAMS'!C68&"" -> MARINA HS | D54: ='16U BOYS PLATINUM-19 TEAMS'!D68&"" -> 16Bpt35 | E54: ='16U BOYS PLATINUM-19 TEAMS'!E68&"" -> PATRIOT | F54: ='16U BOYS PLATINUM-19 TEAMS'!F68&"" -> 12 | G54: ='16U BOYS PLATINUM-19 TEAMS'!G68&"" -> L#29-TEXAS THUINDER | H54: ='16U BOYS PLATINUM-19 TEAMS'!H68&"" -> 11 | I54: ='16U BOYS PLATINUM-19 TEAMS'!I68&"" -> 3rd/4thL | J54: ='16U BOYS PLATINUM-19 TEAMS'!J68&"" -> 16U_BOYS_PLATINUM
A55: ='16U BOYS PLATINUM-19 TEAMS'!A58 -> 45725 | B55: ='16U BOYS PLATINUM-19 TEAMS'!B58 -> 0.625 | C55: ='16U BOYS PLATINUM-19 TEAMS'!C58&"" -> WESTMINSTER HS | D55: ='16U BOYS PLATINUM-19 TEAMS'!D58&"" -> 16Bpt36 | E55: ='16U BOYS PLATINUM-19 TEAMS'!E58&"" -> P1(3rdG)-CHANNEL ISLANDS UNITED GOLD | F55: ='16U BOYS PLATINUM-19 TEAMS'!F58&"" -> 10 | G55: ='16U BOYS PLATINUM-19 TEAMS'!G58&"" -> P2(3rdH)-SD SHORES BLACK | H55: ='16U BOYS PLATINUM-19 TEAMS'!H58&"" -> 12 | I55: ='16U BOYS PLATINUM-19 TEAMS'!I58&"" -> 5th 3G/3H | J55: ='16U BOYS PLATINUM-19 TEAMS'!J58&"" -> 16U_BOYS_PLATINUM
A56: ='16U BOYS PLATINUM-19 TEAMS'!A69 -> 45725 | B56: ='16U BOYS PLATINUM-19 TEAMS'!B69 -> 0.625 | C56: ='16U BOYS PLATINUM-19 TEAMS'!C69&"" -> MARINA HS | D56: ='16U BOYS PLATINUM-19 TEAMS'!D69&"" -> 16Bpt37 | E56: ='16U BOYS PLATINUM-19 TEAMS'!E69&"" -> FOOTHILL RED | F56: ='16U BOYS PLATINUM-19 TEAMS'!F69&"" -> 8 | G56: ='16U BOYS PLATINUM-19 TEAMS'!G69&"" -> W#29-VANGUARD BLUE | H56: ='16U BOYS PLATINUM-19 TEAMS'!H69&"" -> 12 | I56: ='16U BOYS PLATINUM-19 TEAMS'!I69&"" -> 1st/2ndL | J56: ='16U BOYS PLATINUM-19 TEAMS'!J69&"" -> 16U_BOYS_PLATINUM
A57: ='16U BOYS PLATINUM-19 TEAMS'!A59 -> 45725 | B57: ='16U BOYS PLATINUM-19 TEAMS'!B59 -> 0.66666667 | C57: ='16U BOYS PLATINUM-19 TEAMS'!C59&"" -> WESTMINSTER HS | D57: ='16U BOYS PLATINUM-19 TEAMS'!D59&"" -> 16Bpt38 | E57: ='16U BOYS PLATINUM-19 TEAMS'!E59&"" -> N1(2ndG)-DEL MAR | F57: ='16U BOYS PLATINUM-19 TEAMS'!F59&"" -> 11 | G57: ='16U BOYS PLATINUM-19 TEAMS'!G59&"" -> N2(2ndH)-MISSION | H57: ='16U BOYS PLATINUM-19 TEAMS'!H59&"" -> 8 | I57: ='16U BOYS PLATINUM-19 TEAMS'!I59&"" -> 3rd 2G/2H | J57: ='16U BOYS PLATINUM-19 TEAMS'!J59&"" -> 16U_BOYS_PLATINUM
A58: ='16U BOYS PLATINUM-19 TEAMS'!A70 -> 45725 | B58: ='16U BOYS PLATINUM-19 TEAMS'!B70 -> 0.66666667 | C58: ='16U BOYS PLATINUM-19 TEAMS'!C70&"" -> MARINA HS | D58: ='16U BOYS PLATINUM-19 TEAMS'!D70&"" -> 16Bpt39 | E58: ='16U BOYS PLATINUM-19 TEAMS'!E70&"" -> J1(2ndD)-NEWPORT | F58: ='16U BOYS PLATINUM-19 TEAMS'!F70&"" -> 9 | G58: ='16U BOYS PLATINUM-19 TEAMS'!G70&"" -> J2(2ndE)-ATHERTON | H58: ='16U BOYS PLATINUM-19 TEAMS'!H70&"" -> 10 | I58: ='16U BOYS PLATINUM-19 TEAMS'!I70&"" -> bracket J1,J2 | J58: ='16U BOYS PLATINUM-19 TEAMS'!J70&"" -> 16U_BOYS_PLATINUM
A59: ='16U BOYS PLATINUM-19 TEAMS'!A60 -> 45725 | B59: ='16U BOYS PLATINUM-19 TEAMS'!B60 -> 0.70833333 | C59: ='16U BOYS PLATINUM-19 TEAMS'!C60&"" -> WESTMINSTER HS | D59: ='16U BOYS PLATINUM-19 TEAMS'!D60&"" -> 16Bpt40 | E59: ='16U BOYS PLATINUM-19 TEAMS'!E60&"" -> O1(1stG)-STANFORD | F59: ='16U BOYS PLATINUM-19 TEAMS'!F60&"" -> 11 | G59: ='16U BOYS PLATINUM-19 TEAMS'!G60&"" -> O2(1stH)-CC UNITED BLACK | H59: ='16U BOYS PLATINUM-19 TEAMS'!H60&"" -> 14 | I59: ='16U BOYS PLATINUM-19 TEAMS'!I60&"" -> 1st 1G/1H | J59: ='16U BOYS PLATINUM-19 TEAMS'!J60&"" -> 16U_BOYS_PLATINUM
A60: ='16U BOYS PLATINUM-19 TEAMS'!A71 -> 45725 | B60: ='16U BOYS PLATINUM-19 TEAMS'!B71 -> 0.70833333 | C60: ='16U BOYS PLATINUM-19 TEAMS'!C71&"" -> MARINA HS | D60: ='16U BOYS PLATINUM-19 TEAMS'!D71&"" -> 16Bpt41 | E60: ='16U BOYS PLATINUM-19 TEAMS'!E71&"" -> K1(3rdA)-DIABLO RED | F60: ='16U BOYS PLATINUM-19 TEAMS'!F71&"" -> 14 | G60: ='16U BOYS PLATINUM-19 TEAMS'!G71&"" -> K2(3rdB)-ROSE BOWL RED | H60: ='16U BOYS PLATINUM-19 TEAMS'!H71&"" -> 13 | I60: ='16U BOYS PLATINUM-19 TEAMS'!I71&"" -> bracket K1,K2 | J60: ='16U BOYS PLATINUM-19 TEAMS'!J71&"" -> 16U_BOYS_PLATINUM
A61: ='18U BOYS-24 TEAMS'!A27 -> 45724 | B61: ='18U BOYS-24 TEAMS'!B27 -> 0.33333333 | C61: ='18U BOYS-24 TEAMS'!C27&"" -> EL TORO HS | D61: ='18U BOYS-24 TEAMS'!D27&"" -> 18B01 | E61: ='18U BOYS-24 TEAMS'!E27&"" -> 5-CC UNITED | F61: ='18U BOYS-24 TEAMS'!F27&"" -> 12 | G61: ='18U BOYS-24 TEAMS'!G27&"" -> 20-FOOTHILL RED | H61: ='18U BOYS-24 TEAMS'!H27&"" -> 7 | I61: ='18U BOYS-24 TEAMS'!I27&"" -> W/L C1/C4 | J61: ='18U BOYS-24 TEAMS'!J27&"" -> 18U_BOYS
A62: ='18U BOYS-24 TEAMS'!A42 -> 45724 | B62: ='18U BOYS-24 TEAMS'!B42 -> 0.33333333 | C62: ='18U BOYS-24 TEAMS'!C42&"" -> MARINA HS | D62: ='18U BOYS-24 TEAMS'!D42&"" -> 18B02 | E62: ='18U BOYS-24 TEAMS'!E42&"" -> 2-NORTH IRVINE BEAST BOYS | F62: ='18U BOYS-24 TEAMS'!F42&"" -> 18 | G62: ='18U BOYS-24 TEAMS'!G42&"" -> 23-TEXAS THUNDER | H62: ='18U BOYS-24 TEAMS'!H42&"" -> 7 | I62: ='18U BOYS-24 TEAMS'!I42&"" -> W/L D1/D4 | J62: ='18U BOYS-24 TEAMS'!J42&"" -> 18U_BOYS
A63: ='18U BOYS-24 TEAMS'!A28 -> 45724 | B63: ='18U BOYS-24 TEAMS'!B28 -> 0.375 | C63: ='18U BOYS-24 TEAMS'!C28&"" -> EL TORO HS | D63: ='18U BOYS-24 TEAMS'!D28&"" -> 18B03 | E63: ='18U BOYS-24 TEAMS'!E28&"" -> 8-SD SHORES BLACK | F63: ='18U BOYS-24 TEAMS'!F28&"" -> 12 | G63: ='18U BOYS-24 TEAMS'!G28&"" -> 17-CHAWP | H63: ='18U BOYS-24 TEAMS'!H28&"" -> 11 | I63: ='18U BOYS-24 TEAMS'!I28&"" -> W/L C2/C3 | J63: ='18U BOYS-24 TEAMS'!J28&"" -> 18U_BOYS
A64: ='18U BOYS-24 TEAMS'!A43 -> 45724 | B64: ='18U BOYS-24 TEAMS'!B43 -> 0.375 | C64: ='18U BOYS-24 TEAMS'!C43&"" -> MARINA HS | D64: ='18U BOYS-24 TEAMS'!D43&"" -> 18B04 | E64: ='18U BOYS-24 TEAMS'!E43&"" -> 11-STANFORD | F64: ='18U BOYS-24 TEAMS'!F43&"" -> 14 | G64: ='18U BOYS-24 TEAMS'!G43&"" -> 14-LA JOLLA UNITED NAVY | H64: ='18U BOYS-24 TEAMS'!H43&"" -> 6 | I64: ='18U BOYS-24 TEAMS'!I43&"" -> W/L D2/D3 | J64: ='18U BOYS-24 TEAMS'!J43&"" -> 18U_BOYS
A65: ='18U BOYS-24 TEAMS'!A44 -> 45724 | B65: ='18U BOYS-24 TEAMS'!B44 -> 0.375 | C65: ='18U BOYS-24 TEAMS'!C44&"" -> TUSTIN HS | D65: ='18U BOYS-24 TEAMS'!D44&"" -> 18B08 | E65: ='18U BOYS-24 TEAMS'!E44&"" -> 10-SOCAL BLACK | F65: ='18U BOYS-24 TEAMS'!F44&"" -> 14 | G65: ='18U BOYS-24 TEAMS'!G44&"" -> 15-DIABLO RED | H65: ='18U BOYS-24 TEAMS'!H44&"" -> 6 | I65: ='18U BOYS-24 TEAMS'!I44&"" -> W/L E2/E3 | J65: ='18U BOYS-24 TEAMS'!J45&"" -> 18U_BOYS
A66: ='18U BOYS-24 TEAMS'!A29 -> 45724 | B66: ='18U BOYS-24 TEAMS'!B29 -> 0.41666667 | C66: ='18U BOYS-24 TEAMS'!C29&"" -> EL TORO HS | D66: ='18U BOYS-24 TEAMS'!D29&"" -> 18B05 | E66: ='18U BOYS-24 TEAMS'!E29&"" -> 1-LAMORINDA | F66: ='18U BOYS-24 TEAMS'!F29&"" -> 19 | G66: ='18U BOYS-24 TEAMS'!G29&"" -> 24-NORTH IRVINE VEGAS | H66: ='18U BOYS-24 TEAMS'!H29&"" -> 8 | I66: ='18U BOYS-24 TEAMS'!I29&"" -> W/L A1/A4 | J66: ='18U BOYS-24 TEAMS'!J29&"" -> 18U_BOYS
A67: ='18U BOYS-24 TEAMS'!A45 -> 45724 | B67: ='18U BOYS-24 TEAMS'!B45 -> 0.41666667 | C67: ='18U BOYS-24 TEAMS'!C45&"" -> TUSTIN HS | D67: ='18U BOYS-24 TEAMS'!D45&"" -> 18B06 | E67: ='18U BOYS-24 TEAMS'!E45&"" -> 3-DEL MAR | F67: ='18U BOYS-24 TEAMS'!F45&"" -> 13 | G67: ='18U BOYS-24 TEAMS'!G45&"" -> 22-ROSE BOWL RED | H67: ='18U BOYS-24 TEAMS'!H45&"" -> 5 | I67: ='18U BOYS-24 TEAMS'!I45&"" -> W/L E1/E4 | J67: ='18U BOYS-24 TEAMS'!J44&"" -> 18U_BOYS
A68: ='18U BOYS-24 TEAMS'!A30 -> 45724 | B68: ='18U BOYS-24 TEAMS'!B30 -> 0.41666667 | C68: ='18U BOYS-24 TEAMS'!C30&"" -> MARINA HS | D68: ='18U BOYS-24 TEAMS'!D30&"" -> 18B11 | E68: ='18U BOYS-24 TEAMS'!E30&"" -> 9-SAN FRANCISCO | F68: ='18U BOYS-24 TEAMS'!F30&"" -> 13 | G68: ='18U BOYS-24 TEAMS'!G30&"" -> 16-IMPERIAL BLUE | H68: ='18U BOYS-24 TEAMS'!H30&"" -> 12 | I68: ='18U BOYS-24 TEAMS'!I30&"" -> W/L B2/B3 | J68: ='18U BOYS-24 TEAMS'!J30&"" -> 18U_BOYS
A69: ='18U BOYS-24 TEAMS'!A31 -> 45724 | B69: ='18U BOYS-24 TEAMS'!B31 -> 0.45833333 | C69: ='18U BOYS-24 TEAMS'!C31&"" -> EL TORO HS | D69: ='18U BOYS-24 TEAMS'!D31&"" -> 18B07 | E69: ='18U BOYS-24 TEAMS'!E31&"" -> 12-LA PREMIER | F69: ='18U BOYS-24 TEAMS'!F31&"" -> 8 | G69: ='18U BOYS-24 TEAMS'!G31&"" -> 13-VANGUARD BLUE | H69: ='18U BOYS-24 TEAMS'!H31&"" -> 13 | I69: ='18U BOYS-24 TEAMS'!I31&"" -> W/L A2/A3 | J69: ='18U BOYS-24 TEAMS'!J31&"" -> 18U_BOYS
A70: ='18U BOYS-24 TEAMS'!A32 -> 45724 | B70: ='18U BOYS-24 TEAMS'!B32 -> 0.45833333 | C70: ='18U BOYS-24 TEAMS'!C32&"" -> WESTMINSTER HS | D70: ='18U BOYS-24 TEAMS'!D32&"" -> 18B09 | E70: ='18U BOYS-24 TEAMS'!E32&"" -> 4-NEWPORT | F70: ='18U BOYS-24 TEAMS'!F32&"" -> 10 | G70: ='18U BOYS-24 TEAMS'!G32&"" -> 21-ORANGE COUNTY WPC BLUE | H70: ='18U BOYS-24 TEAMS'!H32&"" -> 5 | I70: ='18U BOYS-24 TEAMS'!I32&"" -> W/L B1/B4 | J70: ='18U BOYS-24 TEAMS'!J32&"" -> 18U_BOYS
A71: ='18U BOYS-24 TEAMS'!A46 -> 45724 | B71: ='18U BOYS-24 TEAMS'!B46 -> 0.45833333 | C71: ='18U BOYS-24 TEAMS'!C46&"" -> TUSTIN HS | D71: ='18U BOYS-24 TEAMS'!D46&"" -> 18B10 | E71: ='18U BOYS-24 TEAMS'!E46&"" -> 6-CHANNEL ISLANDS UNITED GOLD | F71: ='18U BOYS-24 TEAMS'!F46&"" -> 10 | G71: ='18U BOYS-24 TEAMS'!G46&"" -> 19-MONARCHY | H71: ='18U BOYS-24 TEAMS'!H46&"" -> 4 | I71: ='18U BOYS-24 TEAMS'!I46&"" -> W/L F1/F4 | J71: ='18U BOYS-24 TEAMS'!J46&"" -> 18U_BOYS
A72: ='18U BOYS-24 TEAMS'!A47 -> 45724 | B72: ='18U BOYS-24 TEAMS'!B47 -> 0.5 | C72: ='18U BOYS-24 TEAMS'!C47&"" -> TUSTIN HS | D72: ='18U BOYS-24 TEAMS'!D47&"" -> 18B12 | E72: ='18U BOYS-24 TEAMS'!E47&"" -> 7-TROJAN | F72: ='18U BOYS-24 TEAMS'!F47&"" -> 12 | G72: ='18U BOYS-24 TEAMS'!G47&"" -> 18-PATRIOT | H72: ='18U BOYS-24 TEAMS'!H47&"" -> 10 | I72: ='18U BOYS-24 TEAMS'!I47&"" -> W/L F2/F3 | J72: ='18U BOYS-24 TEAMS'!J47&"" -> 18U_BOYS
A73: ='18U BOYS-24 TEAMS'!A33 -> 45724 | B73: ='18U BOYS-24 TEAMS'!B33 -> 0.5 | C73: ='18U BOYS-24 TEAMS'!C33&"" -> EL TORO HS | D73: ='18U BOYS-24 TEAMS'!D33&"" -> 18B13 | E73: ='18U BOYS-24 TEAMS'!E33&"" -> L#1-FOOTHILL RED | F73: ='18U BOYS-24 TEAMS'!F33&"" -> 6 | G73: ='18U BOYS-24 TEAMS'!G33&"" -> L#3-CHAWP | H73: ='18U BOYS-24 TEAMS'!H33&"" -> 11 | I73: ='18U BOYS-24 TEAMS'!I33&"" -> 3rd/4thC | J73: ='18U BOYS-24 TEAMS'!J33&"" -> 18U_BOYS
A74: ='18U BOYS-24 TEAMS'!A48 -> 45724 | B74: ='18U BOYS-24 TEAMS'!B48 -> 0.54166667 | C74: ='18U BOYS-24 TEAMS'!C48&"" -> TUSTIN HS | D74: ='18U BOYS-24 TEAMS'!D48&"" -> 18B14 | E74: ='18U BOYS-24 TEAMS'!E48&"" -> L#2-TEXAS THUNDER | F74: ='18U BOYS-24 TEAMS'!F48&"" -> 5.5 | G74: ='18U BOYS-24 TEAMS'!G48&"" -> L#4-LA JOLLA UNITED NAVY | H74: ='18U BOYS-24 TEAMS'!H48&"" -> 5.4 | I74: ='18U BOYS-24 TEAMS'!I48&"" -> 3rd/4thD | J74: ='18U BOYS-24 TEAMS'!J48&"" -> 18U_BOYS
A75: ='18U BOYS-24 TEAMS'!A34 -> 45724 | B75: ='18U BOYS-24 TEAMS'!B34 -> 0.54166667 | C75: ='18U BOYS-24 TEAMS'!C34&"" -> EL TORO HS | D75: ='18U BOYS-24 TEAMS'!D34&"" -> 18B15 | E75: ='18U BOYS-24 TEAMS'!E34&"" -> W#1-CC UNITED | F75: ='18U BOYS-24 TEAMS'!F34&"" -> 14 | G75: ='18U BOYS-24 TEAMS'!G34&"" -> W#3-SD SHORES BLACK | H75: ='18U BOYS-24 TEAMS'!H34&"" -> 12 | I75: ='18U BOYS-24 TEAMS'!I34&"" -> 1st/2ndC | J75: ='18U BOYS-24 TEAMS'!J34&"" -> 18U_BOYS
A76: ='18U BOYS-24 TEAMS'!A49 -> 45724 | B76: ='18U BOYS-24 TEAMS'!B49 -> 0.58333333 | C76: ='18U BOYS-24 TEAMS'!C49&"" -> TUSTIN HS | D76: ='18U BOYS-24 TEAMS'!D49&"" -> 18B16 | E76: ='18U BOYS-24 TEAMS'!E49&"" -> W#2-NORTH IRVINE BEAST BOYS | F76: ='18U BOYS-24 TEAMS'!F49&"" -> 10 | G76: ='18U BOYS-24 TEAMS'!G49&"" -> W#4-STANFORD | H76: ='18U BOYS-24 TEAMS'!H49&"" -> 13 | I76: ='18U BOYS-24 TEAMS'!I49&"" -> 1st/2ndD | J76: ='18U BOYS-24 TEAMS'!J49&"" -> 18U_BOYS
A77: ='18U BOYS-24 TEAMS'!A35 -> 45724 | B77: ='18U BOYS-24 TEAMS'!B35 -> 0.58333333 | C77: ='18U BOYS-24 TEAMS'!C35&"" -> EL TORO HS | D77: ='18U BOYS-24 TEAMS'!D35&"" -> 18B17 | E77: ='18U BOYS-24 TEAMS'!E35&"" -> L#5-NORTH IRVINE VEGAS | F77: ='18U BOYS-24 TEAMS'!F35&"" -> 8 | G77: ='18U BOYS-24 TEAMS'!G35&"" -> L#7-LA PREMIER | H77: ='18U BOYS-24 TEAMS'!H35&"" -> 9 | I77: ='18U BOYS-24 TEAMS'!I35&"" -> 3rd/4thA | J77: ='18U BOYS-24 TEAMS'!J35&"" -> 18U_BOYS
A78: ='18U BOYS-24 TEAMS'!A36 -> 45724 | B78: ='18U BOYS-24 TEAMS'!B36 -> 0.625 | C78: ='18U BOYS-24 TEAMS'!C36&"" -> EL TORO HS | D78: ='18U BOYS-24 TEAMS'!D36&"" -> 18B19 | E78: ='18U BOYS-24 TEAMS'!E36&"" -> W#5-LAMORINDA | F78: ='18U BOYS-24 TEAMS'!F36&"" -> 12 | G78: ='18U BOYS-24 TEAMS'!G36&"" -> W#7-VANGUARD BLUE | H78: ='18U BOYS-24 TEAMS'!H36&"" -> 5 | I78: ='18U BOYS-24 TEAMS'!I36&"" -> 1st/2ndA | J78: ='18U BOYS-24 TEAMS'!J36&"" -> 18U_BOYS
A79: ='18U BOYS-24 TEAMS'!A50 -> 45724 | B79: ='18U BOYS-24 TEAMS'!B50 -> 0.625 | C79: ='18U BOYS-24 TEAMS'!C50&"" -> TUSTIN HS | D79: ='18U BOYS-24 TEAMS'!D50&"" -> 18B20 | E79: ='18U BOYS-24 TEAMS'!E50&"" -> W#6-DEL MAR | F79: ='18U BOYS-24 TEAMS'!F50&"" -> 10 | G79: ='18U BOYS-24 TEAMS'!G50&"" -> W#8-SOCAL BLACK | H79: ='18U BOYS-24 TEAMS'!H50&"" -> 9 | I79: ='18U BOYS-24 TEAMS'!I50&"" -> 1st/2nd E | J79: ='18U BOYS-24 TEAMS'!J50&"" -> 18U_BOYS
A80: ='18U BOYS-24 TEAMS'!A37 -> 45724 | B80: ='18U BOYS-24 TEAMS'!B37 -> 0.66666667 | C80: ='18U BOYS-24 TEAMS'!C37&"" -> EL TORO HS | D80: ='18U BOYS-24 TEAMS'!D37&"" -> 18B21 | E80: ='18U BOYS-24 TEAMS'!E37&"" -> L#9-ORANGE COUNTY WPC BLUE | F80: ='18U BOYS-24 TEAMS'!F37&"" -> 7 | G80: ='18U BOYS-24 TEAMS'!G37&"" -> L#11-IMPERIAL BLUE | H80: ='18U BOYS-24 TEAMS'!H37&"" -> 11 | I80: ='18U BOYS-24 TEAMS'!I37&"" -> 3rd/4thB | J80: ='18U BOYS-24 TEAMS'!J37&"" -> 18U_BOYS
A81: ='18U BOYS-24 TEAMS'!A52 -> 45724 | B81: ='18U BOYS-24 TEAMS'!B52 -> 0.66666667 | C81: ='18U BOYS-24 TEAMS'!C52&"" -> TUSTIN HS | D81: ='18U BOYS-24 TEAMS'!D52&"" -> 18B22 | E81: ='18U BOYS-24 TEAMS'!E52&"" -> L#10-MONARCHY | F81: ='18U BOYS-24 TEAMS'!F52&"" -> 10.3 | G81: ='18U BOYS-24 TEAMS'!G52&"" -> L#12-PATRIOT | H81: ='18U BOYS-24 TEAMS'!H52&"" -> 10.4 | I81: ='18U BOYS-24 TEAMS'!I52&"" -> 3rd/4th F | J81: ='18U BOYS-24 TEAMS'!J52&"" -> 18U_BOYS
A82: ='18U BOYS-24 TEAMS'!A51 -> 45724 | B82: ='18U BOYS-24 TEAMS'!B51 -> 0.70833333 | C82: ='18U BOYS-24 TEAMS'!C51&"" -> WESTMINSTER HS | D82: ='18U BOYS-24 TEAMS'!D51&"" -> 18B18 | E82: ='18U BOYS-24 TEAMS'!E51&"" -> L#6-ROSE BOWL RED | F82: ='18U BOYS-24 TEAMS'!F51&"" -> 14 | G82: ='18U BOYS-24 TEAMS'!G51&"" -> L#8-DIABLO RED | H82: ='18U BOYS-24 TEAMS'!H51&"" -> 10 | I82: ='18U BOYS-24 TEAMS'!I51&"" -> 3rd/4th E | J82: ='18U BOYS-24 TEAMS'!J51&"" -> 18U_BOYS
A83: ='18U BOYS-24 TEAMS'!A38 -> 45724 | B83: ='18U BOYS-24 TEAMS'!B38 -> 0.70833333 | C83: ='18U BOYS-24 TEAMS'!C38&"" -> EL TORO HS | D83: ='18U BOYS-24 TEAMS'!D38&"" -> 18B23 | E83: ='18U BOYS-24 TEAMS'!E38&"" -> W#9-NEWPORT | F83: ='18U BOYS-24 TEAMS'!F38&"" -> 14 | G83: ='18U BOYS-24 TEAMS'!G38&"" -> W#11-SAN FRANCISCO | H83: ='18U BOYS-24 TEAMS'!H38&"" -> 10 | I83: ='18U BOYS-24 TEAMS'!I38&"" -> 1st/2ndB | J83: ='18U BOYS-24 TEAMS'!J38&"" -> 18U_BOYS
A84: ='18U BOYS-24 TEAMS'!A53 -> 45724 | B84: ='18U BOYS-24 TEAMS'!B53 -> 0.70833333 | C84: ='18U BOYS-24 TEAMS'!C53&"" -> TUSTIN HS | D84: ='18U BOYS-24 TEAMS'!D53&"" -> 18B24 | E84: ='18U BOYS-24 TEAMS'!E53&"" -> W#10-CHANNEL ISLANDS UNITED GOLD | F84: ='18U BOYS-24 TEAMS'!F53&"" -> 9 | G84: ='18U BOYS-24 TEAMS'!G53&"" -> W#12-TROJAN | H84: ='18U BOYS-24 TEAMS'!H53&"" -> 8 | I84: ='18U BOYS-24 TEAMS'!I53&"" -> 1st/2nd F | J84: ='18U BOYS-24 TEAMS'!J53&"" -> 18U_BOYS
A85: ='18U BOYS-24 TEAMS'!A39 -> 45724 | B85: ='18U BOYS-24 TEAMS'!B39 -> 0.75 | C85: ='18U BOYS-24 TEAMS'!C39&"" -> EL TORO HS | D85: ='18U BOYS-24 TEAMS'!D39&"" -> 18B25 | E85: ='18U BOYS-24 TEAMS'!E39&"" -> G1(1stA)-LAMORINDA | F85: ='18U BOYS-24 TEAMS'!F39&"" -> 14 | G85: ='18U BOYS-24 TEAMS'!G39&"" -> G2(1stC)-CC UNITED | H85: ='18U BOYS-24 TEAMS'!H39&"" -> 13 | I85: ='18U BOYS-24 TEAMS'!I39&"" -> G bracket 1A,1C | J85: ='18U BOYS-24 TEAMS'!J39&"" -> 18U_BOYS
A86: ='18U BOYS-24 TEAMS'!A54 -> 45724 | B86: ='18U BOYS-24 TEAMS'!B54 -> 0.75 | C86: ='18U BOYS-24 TEAMS'!C54&"" -> TUSTIN HS | D86: ='18U BOYS-24 TEAMS'!D54&"" -> 18B26 | E86: ='18U BOYS-24 TEAMS'!E54&"" -> H1(1stD)-STANFORD | F86: ='18U BOYS-24 TEAMS'!F54&"" -> 13 | G86: ='18U BOYS-24 TEAMS'!G54&"" -> H2(1stE)-DEL MAR | H86: ='18U BOYS-24 TEAMS'!H54&"" -> 12 | I86: ='18U BOYS-24 TEAMS'!I54&"" -> H bracket 1D/1E | J86: ='18U BOYS-24 TEAMS'!J54&"" -> 18U_BOYS
A87: ='18U BOYS-24 TEAMS'!A58 -> 45725 | B87: ='18U BOYS-24 TEAMS'!B58 -> 0.33333333 | C87: ='18U BOYS-24 TEAMS'!C58&"" -> TUSTIN HS | D87: ='18U BOYS-24 TEAMS'!D58&"" -> 18B27 | E87: ='18U BOYS-24 TEAMS'!E58&"" -> I1(2ndA)-VANGUARD BLUE | F87: ='18U BOYS-24 TEAMS'!F58&"" -> 6 | G87: ='18U BOYS-24 TEAMS'!G58&"" -> I3(2ndC)-SD SHORES BLACK | H87: ='18U BOYS-24 TEAMS'!H58&"" -> 7 | I87: ='18U BOYS-24 TEAMS'!I58&"" -> I bracket I1,I3 | J87: ='18U BOYS-24 TEAMS'!J58&"" -> 18U_BOYS
A88: ='18U BOYS-24 TEAMS'!A69 -> 45725 | B88: ='18U BOYS-24 TEAMS'!B69 -> 0.33333333 | C88: ='18U BOYS-24 TEAMS'!C69&"" -> EL TORO HS | D88: ='18U BOYS-24 TEAMS'!D69&"" -> 18B28 | E88: ='18U BOYS-24 TEAMS'!E69&"" -> L1(3rdD)-TEXAS THUNDER | F88: ='18U BOYS-24 TEAMS'!F69&"" -> 10 | G88: ='18U BOYS-24 TEAMS'!G69&"" -> L3(3rdF)-PATRIOT | H88: ='18U BOYS-24 TEAMS'!H69&"" -> 12 | I88: ='18U BOYS-24 TEAMS'!I69&"" -> L bracket L1,L3 | J88: ='18U BOYS-24 TEAMS'!J69&"" -> 18U_BOYS
A89: ='18U BOYS-24 TEAMS'!A79 -> 45725 | B89: ='18U BOYS-24 TEAMS'!B79 -> 0.33333333 | C89: ='18U BOYS-24 TEAMS'!C79&"" -> ESTANCIA HS | D89: ='18U BOYS-24 TEAMS'!D79&"" -> 18B29 | E89: ='18U BOYS-24 TEAMS'!E79&"" -> M1(4thF)-MONARCHY | F89: ='18U BOYS-24 TEAMS'!F79&"" -> 6 | G89: ='18U BOYS-24 TEAMS'!G79&"" -> M3(4thD)-LA JOLLA UNITED NAVY | H89: ='18U BOYS-24 TEAMS'!H79&"" -> 10 | I89: ='18U BOYS-24 TEAMS'!I79&"" -> 19th-24th M1,M3 | J89: ='18U BOYS-24 TEAMS'!J79&"" -> 18U_BOYS
A90: ='18U BOYS-24 TEAMS'!A59 -> 45725 | B90: ='18U BOYS-24 TEAMS'!B59 -> 0.375 | C90: ='18U BOYS-24 TEAMS'!C59&"" -> TUSTIN HS | D90: ='18U BOYS-24 TEAMS'!D59&"" -> 18B30 | E90: ='18U BOYS-24 TEAMS'!E59&"" -> G1(1stA)-LAMORINDA | F90: ='18U BOYS-24 TEAMS'!F59&"" -> 6 | G90: ='18U BOYS-24 TEAMS'!G59&"" -> G2(1stB)-NEWPORT | H90: ='18U BOYS-24 TEAMS'!H59&"" -> 7 | I90: ='18U BOYS-24 TEAMS'!I59&"" -> G bracket G1,G3 | J90: ='18U BOYS-24 TEAMS'!J59&"" -> 18U_BOYS
A91: ='18U BOYS-24 TEAMS'!A70 -> 45725 | B91: ='18U BOYS-24 TEAMS'!B70 -> 0.375 | C91: ='18U BOYS-24 TEAMS'!C70&"" -> EL TORO HS | D91: ='18U BOYS-24 TEAMS'!D70&"" -> 18B31 | E91: ='18U BOYS-24 TEAMS'!E70&"" -> J1(2ndD)-NORTH IRVINE BEAST BOYS | F91: ='18U BOYS-24 TEAMS'!F70&"" -> 13 | G91: ='18U BOYS-24 TEAMS'!G70&"" -> J3(2ndF)-TROJAN | H91: ='18U BOYS-24 TEAMS'!H70&"" -> 11 | I91: ='18U BOYS-24 TEAMS'!I70&"" -> J bracket J1,J3 | J91: ='18U BOYS-24 TEAMS'!J70&"" -> 18U_BOYS
A92: ='18U BOYS-24 TEAMS'!A80 -> 45725 | B92: ='18U BOYS-24 TEAMS'!B80 -> 0.375 | C92: ='18U BOYS-24 TEAMS'!C80&"" -> ESTANCIA HS | D92: ='18U BOYS-24 TEAMS'!D80&"" -> 18B32 | E92: ='18U BOYS-24 TEAMS'!E80&"" -> N1(4thC)-FOOTHILL RED | F92: ='18U BOYS-24 TEAMS'!F80&"" -> 10 | G92: ='18U BOYS-24 TEAMS'!G80&"" -> N3(4thA)-NORTH IRVINE VEGAS | H92: ='18U BOYS-24 TEAMS'!H80&"" -> 9 | I92: ='18U BOYS-24 TEAMS'!I80&"" -> 19th-24th N1,N3 | J92: ='18U BOYS-24 TEAMS'!J80&"" -> 18U_BOYS
A93: ='18U BOYS-24 TEAMS'!A60 -> 45725 | B93: ='18U BOYS-24 TEAMS'!B60 -> 0.41666667 | C93: ='18U BOYS-24 TEAMS'!C60&"" -> TUSTIN HS | D93: ='18U BOYS-24 TEAMS'!D60&"" -> 18B33 | E93: ='18U BOYS-24 TEAMS'!E60&"" -> H1(1stD)-STANFORD | F93: ='18U BOYS-24 TEAMS'!F60&"" -> 10.3 | G93: ='18U BOYS-24 TEAMS'!G60&"" -> H3(1stF)-CHANNEL ISLANDS UNITED GOLD | H93: ='18U BOYS-24 TEAMS'!H60&"" -> 10.4 | I93: ='18U BOYS-24 TEAMS'!I60&"" -> H bracket H1,H3 | J93: ='18U BOYS-24 TEAMS'!J60&"" -> 18U_BOYS
A94: ='18U BOYS-24 TEAMS'!A71 -> 45725 | B94: ='18U BOYS-24 TEAMS'!B71 -> 0.41666667 | C94: ='18U BOYS-24 TEAMS'!C71&"" -> EL TORO HS | D94: ='18U BOYS-24 TEAMS'!D71&"" -> 18B34 | E94: ='18U BOYS-24 TEAMS'!E71&"" -> K1(3rdA)-LA PREMIER | F94: ='18U BOYS-24 TEAMS'!F71&"" -> 12 | G94: ='18U BOYS-24 TEAMS'!G71&"" -> K3(3rdC)-CHAWP | H94: ='18U BOYS-24 TEAMS'!H71&"" -> 15 | I94: ='18U BOYS-24 TEAMS'!I71&"" -> K bracket K1,K3 | J94: ='18U BOYS-24 TEAMS'!J71&"" -> 18U_BOYS
A95: ='18U BOYS-24 TEAMS'!A81 -> 45725 | B95: ='18U BOYS-24 TEAMS'!B81 -> 0.41666667 | C95: ='18U BOYS-24 TEAMS'!C81&"" -> ESTANCIA HS | D95: ='18U BOYS-24 TEAMS'!D81&"" -> 18B35 | E95: ='18U BOYS-24 TEAMS'!E81&"" -> M2(4thE)-DIABLO RED | F95: ='18U BOYS-24 TEAMS'!F81&"" -> 6 | G95: ='18U BOYS-24 TEAMS'!G81&"" -> M3(4thD)-LA JOLLA UNITED NAVY | H95: ='18U BOYS-24 TEAMS'!H81&"" -> 16 | I95: ='18U BOYS-24 TEAMS'!I81&"" -> 19th-24th M2,M3 | J95: ='18U BOYS-24 TEAMS'!J81&"" -> 18U_BOYS
A96: ='18U BOYS-24 TEAMS'!A61 -> 45725 | B96: ='18U BOYS-24 TEAMS'!B61 -> 0.45833333 | C96: ='18U BOYS-24 TEAMS'!C61&"" -> TUSTIN HS | D96: ='18U BOYS-24 TEAMS'!D61&"" -> 18B36 | E96: ='18U BOYS-24 TEAMS'!E61&"" -> I2(2ndB)-SAN FRANCISCO | F96: ='18U BOYS-24 TEAMS'!F61&"" -> 11 | G96: ='18U BOYS-24 TEAMS'!G61&"" -> I3(2ndC)-SD SHORES BLACK | H96: ='18U BOYS-24 TEAMS'!H61&"" -> 8 | I96: ='18U BOYS-24 TEAMS'!I61&"" -> I bracket I2,I3 | J96: ='18U BOYS-24 TEAMS'!J61&"" -> 18U_BOYS
A97: ='18U BOYS-24 TEAMS'!A72 -> 45725 | B97: ='18U BOYS-24 TEAMS'!B72 -> 0.45833333 | C97: ='18U BOYS-24 TEAMS'!C72&"" -> EL TORO HS | D97: ='18U BOYS-24 TEAMS'!D72&"" -> 18B37 | E97: ='18U BOYS-24 TEAMS'!E72&"" -> L2(3rdE)-ROSE BOWL RED | F97: ='18U BOYS-24 TEAMS'!F72&"" -> 6 | G97: ='18U BOYS-24 TEAMS'!G72&"" -> L3(3rdF)-PATRIOT | H97: ='18U BOYS-24 TEAMS'!H72&"" -> 10 | I97: ='18U BOYS-24 TEAMS'!I72&"" -> L bracket L2,L3 | J97: ='18U BOYS-24 TEAMS'!J72&"" -> 18U_BOYS
A98: ='18U BOYS-24 TEAMS'!A82 -> 45725 | B98: ='18U BOYS-24 TEAMS'!B82 -> 0.45833333 | C98: ='18U BOYS-24 TEAMS'!C82&"" -> ESTANCIA HS | D98: ='18U BOYS-24 TEAMS'!D82&"" -> 18B38 | E98: ='18U BOYS-24 TEAMS'!E82&"" -> N2(4thB)-ORANGE COUNTY WPC BLUE | F98: ='18U BOYS-24 TEAMS'!F82&"" -> 10 | G98: ='18U BOYS-24 TEAMS'!G82&"" -> N3(4thA)-NORTH IRVINE VEGAS | H98: ='18U BOYS-24 TEAMS'!H82&"" -> 12 | I98: ='18U BOYS-24 TEAMS'!I82&"" -> 19th-24th N2,N3 | J98: ='18U BOYS-24 TEAMS'!J82&"" -> 18U_BOYS
A99: ='18U BOYS-24 TEAMS'!A62 -> 45725 | B99: ='18U BOYS-24 TEAMS'!B62 -> 0.5 | C99: ='18U BOYS-24 TEAMS'!C62&"" -> TUSTIN HS | D99: ='18U BOYS-24 TEAMS'!D62&"" -> 18B39 | E99: ='18U BOYS-24 TEAMS'!E62&"" -> G2(1stB)-NEWPORT | F99: ='18U BOYS-24 TEAMS'!F62&"" -> 13 | G99: ='18U BOYS-24 TEAMS'!G62&"" -> G2(1stC)-CC UNITED | H99: ='18U BOYS-24 TEAMS'!H62&"" -> 6 | I99: ='18U BOYS-24 TEAMS'!I62&"" -> G bracket G2,G3 | J99: ='18U BOYS-24 TEAMS'!J62&"" -> 18U_BOYS
A100: ='18U BOYS-24 TEAMS'!A73 -> 45725 | B100: ='18U BOYS-24 TEAMS'!B73 -> 0.5 | C100: ='18U BOYS-24 TEAMS'!C73&"" -> EL TORO HS | D100: ='18U BOYS-24 TEAMS'!D73&"" -> 18B40 | E100: ='18U BOYS-24 TEAMS'!E73&"" -> J2(2ndE-SOCAL BLACK | F100: ='18U BOYS-24 TEAMS'!F73&"" -> 9 | G100: ='18U BOYS-24 TEAMS'!G73&"" -> J3(2ndF)-TROJAN | H100: ='18U BOYS-24 TEAMS'!H73&"" -> 7 | I100: ='18U BOYS-24 TEAMS'!I73&"" -> J bracket J2,J3 | J100: ='18U BOYS-24 TEAMS'!J73&"" -> 18U_BOYS
...

Sheet MASTER BY TIME
A1: ='16U BOYS GOLD-9 TEAMS'!A13 -> DATE | B1: ='16U BOYS GOLD-9 TEAMS'!B13 -> TIME | C1: ='16U BOYS GOLD-9 TEAMS'!C13&"" -> LOCATION | D1: ='16U BOYS GOLD-9 TEAMS'!D13&"" -> GAME ID | E1: ='16U BOYS GOLD-9 TEAMS'!E13&"" -> WHITE TEAM | F1: ='16U BOYS GOLD-9 TEAMS'!F13&"" -> S | G1: ='16U BOYS GOLD-9 TEAMS'!G13&"" -> DARK TEAM | H1: ='16U BOYS GOLD-9 TEAMS'!H13&"" -> S | I1: ='16U BOYS GOLD-9 TEAMS'!I13&"" -> COMMENTS | J1: ='16U BOYS GOLD-9 TEAMS'!J13&"" -> DIVISION
A2: ='18U BOYS-24 TEAMS'!A27 -> 45724 | B2: ='18U BOYS-24 TEAMS'!B27 -> 0.33333333 | C2: ='18U BOYS-24 TEAMS'!C27&"" -> EL TORO HS | D2: ='18U BOYS-24 TEAMS'!D27&"" -> 18B01 | E2: ='18U BOYS-24 TEAMS'!E27&"" -> 5-CC UNITED | F2: ='18U BOYS-24 TEAMS'!F27&"" -> 12 | G2: ='18U BOYS-24 TEAMS'!G27&"" -> 20-FOOTHILL RED | H2: ='18U BOYS-24 TEAMS'!H27&"" -> 7 | I2: ='18U BOYS-24 TEAMS'!I27&"" -> W/L C1/C4 | J2: ='18U BOYS-24 TEAMS'!J27&"" -> 18U_BOYS
A3: ='16U BOYS PLATINUM-19 TEAMS'!A37 -> 45724 | B3: ='16U BOYS PLATINUM-19 TEAMS'!B37 -> 0.33333333 | C3: ='16U BOYS PLATINUM-19 TEAMS'!C37&"" -> ESTANCIA HS | D3: ='16U BOYS PLATINUM-19 TEAMS'!D37&"" -> 16Bpt02 | E3: ='16U BOYS PLATINUM-19 TEAMS'!E37&"" -> E1-MISSION A | F3: ='16U BOYS PLATINUM-19 TEAMS'!F37&"" -> 13 | G3: ='16U BOYS PLATINUM-19 TEAMS'!G37&"" -> E3-VANGUARD BLUE | H3: ='16U BOYS PLATINUM-19 TEAMS'!H37&"" -> 1 | I3: ='16U BOYS PLATINUM-19 TEAMS'!I37&"" -> E bracket E1,E3 | J3: ='16U BOYS PLATINUM-19 TEAMS'!J37&"" -> 16U_BOYS_PLATINUM
A4: ='18U BOYS-24 TEAMS'!A42 -> 45724 | B4: ='18U BOYS-24 TEAMS'!B42 -> 0.33333333 | C4: ='18U BOYS-24 TEAMS'!C42&"" -> MARINA HS | D4: ='18U BOYS-24 TEAMS'!D42&"" -> 18B02 | E4: ='18U BOYS-24 TEAMS'!E42&"" -> 2-NORTH IRVINE BEAST BOYS | F4: ='18U BOYS-24 TEAMS'!F42&"" -> 18 | G4: ='18U BOYS-24 TEAMS'!G42&"" -> 23-TEXAS THUNDER | H4: ='18U BOYS-24 TEAMS'!H42&"" -> 7 | I4: ='18U BOYS-24 TEAMS'!I42&"" -> W/L D1/D4 | J4: ='18U BOYS-24 TEAMS'!J42&"" -> 18U_BOYS
A5: ='16U BOYS PLATINUM-19 TEAMS'!A24 -> 45724 | B5: ='16U BOYS PLATINUM-19 TEAMS'!B24 -> 0.33333333 | C5: ='16U BOYS PLATINUM-19 TEAMS'!C24&"" -> WESTMINSTER HS | D5: ='16U BOYS PLATINUM-19 TEAMS'!D24&"" -> 16Bpt01 | E5: ='16U BOYS PLATINUM-19 TEAMS'!E24&"" -> C1-STANFORD | F5: ='16U BOYS PLATINUM-19 TEAMS'!F24&"" -> 18 | G5: ='16U BOYS PLATINUM-19 TEAMS'!G24&"" -> C3-CHAWP | H5: ='16U BOYS PLATINUM-19 TEAMS'!H24&"" -> 10 | I5: ='16U BOYS PLATINUM-19 TEAMS'!I24&"" -> C bracket C1,C3 | J5: ='16U BOYS PLATINUM-19 TEAMS'!J24&"" -> 16U_BOYS_PLATINUM
A6: ='18U BOYS-24 TEAMS'!A28 -> 45724 | B6: ='18U BOYS-24 TEAMS'!B28 -> 0.375 | C6: ='18U BOYS-24 TEAMS'!C28&"" -> EL TORO HS | D6: ='18U BOYS-24 TEAMS'!D28&"" -> 18B03 | E6: ='18U BOYS-24 TEAMS'!E28&"" -> 8-SD SHORES BLACK | F6: ='18U BOYS-24 TEAMS'!F28&"" -> 12 | G6: ='18U BOYS-24 TEAMS'!G28&"" -> 17-CHAWP | H6: ='18U BOYS-24 TEAMS'!H28&"" -> 11 | I6: ='18U BOYS-24 TEAMS'!I28&"" -> W/L C2/C3 | J6: ='18U BOYS-24 TEAMS'!J28&"" -> 18U_BOYS
A7: ='16U BOYS PLATINUM-19 TEAMS'!A38 -> 45724 | B7: ='16U BOYS PLATINUM-19 TEAMS'!B38 -> 0.375 | C7: ='16U BOYS PLATINUM-19 TEAMS'!C38&"" -> ESTANCIA HS | D7: ='16U BOYS PLATINUM-19 TEAMS'!D38&"" -> 16Bpt04 | E7: ='16U BOYS PLATINUM-19 TEAMS'!E38&"" -> D1-CC UNITED BLACK | F7: ='16U BOYS PLATINUM-19 TEAMS'!F38&"" -> 15 | G7: ='16U BOYS PLATINUM-19 TEAMS'!G38&"" -> D3-PATRIOT | H7: ='16U BOYS PLATINUM-19 TEAMS'!H38&"" -> 7 | I7: ='16U BOYS PLATINUM-19 TEAMS'!I38&"" -> D bracket D1,D3 | J7: ='16U BOYS PLATINUM-19 TEAMS'!J38&"" -> 16U_BOYS_PLATINUM
A8: ='18U BOYS-24 TEAMS'!A43 -> 45724 | B8: ='18U BOYS-24 TEAMS'!B43 -> 0.375 | C8: ='18U BOYS-24 TEAMS'!C43&"" -> MARINA HS | D8: ='18U BOYS-24 TEAMS'!D43&"" -> 18B04 | E8: ='18U BOYS-24 TEAMS'!E43&"" -> 11-STANFORD | F8: ='18U BOYS-24 TEAMS'!F43&"" -> 14 | G8: ='18U BOYS-24 TEAMS'!G43&"" -> 14-LA JOLLA UNITED NAVY | H8: ='18U BOYS-24 TEAMS'!H43&"" -> 6 | I8: ='18U BOYS-24 TEAMS'!I43&"" -> W/L D2/D3 | J8: ='18U BOYS-24 TEAMS'!J43&"" -> 18U_BOYS
A9: ='18U BOYS-24 TEAMS'!A44 -> 45724 | B9: ='18U BOYS-24 TEAMS'!B44 -> 0.375 | C9: ='18U BOYS-24 TEAMS'!C44&"" -> TUSTIN HS | D9: ='18U BOYS-24 TEAMS'!D44&"" -> 18B08 | E9: ='18U BOYS-24 TEAMS'!E44&"" -> 10-SOCAL BLACK | F9: ='18U BOYS-24 TEAMS'!F44&"" -> 14 | G9: ='18U BOYS-24 TEAMS'!G44&"" -> 15-DIABLO RED | H9: ='18U BOYS-24 TEAMS'!H44&"" -> 6 | I9: ='18U BOYS-24 TEAMS'!I44&"" -> W/L E2/E3 | J9: ='18U BOYS-24 TEAMS'!J45&"" -> 18U_BOYS
A10: ='16U BOYS PLATINUM-19 TEAMS'!A25 -> 45724 | B10: ='16U BOYS PLATINUM-19 TEAMS'!B25 -> 0.375 | C10: ='16U BOYS PLATINUM-19 TEAMS'!C25&"" -> WESTMINSTER HS | D10: ='16U BOYS PLATINUM-19 TEAMS'!D25&"" -> 16Bpt03 | E10: ='16U BOYS PLATINUM-19 TEAMS'!E25&"" -> A1-DEL MAR | F10: ='16U BOYS PLATINUM-19 TEAMS'!F25&"" -> 18 | G10: ='16U BOYS PLATINUM-19 TEAMS'!G25&"" -> A3-NORTH IRVINE BLACK | H10: ='16U BOYS PLATINUM-19 TEAMS'!H25&"" -> 9 | I10: ='16U BOYS PLATINUM-19 TEAMS'!I25&"" -> A bracket A1,A3 | J10: ='16U BOYS PLATINUM-19 TEAMS'!J25&"" -> 16U_BOYS_PLATINUM
A11: ='16U BOYS GOLD-9 TEAMS'!A14 -> 45724 | B11: ='16U BOYS GOLD-9 TEAMS'!B14 -> 0.39583333 | C11: ='16U BOYS GOLD-9 TEAMS'!C14&"" -> COSTA MESA HS | D11: ='16U BOYS GOLD-9 TEAMS'!D14&"" -> 16Bau01 | E11: ='16U BOYS GOLD-9 TEAMS'!E14&"" -> A1-SAN FRANCISCO | F11: ='16U BOYS GOLD-9 TEAMS'!F14&"" -> 17 | G11: ='16U BOYS GOLD-9 TEAMS'!G14&"" -> A3-FOOTHILL BLACK | H11: ='16U BOYS GOLD-9 TEAMS'!H14&"" -> 1 | I11: ='16U BOYS GOLD-9 TEAMS'!I14&"" -> A bracket A1,A3 | J11: ='16U BOYS GOLD-9 TEAMS'!J14&"" -> 16U_BOYS_GOLD
A12: ='18U BOYS-24 TEAMS'!A29 -> 45724 | B12: ='18U BOYS-24 TEAMS'!B29 -> 0.41666667 | C12: ='18U BOYS-24 TEAMS'!C29&"" -> EL TORO HS | D12: ='18U BOYS-24 TEAMS'!D29&"" -> 18B05 | E12: ='18U BOYS-24 TEAMS'!E29&"" -> 1-LAMORINDA | F12: ='18U BOYS-24 TEAMS'!F29&"" -> 19 | G12: ='18U BOYS-24 TEAMS'!G29&"" -> 24-NORTH IRVINE VEGAS | H12: ='18U BOYS-24 TEAMS'!H29&"" -> 8 | I12: ='18U BOYS-24 TEAMS'!I29&"" -> W/L A1/A4 | J12: ='18U BOYS-24 TEAMS'!J29&"" -> 18U_BOYS
A13: ='16U BOYS PLATINUM-19 TEAMS'!A39 -> 45724 | B13: ='16U BOYS PLATINUM-19 TEAMS'!B39 -> 0.41666667 | C13: ='16U BOYS PLATINUM-19 TEAMS'!C39&"" -> ESTANCIA HS | D13: ='16U BOYS PLATINUM-19 TEAMS'!D39&"" -> 16Bpt06 | E13: ='16U BOYS PLATINUM-19 TEAMS'!E39&"" -> F1-TROJAN | F13: ='16U BOYS PLATINUM-19 TEAMS'!F39&"" -> 10 | G13: ='16U BOYS PLATINUM-19 TEAMS'!G39&"" -> F4-FOOTHILL RED | H13: ='16U BOYS PLATINUM-19 TEAMS'!H39&"" -> 8 | I13: ='16U BOYS PLATINUM-19 TEAMS'!I39&"" -> W/L F1/F4 | J13: ='16U BOYS PLATINUM-19 TEAMS'!J39&"" -> 16U_BOYS_PLATINUM
A14: ='18U BOYS-24 TEAMS'!A30 -> 45724 | B14: ='18U BOYS-24 TEAMS'!B30 -> 0.41666667 | C14: ='18U BOYS-24 TEAMS'!C30&"" -> MARINA HS | D14: ='18U BOYS-24 TEAMS'!D30&"" -> 18B11 | E14: ='18U BOYS-24 TEAMS'!E30&"" -> 9-SAN FRANCISCO | F14: ='18U BOYS-24 TEAMS'!F30&"" -> 13 | G14: ='18U BOYS-24 TEAMS'!G30&"" -> 16-IMPERIAL BLUE | H14: ='18U BOYS-24 TEAMS'!H30&"" -> 12 | I14: ='18U BOYS-24 TEAMS'!I30&"" -> W/L B2/B3 | J14: ='18U BOYS-24 TEAMS'!J30&"" -> 18U_BOYS
A15: ='18U BOYS-24 TEAMS'!A45 -> 45724 | B15: ='18U BOYS-24 TEAMS'!B45 -> 0.41666667 | C15: ='18U BOYS-24 TEAMS'!C45&"" -> TUSTIN HS | D15: ='18U BOYS-24 TEAMS'!D45&"" -> 18B06 | E15: ='18U BOYS-24 TEAMS'!E45&"" -> 3-DEL MAR | F15: ='18U BOYS-24 TEAMS'!F45&"" -> 13 | G15: ='18U BOYS-24 TEAMS'!G45&"" -> 22-ROSE BOWL RED | H15: ='18U BOYS-24 TEAMS'!H45&"" -> 5 | I15: ='18U BOYS-24 TEAMS'!I45&"" -> W/L E1/E4 | J15: ='18U BOYS-24 TEAMS'!J44&"" -> 18U_BOYS
A16: ='16U BOYS PLATINUM-19 TEAMS'!A26 -> 45724 | B16: ='16U BOYS PLATINUM-19 TEAMS'!B26 -> 0.41666667 | C16: ='16U BOYS PLATINUM-19 TEAMS'!C26&"" -> WESTMINSTER HS | D16: ='16U BOYS PLATINUM-19 TEAMS'!D26&"" -> 16Bpt05 | E16: ='16U BOYS PLATINUM-19 TEAMS'!E26&"" -> B2-ORANGE COUNTY WPC BLUE | F16: ='16U BOYS PLATINUM-19 TEAMS'!F26&"" -> 15 | G16: ='16U BOYS PLATINUM-19 TEAMS'!G26&"" -> B3-ROSE BOWL RED | H16: ='16U BOYS PLATINUM-19 TEAMS'!H26&"" -> 8 | I16: ='16U BOYS PLATINUM-19 TEAMS'!I26&"" -> B bracket B2,B3 | J16: ='16U BOYS PLATINUM-19 TEAMS'!J26&"" -> 16U_BOYS_PLATINUM
A17: ='16U BOYS GOLD-9 TEAMS'!A15 -> 45724 | B17: ='16U BOYS GOLD-9 TEAMS'!B15 -> 0.4375 | C17: ='16U BOYS GOLD-9 TEAMS'!C15&"" -> COSTA MESA HS | D17: ='16U BOYS GOLD-9 TEAMS'!D15&"" -> 16Bau02 | E17: ='16U BOYS GOLD-9 TEAMS'!E15&"" -> B1-LA PREMIER | F17: ='16U BOYS GOLD-9 TEAMS'!F15&"" -> 15 | G17: ='16U BOYS GOLD-9 TEAMS'!G15&"" -> B3-OCWP RED | H17: ='16U BOYS GOLD-9 TEAMS'!H15&"" -> 9 | I17: ='16U BOYS GOLD-9 TEAMS'!I15&"" -> B bracket B1,B3 | J17: ='16U BOYS GOLD-9 TEAMS'!J15&"" -> 16U_BOYS_GOLD
A18: ='18U BOYS-24 TEAMS'!A31 -> 45724 | B18: ='18U BOYS-24 TEAMS'!B31 -> 0.45833333 | C18: ='18U BOYS-24 TEAMS'!C31&"" -> EL TORO HS | D18: ='18U BOYS-24 TEAMS'!D31&"" -> 18B07 | E18: ='18U BOYS-24 TEAMS'!E31&"" -> 12-LA PREMIER | F18: ='18U BOYS-24 TEAMS'!F31&"" -> 8 | G18: ='18U BOYS-24 TEAMS'!G31&"" -> 13-VANGUARD BLUE | H18: ='18U BOYS-24 TEAMS'!H31&"" -> 13 | I18: ='18U BOYS-24 TEAMS'!I31&"" -> W/L A2/A3 | J18: ='18U BOYS-24 TEAMS'!J31&"" -> 18U_BOYS
A19: ='16U BOYS PLATINUM-19 TEAMS'!A40 -> 45724 | B19: ='16U BOYS PLATINUM-19 TEAMS'!B40 -> 0.45833333 | C19: ='16U BOYS PLATINUM-19 TEAMS'!C40&"" -> ESTANCIA HS | D19: ='16U BOYS PLATINUM-19 TEAMS'!D40&"" -> 16Bpt08 | E19: ='16U BOYS PLATINUM-19 TEAMS'!E40&"" -> E2-ATHERTON | F19: ='16U BOYS PLATINUM-19 TEAMS'!F40&"" -> 14 | G19: ='16U BOYS PLATINUM-19 TEAMS'!G40&"" -> E3-VANGUARD BLUE | H19: ='16U BOYS PLATINUM-19 TEAMS'!H40&"" -> 8 | I19: ='16U BOYS PLATINUM-19 TEAMS'!I40&"" -> E bracket E2,E3 | J19: ='16U BOYS PLATINUM-19 TEAMS'!J40&"" -> 16U_BOYS_PLATINUM
A20: ='18U BOYS-24 TEAMS'!A46 -> 45724 | B20: ='18U BOYS-24 TEAMS'!B46 -> 0.45833333 | C20: ='18U BOYS-24 TEAMS'!C46&"" -> TUSTIN HS | D20: ='18U BOYS-24 TEAMS'!D46&"" -> 18B10 | E20: ='18U BOYS-24 TEAMS'!E46&"" -> 6-CHANNEL ISLANDS UNITED GOLD | F20: ='18U BOYS-24 TEAMS'!F46&"" -> 10 | G20: ='18U BOYS-24 TEAMS'!G46&"" -> 19-MONARCHY | H20: ='18U BOYS-24 TEAMS'!H46&"" -> 4 | I20: ='18U BOYS-24 TEAMS'!I46&"" -> W/L F1/F4 | J20: ='18U BOYS-24 TEAMS'!J46&"" -> 18U_BOYS
A21: ='18U BOYS-24 TEAMS'!A32 -> 45724 | B21: ='18U BOYS-24 TEAMS'!B32 -> 0.45833333 | C21: ='18U BOYS-24 TEAMS'!C32&"" -> WESTMINSTER HS | D21: ='18U BOYS-24 TEAMS'!D32&"" -> 18B09 | E21: ='18U BOYS-24 TEAMS'!E32&"" -> 4-NEWPORT | F21: ='18U BOYS-24 TEAMS'!F32&"" -> 10 | G21: ='18U BOYS-24 TEAMS'!G32&"" -> 21-ORANGE COUNTY WPC BLUE | H21: ='18U BOYS-24 TEAMS'!H32&"" -> 5 | I21: ='18U BOYS-24 TEAMS'!I32&"" -> W/L B1/B4 | J21: ='18U BOYS-24 TEAMS'!J32&"" -> 18U_BOYS
A22: ='16U BOYS GOLD-9 TEAMS'!A16 -> 45724 | B22: ='16U BOYS GOLD-9 TEAMS'!B16 -> 0.47916667 | C22: ='16U BOYS GOLD-9 TEAMS'!C16&"" -> COSTA MESA HS | D22: ='16U BOYS GOLD-9 TEAMS'!D16&"" -> 16Bau03 | E22: ='16U BOYS GOLD-9 TEAMS'!E16&"" -> C1-TROJAN | F22: ='16U BOYS GOLD-9 TEAMS'!F16&"" -> 2 | G22: ='16U BOYS GOLD-9 TEAMS'!G16&"" -> C2-CC UNITED BLUE | H22: ='16U BOYS GOLD-9 TEAMS'!H16&"" -> 9 | I22: ='16U BOYS GOLD-9 TEAMS'!I16&"" -> C bracket C1,C2 | J22: ='16U BOYS GOLD-9 TEAMS'!J16&"" -> 16U_BOYS_GOLD
A23: ='18U BOYS-24 TEAMS'!A33 -> 45724 | B23: ='18U BOYS-24 TEAMS'!B33 -> 0.5 | C23: ='18U BOYS-24 TEAMS'!C33&"" -> EL TORO HS | D23: ='18U BOYS-24 TEAMS'!D33&"" -> 18B13 | E23: ='18U BOYS-24 TEAMS'!E33&"" -> L#1-FOOTHILL RED | F23: ='18U BOYS-24 TEAMS'!F33&"" -> 6 | G23: ='18U BOYS-24 TEAMS'!G33&"" -> L#3-CHAWP | H23: ='18U BOYS-24 TEAMS'!H33&"" -> 11 | I23: ='18U BOYS-24 TEAMS'!I33&"" -> 3rd/4thC | J23: ='18U BOYS-24 TEAMS'!J33&"" -> 18U_BOYS
A24: ='16U BOYS PLATINUM-19 TEAMS'!A41 -> 45724 | B24: ='16U BOYS PLATINUM-19 TEAMS'!B41 -> 0.5 | C24: ='16U BOYS PLATINUM-19 TEAMS'!C41&"" -> ESTANCIA HS | D24: ='16U BOYS PLATINUM-19 TEAMS'!D41&"" -> 16Bpt10 | E24: ='16U BOYS PLATINUM-19 TEAMS'!E41&"" -> F2-SD SHORES BLACK | F24: ='16U BOYS PLATINUM-19 TEAMS'!F41&"" -> 13 | G24: ='16U BOYS PLATINUM-19 TEAMS'!G41&"" -> F3-TEXAS THUINDER | H24: ='16U BOYS PLATINUM-19 TEAMS'!H41&"" -> 7 | I24: ='16U BOYS PLATINUM-19 TEAMS'!I41&"" -> W/L F2/F3 | J24: ='16U BOYS PLATINUM-19 TEAMS'!J41&"" -> 16U_BOYS_PLATINUM
A25: ='18U BOYS-24 TEAMS'!A47 -> 45724 | B25: ='18U BOYS-24 TEAMS'!B47 -> 0.5 | C25: ='18U BOYS-24 TEAMS'!C47&"" -> TUSTIN HS | D25: ='18U BOYS-24 TEAMS'!D47&"" -> 18B12 | E25: ='18U BOYS-24 TEAMS'!E47&"" -> 7-TROJAN | F25: ='18U BOYS-24 TEAMS'!F47&"" -> 12 | G25: ='18U BOYS-24 TEAMS'!G47&"" -> 18-PATRIOT | H25: ='18U BOYS-24 TEAMS'!H47&"" -> 10 | I25: ='18U BOYS-24 TEAMS'!I47&"" -> W/L F2/F3 | J25: ='18U BOYS-24 TEAMS'!J47&"" -> 18U_BOYS
A26: ='16U BOYS PLATINUM-19 TEAMS'!A28 -> 45724 | B26: ='16U BOYS PLATINUM-19 TEAMS'!B28 -> 0.5 | C26: ='16U BOYS PLATINUM-19 TEAMS'!C28&"" -> WESTMINSTER HS | D26: ='16U BOYS PLATINUM-19 TEAMS'!D28&"" -> 16Bpt07 | E26: ='16U BOYS PLATINUM-19 TEAMS'!E28&"" -> C2-LA JOLLA UNITED NAVY | F26: ='16U BOYS PLATINUM-19 TEAMS'!F28&"" -> 15 | G26: ='16U BOYS PLATINUM-19 TEAMS'!G28&"" -> C3-CHAWP | H26: ='16U BOYS PLATINUM-19 TEAMS'!H28&"" -> 8 | I26: ='16U BOYS PLATINUM-19 TEAMS'!I28&"" -> C bracket C2,C3 | J26: ='16U BOYS PLATINUM-19 TEAMS'!J28&"" -> 16U_BOYS_PLATINUM
A27: ='16U BOYS GOLD-9 TEAMS'!A17 -> 45724 | B27: ='16U BOYS GOLD-9 TEAMS'!B17 -> 0.52083333 | C27: ='16U BOYS GOLD-9 TEAMS'!C17&"" -> COSTA MESA HS | D27: ='16U BOYS GOLD-9 TEAMS'!D17&"" -> 16Bau04 | E27: ='16U BOYS GOLD-9 TEAMS'!E17&"" -> A2-MISSION B | F27: ='16U BOYS GOLD-9 TEAMS'!F17&"" -> 14 | G27: ='16U BOYS GOLD-9 TEAMS'!G17&"" -> A3-FOOTHILL BLACK | H27: ='16U BOYS GOLD-9 TEAMS'!H17&"" -> 5 | I27: ='16U BOYS GOLD-9 TEAMS'!I17&"" -> A bracket A2,A3 | J27: ='16U BOYS GOLD-9 TEAMS'!J17&"" -> 16U_BOYS_GOLD
A28: ='18U BOYS-24 TEAMS'!A34 -> 45724 | B28: ='18U BOYS-24 TEAMS'!B34 -> 0.54166667 | C28: ='18U BOYS-24 TEAMS'!C34&"" -> EL TORO HS | D28: ='18U BOYS-24 TEAMS'!D34&"" -> 18B15 | E28: ='18U BOYS-24 TEAMS'!E34&"" -> W#1-CC UNITED | F28: ='18U BOYS-24 TEAMS'!F34&"" -> 14 | G28: ='18U BOYS-24 TEAMS'!G34&"" -> W#3-SD SHORES BLACK | H28: ='18U BOYS-24 TEAMS'!H34&"" -> 12 | I28: ='18U BOYS-24 TEAMS'!I34&"" -> 1st/2ndC | J28: ='18U BOYS-24 TEAMS'!J34&"" -> 18U_BOYS
A29: ='16U BOYS PLATINUM-19 TEAMS'!A42 -> 45724 | B29: ='16U BOYS PLATINUM-19 TEAMS'!B42 -> 0.54166667 | C29: ='16U BOYS PLATINUM-19 TEAMS'!C42&"" -> ESTANCIA HS | D29: ='16U BOYS PLATINUM-19 TEAMS'!D42&"" -> 16Bpt12 | E29: ='16U BOYS PLATINUM-19 TEAMS'!E42&"" -> D2-NEWPORT | F29: ='16U BOYS PLATINUM-19 TEAMS'!F42&"" -> 11 | G29: ='16U BOYS PLATINUM-19 TEAMS'!G42&"" -> D3-PATRIOT | H29: ='16U BOYS PLATINUM-19 TEAMS'!H42&"" -> 6 | I29: ='16U BOYS PLATINUM-19 TEAMS'!I42&"" -> D bracket D2,D3 | J29: ='16U BOYS PLATINUM-19 TEAMS'!J42&"" -> 16U_BOYS_PLATINUM
A30: ='18U BOYS-24 TEAMS'!A48 -> 45724 | B30: ='18U BOYS-24 TEAMS'!B48 -> 0.54166667 | C30: ='18U BOYS-24 TEAMS'!C48&"" -> TUSTIN HS | D30: ='18U BOYS-24 TEAMS'!D48&"" -> 18B14 | E30: ='18U BOYS-24 TEAMS'!E48&"" -> L#2-TEXAS THUNDER | F30: ='18U BOYS-24 TEAMS'!F48&"" -> 5.5 | G30: ='18U BOYS-24 TEAMS'!G48&"" -> L#4-LA JOLLA UNITED NAVY | H30: ='18U BOYS-24 TEAMS'!H48&"" -> 5.4 | I30: ='18U BOYS-24 TEAMS'!I48&"" -> 3rd/4thD | J30: ='18U BOYS-24 TEAMS'!J48&"" -> 18U_BOYS
A31: ='16U BOYS PLATINUM-19 TEAMS'!A29 -> 45724 | B31: ='16U BOYS PLATINUM-19 TEAMS'!B29 -> 0.54166667 | C31: ='16U BOYS PLATINUM-19 TEAMS'!C29&"" -> WESTMINSTER HS | D31: ='16U BOYS PLATINUM-19 TEAMS'!D29&"" -> 16Bpt09 | E31: ='16U BOYS PLATINUM-19 TEAMS'!E29&"" -> A2-DIABLO RED | F31: ='16U BOYS PLATINUM-19 TEAMS'!F29&"" -> 8 | G31: ='16U BOYS PLATINUM-19 TEAMS'!G29&"" -> A3-NORTH IRVINE BLACK | H31: ='16U BOYS PLATINUM-19 TEAMS'!H29&"" -> 14 | I31: ='16U BOYS PLATINUM-19 TEAMS'!I29&"" -> A bracket A2,A3 | J31: ='16U BOYS PLATINUM-19 TEAMS'!J29&"" -> 16U_BOYS_PLATINUM
A32: ='16U BOYS GOLD-9 TEAMS'!A18 -> 45724 | B32: ='16U BOYS GOLD-9 TEAMS'!B18 -> 0.5625 | C32: ='16U BOYS GOLD-9 TEAMS'!C18&"" -> COSTA MESA HS | D32: ='16U BOYS GOLD-9 TEAMS'!D18&"" -> 16Bau05 | E32: ='16U BOYS GOLD-9 TEAMS'!E18&"" -> B1-LA PREMIER | F32: ='16U BOYS GOLD-9 TEAMS'!F18&"" -> 14 | G32: ='16U BOYS GOLD-9 TEAMS'!G18&"" -> B2-PEGASUS WP | H32: ='16U BOYS GOLD-9 TEAMS'!H18&"" -> 10 | I32: ='16U BOYS GOLD-9 TEAMS'!I18&"" -> B bracket B1,B2 | J32: ='16U BOYS GOLD-9 TEAMS'!J18&"" -> 16U_BOYS_GOLD
A33: ='18U BOYS-24 TEAMS'!A35 -> 45724 | B33: ='18U BOYS-24 TEAMS'!B35 -> 0.58333333 | C33: ='18U BOYS-24 TEAMS'!C35&"" -> EL TORO HS | D33: ='18U BOYS-24 TEAMS'!D35&"" -> 18B17 | E33: ='18U BOYS-24 TEAMS'!E35&"" -> L#5-NORTH IRVINE VEGAS | F33: ='18U BOYS-24 TEAMS'!F35&"" -> 8 | G33: ='18U BOYS-24 TEAMS'!G35&"" -> L#7-LA PREMIER | H33: ='18U BOYS-24 TEAMS'!H35&"" -> 9 | I33: ='18U BOYS-24 TEAMS'!I35&"" -> 3rd/4thA | J33: ='18U BOYS-24 TEAMS'!J35&"" -> 18U_BOYS
A34: ='16U BOYS PLATINUM-19 TEAMS'!A43 -> 45724 | B34: ='16U BOYS PLATINUM-19 TEAMS'!B43 -> 0.58333333 | C34: ='16U BOYS PLATINUM-19 TEAMS'!C43&"" -> ESTANCIA HS | D34: ='16U BOYS PLATINUM-19 TEAMS'!D43&"" -> 16Bpt14 | E34: ='16U BOYS PLATINUM-19 TEAMS'!E43&"" -> E1-MISSION A | F34: ='16U BOYS PLATINUM-19 TEAMS'!F43&"" -> 8 | G34: ='16U BOYS PLATINUM-19 TEAMS'!G43&"" -> E2-ATHERTON | H34: ='16U BOYS PLATINUM-19 TEAMS'!H43&"" -> 5 | I34: ='16U BOYS PLATINUM-19 TEAMS'!I43&"" -> E bracket E1,E2 | J34: ='16U BOYS PLATINUM-19 TEAMS'!J43&"" -> 16U_BOYS_PLATINUM
A35: ='18U BOYS-24 TEAMS'!A49 -> 45724 | B35: ='18U BOYS-24 TEAMS'!B49 -> 0.58333333 | C35: ='18U BOYS-24 TEAMS'!C49&"" -> TUSTIN HS | D35: ='18U BOYS-24 TEAMS'!D49&"" -> 18B16 | E35: ='18U BOYS-24 TEAMS'!E49&"" -> W#2-NORTH IRVINE BEAST BOYS | F35: ='18U BOYS-24 TEAMS'!F49&"" -> 10 | G35: ='18U BOYS-24 TEAMS'!G49&"" -> W#4-STANFORD | H35: ='18U BOYS-24 TEAMS'!H49&"" -> 13 | I35: ='18U BOYS-24 TEAMS'!I49&"" -> 1st/2ndD | J35: ='18U BOYS-24 TEAMS'!J49&"" -> 18U_BOYS
A36: ='16U BOYS PLATINUM-19 TEAMS'!A30 -> 45724 | B36: ='16U BOYS PLATINUM-19 TEAMS'!B30 -> 0.58333333 | C36: ='16U BOYS PLATINUM-19 TEAMS'!C30&"" -> WESTMINSTER HS | D36: ='16U BOYS PLATINUM-19 TEAMS'!D30&"" -> 16Bpt11 | E36: ='16U BOYS PLATINUM-19 TEAMS'!E30&"" -> B1-CHANNEL ISLANDS UNITED GOLD | F36: ='16U BOYS PLATINUM-19 TEAMS'!F30&"" -> 17 | G36: ='16U BOYS PLATINUM-19 TEAMS'!G30&"" -> B3-ROSE BOWL RED | H36: ='16U BOYS PLATINUM-19 TEAMS'!H30&"" -> 5 | I36: ='16U BOYS PLATINUM-19 TEAMS'!I30&"" -> B bracket B1,B3 | J36: ='16U BOYS PLATINUM-19 TEAMS'!J30&"" -> 16U_BOYS_PLATINUM
A37: ='16U BOYS GOLD-9 TEAMS'!A19 -> 45724 | B37: ='16U BOYS GOLD-9 TEAMS'!B19 -> 0.60416667 | C37: ='16U BOYS GOLD-9 TEAMS'!C19&"" -> COSTA MESA HS | D37: ='16U BOYS GOLD-9 TEAMS'!D19&"" -> 16Bau06 | E37: ='16U BOYS GOLD-9 TEAMS'!E19&"" -> C2-CC UNITED BLUE | F37: ='16U BOYS GOLD-9 TEAMS'!F19&"" -> 10 | G37: ='16U BOYS GOLD-9 TEAMS'!G19&"" -> C3-SD SHORES GOLD | H37: ='16U BOYS GOLD-9 TEAMS'!H19&"" -> 8 | I37: ='16U BOYS GOLD-9 TEAMS'!I19&"" -> C bracket C2,C3 | J37: ='16U BOYS GOLD-9 TEAMS'!J19&"" -> 16U_BOYS_GOLD
A38: ='18U BOYS-24 TEAMS'!A36 -> 45724 | B38: ='18U BOYS-24 TEAMS'!B36 -> 0.625 | C38: ='18U BOYS-24 TEAMS'!C36&"" -> EL TORO HS | D38: ='18U BOYS-24 TEAMS'!D36&"" -> 18B19 | E38: ='18U BOYS-24 TEAMS'!E36&"" -> W#5-LAMORINDA | F38: ='18U BOYS-24 TEAMS'!F36&"" -> 12 | G38: ='18U BOYS-24 TEAMS'!G36&"" -> W#7-VANGUARD BLUE | H38: ='18U BOYS-24 TEAMS'!H36&"" -> 5 | I38: ='18U BOYS-24 TEAMS'!I36&"" -> 1st/2ndA | J38: ='18U BOYS-24 TEAMS'!J36&"" -> 18U_BOYS
A39: ='16U BOYS PLATINUM-19 TEAMS'!A44 -> 45724 | B39: ='16U BOYS PLATINUM-19 TEAMS'!B44 -> 0.625 | C39: ='16U BOYS PLATINUM-19 TEAMS'!C44&"" -> ESTANCIA HS | D39: ='16U BOYS PLATINUM-19 TEAMS'!D44&"" -> 16Bpt16 | E39: ='16U BOYS PLATINUM-19 TEAMS'!E44&"" -> W#6-TROJAN | F39: ='16U BOYS PLATINUM-19 TEAMS'!F44&"" -> 7 | G39: ='16U BOYS PLATINUM-19 TEAMS'!G44&"" -> W#10-SD SHORES BLACK | H39: ='16U BOYS PLATINUM-19 TEAMS'!H44&"" -> 9 | I39: ='16U BOYS PLATINUM-19 TEAMS'!I44&"" -> 1st/2ndF | J39: ='16U BOYS PLATINUM-19 TEAMS'!J44&"" -> 16U_BOYS_PLATINUM
A40: ='18U BOYS-24 TEAMS'!A50 -> 45724 | B40: ='18U BOYS-24 TEAMS'!B50 -> 0.625 | C40: ='18U BOYS-24 TEAMS'!C50&"" -> TUSTIN HS | D40: ='18U BOYS-24 TEAMS'!D50&"" -> 18B20 | E40: ='18U BOYS-24 TEAMS'!E50&"" -> W#6-DEL MAR | F40: ='18U BOYS-24 TEAMS'!F50&"" -> 10 | G40: ='18U BOYS-24 TEAMS'!G50&"" -> W#8-SOCAL BLACK | H40: ='18U BOYS-24 TEAMS'!H50&"" -> 9 | I40: ='18U BOYS-24 TEAMS'!I50&"" -> 1st/2nd E | J40: ='18U BOYS-24 TEAMS'!J50&"" -> 18U_BOYS
A41: ='16U BOYS PLATINUM-19 TEAMS'!A31 -> 45724 | B41: ='16U BOYS PLATINUM-19 TEAMS'!B31 -> 0.625 | C41: ='16U BOYS PLATINUM-19 TEAMS'!C31&"" -> WESTMINSTER HS | D41: ='16U BOYS PLATINUM-19 TEAMS'!D31&"" -> 16Bpt13 | E41: ='16U BOYS PLATINUM-19 TEAMS'!E31&"" -> C1-STANFORD | F41: ='16U BOYS PLATINUM-19 TEAMS'!F31&"" -> 17 | G41: ='16U BOYS PLATINUM-19 TEAMS'!G31&"" -> C2-LA JOLLA UNITED NAVY | H41: ='16U BOYS PLATINUM-19 TEAMS'!H31&"" -> 10 | I41: ='16U BOYS PLATINUM-19 TEAMS'!I31&"" -> C bracket C1,C2 | J41: ='16U BOYS PLATINUM-19 TEAMS'!J31&"" -> 16U_BOYS_PLATINUM
A42: ='16U BOYS GOLD-9 TEAMS'!A20 -> 45724 | B42: ='16U BOYS GOLD-9 TEAMS'!B20 -> 0.64583333 | C42: ='16U BOYS GOLD-9 TEAMS'!C20&"" -> COSTA MESA HS | D42: ='16U BOYS GOLD-9 TEAMS'!D20&"" -> 16Bau07 | E42: ='16U BOYS GOLD-9 TEAMS'!E20&"" -> A1-SAN FRANCISCO | F42: ='16U BOYS GOLD-9 TEAMS'!F20&"" -> 12 | G42: ='16U BOYS GOLD-9 TEAMS'!G20&"" -> A2-MISSION B | H42: ='16U BOYS GOLD-9 TEAMS'!H20&"" -> 6 | I42: ='16U BOYS GOLD-9 TEAMS'!I20&"" -> A bracket A1,A2 | J42: ='16U BOYS GOLD-9 TEAMS'!J20&"" -> 16U_BOYS_GOLD
A43: ='18U BOYS-24 TEAMS'!A37 -> 45724 | B43: ='18U BOYS-24 TEAMS'!B37 -> 0.66666667 | C43: ='18U BOYS-24 TEAMS'!C37&"" -> EL TORO HS | D43: ='18U BOYS-24 TEAMS'!D37&"" -> 18B21 | E43: ='18U BOYS-24 TEAMS'!E37&"" -> L#9-ORANGE COUNTY WPC BLUE | F43: ='18U BOYS-24 TEAMS'!F37&"" -> 7 | G43: ='18U BOYS-24 TEAMS'!G37&"" -> L#11-IMPERIAL BLUE | H43: ='18U BOYS-24 TEAMS'!H37&"" -> 11 | I43: ='18U BOYS-24 TEAMS'!I37&"" -> 3rd/4thB | J43: ='18U BOYS-24 TEAMS'!J37&"" -> 18U_BOYS
A44: ='16U BOYS PLATINUM-19 TEAMS'!A45 -> 45724 | B44: ='16U BOYS PLATINUM-19 TEAMS'!B45 -> 0.66666667 | C44: ='16U BOYS PLATINUM-19 TEAMS'!C45&"" -> ESTANCIA HS | D44: ='16U BOYS PLATINUM-19 TEAMS'!D45&"" -> 16Bpt18 | E44: ='16U BOYS PLATINUM-19 TEAMS'!E45&"" -> L#6-FOOTHILL RED | F44: ='16U BOYS PLATINUM-19 TEAMS'!F45&"" -> 9 | G44: ='16U BOYS PLATINUM-19 TEAMS'!G45&"" -> L#10-TEXAS THUINDER | H44: ='16U BOYS PLATINUM-19 TEAMS'!H45&"" -> 10 | I44: ='16U BOYS PLATINUM-19 TEAMS'!I45&"" -> 3rd/4thF | J44: ='16U BOYS PLATINUM-19 TEAMS'!J45&"" -> 16U_BOYS_PLATINUM
A45: ='18U BOYS-24 TEAMS'!A52 -> 45724 | B45: ='18U BOYS-24 TEAMS'!B52 -> 0.66666667 | C45: ='18U BOYS-24 TEAMS'!C52&"" -> TUSTIN HS | D45: ='18U BOYS-24 TEAMS'!D52&"" -> 18B22 | E45: ='18U BOYS-24 TEAMS'!E52&"" -> L#10-MONARCHY | F45: ='18U BOYS-24 TEAMS'!F52&"" -> 10.3 | G45: ='18U BOYS-24 TEAMS'!G52&"" -> L#12-PATRIOT | H45: ='18U BOYS-24 TEAMS'!H52&"" -> 10.4 | I45: ='18U BOYS-24 TEAMS'!I52&"" -> 3rd/4th F | J45: ='18U BOYS-24 TEAMS'!J52&"" -> 18U_BOYS
A46: ='16U BOYS PLATINUM-19 TEAMS'!A32 -> 45724 | B46: ='16U BOYS PLATINUM-19 TEAMS'!B32 -> 0.66666667 | C46: ='16U BOYS PLATINUM-19 TEAMS'!C32&"" -> WESTMINSTER HS | D46: ='16U BOYS PLATINUM-19 TEAMS'!D32&"" -> 16Bpt15 | E46: ='16U BOYS PLATINUM-19 TEAMS'!E32&"" -> A1-DEL MAR | F46: ='16U BOYS PLATINUM-19 TEAMS'!F32&"" -> 19 | G46: ='16U BOYS PLATINUM-19 TEAMS'!G32&"" -> A2-DIABLO RED | H46: ='16U BOYS PLATINUM-19 TEAMS'!H32&"" -> 5 | I46: ='16U BOYS PLATINUM-19 TEAMS'!I32&"" -> A bracket A1,A2 | J46: ='16U BOYS PLATINUM-19 TEAMS'!J32&"" -> 16U_BOYS_PLATINUM
A47: ='16U BOYS GOLD-9 TEAMS'!A21 -> 45724 | B47: ='16U BOYS GOLD-9 TEAMS'!B21 -> 0.6875 | C47: ='16U BOYS GOLD-9 TEAMS'!C21&"" -> COSTA MESA HS | D47: ='16U BOYS GOLD-9 TEAMS'!D21&"" -> 16Bau08 | E47: ='16U BOYS GOLD-9 TEAMS'!E21&"" -> B2-PEGASUS WP | F47: ='16U BOYS GOLD-9 TEAMS'!F21&"" -> 9 | G47: ='16U BOYS GOLD-9 TEAMS'!G21&"" -> B3-OCWP RED | H47: ='16U BOYS GOLD-9 TEAMS'!H21&"" -> 4 | I47: ='16U BOYS GOLD-9 TEAMS'!I21&"" -> B bracket B2,B3 | J47: ='16U BOYS GOLD-9 TEAMS'!J21&"" -> 16U_BOYS_GOLD
A48: ='18U BOYS-24 TEAMS'!A38 -> 45724 | B48: ='18U BOYS-24 TEAMS'!B38 -> 0.70833333 | C48: ='18U BOYS-24 TEAMS'!C38&"" -> EL TORO HS | D48: ='18U BOYS-24 TEAMS'!D38&"" -> 18B23 | E48: ='18U BOYS-24 TEAMS'!E38&"" -> W#9-NEWPORT | F48: ='18U BOYS-24 TEAMS'!F38&"" -> 14 | G48: ='18U BOYS-24 TEAMS'!G38&"" -> W#11-SAN FRANCISCO | H48: ='18U BOYS-24 TEAMS'!H38&"" -> 10 | I48: ='18U BOYS-24 TEAMS'!I38&"" -> 1st/2ndB | J48: ='18U BOYS-24 TEAMS'!J38&"" -> 18U_BOYS
A49: ='16U BOYS PLATINUM-19 TEAMS'!A46 -> 45724 | B49: ='16U BOYS PLATINUM-19 TEAMS'!B46 -> 0.70833333 | C49: ='16U BOYS PLATINUM-19 TEAMS'!C46&"" -> ESTANCIA HS | D49: ='16U BOYS PLATINUM-19 TEAMS'!D46&"" -> 16Bpt20 | E49: ='16U BOYS PLATINUM-19 TEAMS'!E46&"" -> D1-CC UNITED BLACK | F49: ='16U BOYS PLATINUM-19 TEAMS'!F46&"" -> 17 | G49: ='16U BOYS PLATINUM-19 TEAMS'!G46&"" -> D2-NEWPORT | H49: ='16U BOYS PLATINUM-19 TEAMS'!H46&"" -> 6 | I49: ='16U BOYS PLATINUM-19 TEAMS'!I46&"" -> D bracket D1,D2 | J49: ='16U BOYS PLATINUM-19 TEAMS'!J46&"" -> 16U_BOYS_PLATINUM
A50: ='18U BOYS-24 TEAMS'!A53 -> 45724 | B50: ='18U BOYS-24 TEAMS'!B53 -> 0.70833333 | C50: ='18U BOYS-24 TEAMS'!C53&"" -> TUSTIN HS | D50: ='18U BOYS-24 TEAMS'!D53&"" -> 18B24 | E50: ='18U BOYS-24 TEAMS'!E53&"" -> W#10-CHANNEL ISLANDS UNITED GOLD | F50: ='18U BOYS-24 TEAMS'!F53&"" -> 9 | G50: ='18U BOYS-24 TEAMS'!G53&"" -> W#12-TROJAN | H50: ='18U BOYS-24 TEAMS'!H53&"" -> 8 | I50: ='18U BOYS-24 TEAMS'!I53&"" -> 1st/2nd F | J50: ='18U BOYS-24 TEAMS'!J53&"" -> 18U_BOYS
A51: ='18U BOYS-24 TEAMS'!A51 -> 45724 | B51: ='18U BOYS-24 TEAMS'!B51 -> 0.70833333 | C51: ='18U BOYS-24 TEAMS'!C51&"" -> WESTMINSTER HS | D51: ='18U BOYS-24 TEAMS'!D51&"" -> 18B18 | E51: ='18U BOYS-24 TEAMS'!E51&"" -> L#6-ROSE BOWL RED | F51: ='18U BOYS-24 TEAMS'!F51&"" -> 14 | G51: ='18U BOYS-24 TEAMS'!G51&"" -> L#8-DIABLO RED | H51: ='18U BOYS-24 TEAMS'!H51&"" -> 10 | I51: ='18U BOYS-24 TEAMS'!I51&"" -> 3rd/4th E | J51: ='18U BOYS-24 TEAMS'!J51&"" -> 18U_BOYS
A52: ='16U BOYS GOLD-9 TEAMS'!A22 -> 45724 | B52: ='16U BOYS GOLD-9 TEAMS'!B22 -> 0.72916667 | C52: ='16U BOYS GOLD-9 TEAMS'!C22&"" -> COSTA MESA HS | D52: ='16U BOYS GOLD-9 TEAMS'!D22&"" -> 16Bau09 | E52: ='16U BOYS GOLD-9 TEAMS'!E22&"" -> C1-TROJAN | F52: ='16U BOYS GOLD-9 TEAMS'!F22&"" -> 5 | G52: ='16U BOYS GOLD-9 TEAMS'!G22&"" -> C3-SD SHORES GOLD | H52: ='16U BOYS GOLD-9 TEAMS'!H22&"" -> 10 | I52: ='16U BOYS GOLD-9 TEAMS'!I22&"" -> C bracket C1,C3 | J52: ='16U BOYS GOLD-9 TEAMS'!J22&"" -> 16U_BOYS_GOLD
A53: ='18U BOYS-24 TEAMS'!A39 -> 45724 | B53: ='18U BOYS-24 TEAMS'!B39 -> 0.75 | C53: ='18U BOYS-24 TEAMS'!C39&"" -> EL TORO HS | D53: ='18U BOYS-24 TEAMS'!D39&"" -> 18B25 | E53: ='18U BOYS-24 TEAMS'!E39&"" -> G1(1stA)-LAMORINDA | F53: ='18U BOYS-24 TEAMS'!F39&"" -> 14 | G53: ='18U BOYS-24 TEAMS'!G39&"" -> G2(1stC)-CC UNITED | H53: ='18U BOYS-24 TEAMS'!H39&"" -> 13 | I53: ='18U BOYS-24 TEAMS'!I39&"" -> G bracket 1A,1C | J53: ='18U BOYS-24 TEAMS'!J39&"" -> 18U_BOYS
A54: ='16U BOYS PLATINUM-19 TEAMS'!A47 -> 45724 | B54: ='16U BOYS PLATINUM-19 TEAMS'!B47 -> 0.75 | C54: ='16U BOYS PLATINUM-19 TEAMS'!C47&"" -> ESTANCIA HS | D54: ='16U BOYS PLATINUM-19 TEAMS'!D47&"" -> 16Bpt21 | E54: ='16U BOYS PLATINUM-19 TEAMS'!E47&"" -> H2(1stE)-MISSION | F54: ='16U BOYS PLATINUM-19 TEAMS'!F47&"" -> 11 | G54: ='16U BOYS PLATINUM-19 TEAMS'!G47&"" -> H3(1stF)-SD SHORES BLACK | H54: ='16U BOYS PLATINUM-19 TEAMS'!H47&"" -> 8 | I54: ='16U BOYS PLATINUM-19 TEAMS'!I47&"" -> H bracket H2,H3 (1E,1F) | J54: ='16U BOYS PLATINUM-19 TEAMS'!J47&"" -> 16U_BOYS_PLATINUM
A55: ='18U BOYS-24 TEAMS'!A54 -> 45724 | B55: ='18U BOYS-24 TEAMS'!B54 -> 0.75 | C55: ='18U BOYS-24 TEAMS'!C54&"" -> TUSTIN HS | D55: ='18U BOYS-24 TEAMS'!D54&"" -> 18B26 | E55: ='18U BOYS-24 TEAMS'!E54&"" -> H1(1stD)-STANFORD | F55: ='18U BOYS-24 TEAMS'!F54&"" -> 13 | G55: ='18U BOYS-24 TEAMS'!G54&"" -> H2(1stE)-DEL MAR | H55: ='18U BOYS-24 TEAMS'!H54&"" -> 12 | I55: ='18U BOYS-24 TEAMS'!I54&"" -> H bracket 1D/1E | J55: ='18U BOYS-24 TEAMS'!J54&"" -> 18U_BOYS
A56: ='16U BOYS PLATINUM-19 TEAMS'!A34 -> 45724 | B56: ='16U BOYS PLATINUM-19 TEAMS'!B34 -> 0.75 | C56: ='16U BOYS PLATINUM-19 TEAMS'!C34&"" -> WESTMINSTER HS | D56: ='16U BOYS PLATINUM-19 TEAMS'!D34&"" -> 16Bpt17 | E56: ='16U BOYS PLATINUM-19 TEAMS'!E34&"" -> B1-CHANNEL ISLANDS UNITED GOLD | F56: ='16U BOYS PLATINUM-19 TEAMS'!F34&"" -> 13 | G56: ='16U BOYS PLATINUM-19 TEAMS'!G34&"" -> B2-ORANGE COUNTY WPC BLUE | H56: ='16U BOYS PLATINUM-19 TEAMS'!H34&"" -> 10 | I56: ='16U BOYS PLATINUM-19 TEAMS'!I34&"" -> B bracket B1,B2 | J56: ='16U BOYS PLATINUM-19 TEAMS'!J34&"" -> 16U_BOYS_PLATINUM
A57: ='16U BOYS PLATINUM-19 TEAMS'!A35 -> 45724 | B57: ='16U BOYS PLATINUM-19 TEAMS'!B35 -> 0.79166667 | C57: ='16U BOYS PLATINUM-19 TEAMS'!C35&"" -> WESTMINSTER HS | D57: ='16U BOYS PLATINUM-19 TEAMS'!D35&"" -> 16Bpt19 | E57: ='16U BOYS PLATINUM-19 TEAMS'!E35&"" -> G1(1stA)-DEL MAR | F57: ='16U BOYS PLATINUM-19 TEAMS'!F35&"" -> 13 | G57: ='16U BOYS PLATINUM-19 TEAMS'!G35&"" -> G3(1stC)-STANFORD | H57: ='16U BOYS PLATINUM-19 TEAMS'!H35&"" -> 14 | I57: ='16U BOYS PLATINUM-19 TEAMS'!I35&"" -> G bracket G1,G3 (1A,1C) | J57: ='16U BOYS PLATINUM-19 TEAMS'!J35&"" -> 16U_BOYS_PLATINUM
A58: ='16U BOYS GOLD-9 TEAMS'!A26 -> 45725 | B58: ='16U BOYS GOLD-9 TEAMS'!B26 -> 0.33333333 | C58: ='16U BOYS GOLD-9 TEAMS'!C26&"" -> COSTA MESA HS | D58: ='16U BOYS GOLD-9 TEAMS'!D26&"" -> 16Bau10 | E58: ='16U BOYS GOLD-9 TEAMS'!E26&"" -> D1(3rdA)-FOOTHILL BLACK | F58: ='16U BOYS GOLD-9 TEAMS'!F26&"" -> 5 | G58: ='16U BOYS GOLD-9 TEAMS'!G26&"" -> D3(3rdC)-TROJAN | H58: ='16U BOYS GOLD-9 TEAMS'!H26&"" -> 12 | I58: ='16U BOYS GOLD-9 TEAMS'!I26&"" -> D bracket (7th-9th) D1,D3 | J58: ='16U BOYS GOLD-9 TEAMS'!J26&"" -> 16U_BOYS_GOLD
A59: ='18U BOYS-24 TEAMS'!A69 -> 45725 | B59: ='18U BOYS-24 TEAMS'!B69 -> 0.33333333 | C59: ='18U BOYS-24 TEAMS'!C69&"" -> EL TORO HS | D59: ='18U BOYS-24 TEAMS'!D69&"" -> 18B28 | E59: ='18U BOYS-24 TEAMS'!E69&"" -> L1(3rdD)-TEXAS THUNDER | F59: ='18U BOYS-24 TEAMS'!F69&"" -> 10 | G59: ='18U BOYS-24 TEAMS'!G69&"" -> L3(3rdF)-PATRIOT | H59: ='18U BOYS-24 TEAMS'!H69&"" -> 12 | I59: ='18U BOYS-24 TEAMS'!I69&"" -> L bracket L1,L3 | J59: ='18U BOYS-24 TEAMS'!J69&"" -> 18U_BOYS
A60: ='18U BOYS-24 TEAMS'!A79 -> 45725 | B60: ='18U BOYS-24 TEAMS'!B79 -> 0.33333333 | C60: ='18U BOYS-24 TEAMS'!C79&"" -> ESTANCIA HS | D60: ='18U BOYS-24 TEAMS'!D79&"" -> 18B29 | E60: ='18U BOYS-24 TEAMS'!E79&"" -> M1(4thF)-MONARCHY | F60: ='18U BOYS-24 TEAMS'!F79&"" -> 6 | G60: ='18U BOYS-24 TEAMS'!G79&"" -> M3(4thD)-LA JOLLA UNITED NAVY | H60: ='18U BOYS-24 TEAMS'!H79&"" -> 10 | I60: ='18U BOYS-24 TEAMS'!I79&"" -> 19th-24th M1,M3 | J60: ='18U BOYS-24 TEAMS'!J79&"" -> 18U_BOYS
A61: ='16U BOYS PLATINUM-19 TEAMS'!A62 -> 45725 | B61: ='16U BOYS PLATINUM-19 TEAMS'!B62 -> 0.33333333 | C61: ='16U BOYS PLATINUM-19 TEAMS'!C62&"" -> MARINA HS | D61: ='16U BOYS PLATINUM-19 TEAMS'!D62&"" -> 16Bpt23 | E61: ='16U BOYS PLATINUM-19 TEAMS'!E62&"" -> J1(2ndD)-NEWPORT | F61: ='16U BOYS PLATINUM-19 TEAMS'!F62&"" -> 9.4 | G61: ='16U BOYS PLATINUM-19 TEAMS'!G62&"" -> J3(2ndF)-TROJAN | H61: ='16U BOYS PLATINUM-19 TEAMS'!H62&"" -> 9.3 | I61: ='16U BOYS PLATINUM-19 TEAMS'!I62&"" -> bracket J1,J3 | J61: ='16U BOYS PLATINUM-19 TEAMS'!J62&"" -> 16U_BOYS_PLATINUM
A62: ='18U BOYS-24 TEAMS'!A58 -> 45725 | B62: ='18U BOYS-24 TEAMS'!B58 -> 0.33333333 | C62: ='18U BOYS-24 TEAMS'!C58&"" -> TUSTIN HS | D62: ='18U BOYS-24 TEAMS'!D58&"" -> 18B27 | E62: ='18U BOYS-24 TEAMS'!E58&"" -> I1(2ndA)-VANGUARD BLUE | F62: ='18U BOYS-24 TEAMS'!F58&"" -> 6 | G62: ='18U BOYS-24 TEAMS'!G58&"" -> I3(2ndC)-SD SHORES BLACK | H62: ='18U BOYS-24 TEAMS'!H58&"" -> 7 | I62: ='18U BOYS-24 TEAMS'!I58&"" -> I bracket I1,I3 | J62: ='18U BOYS-24 TEAMS'!J58&"" -> 18U_BOYS
A63: ='16U BOYS PLATINUM-19 TEAMS'!A51 -> 45725 | B63: ='16U BOYS PLATINUM-19 TEAMS'!B51 -> 0.33333333 | C63: ='16U BOYS PLATINUM-19 TEAMS'!C51&"" -> WESTMINSTER HS | D63: ='16U BOYS PLATINUM-19 TEAMS'!D51&"" -> 16Bpt22 | E63: ='16U BOYS PLATINUM-19 TEAMS'!E51&"" -> H1(1stD)-CC UNITED BLACK | F63: ='16U BOYS PLATINUM-19 TEAMS'!F51&"" -> 15 | G63: ='16U BOYS PLATINUM-19 TEAMS'!G51&"" -> H3(1stF)-SD SHORES BLACK | H63: ='16U BOYS PLATINUM-19 TEAMS'!H51&"" -> 5 | I63: ='16U BOYS PLATINUM-19 TEAMS'!I51&"" -> H bracket H1,H3 (1D,1F) | J63: ='16U BOYS PLATINUM-19 TEAMS'!J51&"" -> 16U_BOYS_PLATINUM
A64: ='16U BOYS GOLD-9 TEAMS'!A27 -> 45725 | B64: ='16U BOYS GOLD-9 TEAMS'!B27 -> 0.375 | C64: ='16U BOYS GOLD-9 TEAMS'!C27&"" -> COSTA MESA HS | D64: ='16U BOYS GOLD-9 TEAMS'!D27&"" -> 16Bau12 | E64: ='16U BOYS GOLD-9 TEAMS'!E27&"" -> E1(2ndA)-MISSION B | F64: ='16U BOYS GOLD-9 TEAMS'!F27&"" -> 10 | G64: ='16U BOYS GOLD-9 TEAMS'!G27&"" -> E3(2ndC)-SD SHORES GOLD | H64: ='16U BOYS GOLD-9 TEAMS'!H27&"" -> 11 | I64: ='16U BOYS GOLD-9 TEAMS'!I27&"" -> E bracket (4th-6th) E1,E3 | J64: ='16U BOYS GOLD-9 TEAMS'!J27&"" -> 16U_BOYS_GOLD
A65: ='18U BOYS-24 TEAMS'!A70 -> 45725 | B65: ='18U BOYS-24 TEAMS'!B70 -> 0.375 | C65: ='18U BOYS-24 TEAMS'!C70&"" -> EL TORO HS | D65: ='18U BOYS-24 TEAMS'!D70&"" -> 18B31 | E65: ='18U BOYS-24 TEAMS'!E70&"" -> J1(2ndD)-NORTH IRVINE BEAST BOYS | F65: ='18U BOYS-24 TEAMS'!F70&"" -> 13 | G65: ='18U BOYS-24 TEAMS'!G70&"" -> J3(2ndF)-TROJAN | H65: ='18U BOYS-24 TEAMS'!H70&"" -> 11 | I65: ='18U BOYS-24 TEAMS'!I70&"" -> J bracket J1,J3 | J65: ='18U BOYS-24 TEAMS'!J70&"" -> 18U_BOYS
A66: ='18U BOYS-24 TEAMS'!A80 -> 45725 | B66: ='18U BOYS-24 TEAMS'!B80 -> 0.375 | C66: ='18U BOYS-24 TEAMS'!C80&"" -> ESTANCIA HS | D66: ='18U BOYS-24 TEAMS'!D80&"" -> 18B32 | E66: ='18U BOYS-24 TEAMS'!E80&"" -> N1(4thC)-FOOTHILL RED | F66: ='18U BOYS-24 TEAMS'!F80&"" -> 10 | G66: ='18U BOYS-24 TEAMS'!G80&"" -> N3(4thA)-NORTH IRVINE VEGAS | H66: ='18U BOYS-24 TEAMS'!H80&"" -> 9 | I66: ='18U BOYS-24 TEAMS'!I80&"" -> 19th-24th N1,N3 | J66: ='18U BOYS-24 TEAMS'!J80&"" -> 18U_BOYS
A67: ='16U BOYS PLATINUM-19 TEAMS'!A63 -> 45725 | B67: ='16U BOYS PLATINUM-19 TEAMS'!B63 -> 0.375 | C67: ='16U BOYS PLATINUM-19 TEAMS'!C63&"" -> MARINA HS | D67: ='16U BOYS PLATINUM-19 TEAMS'!D63&"" -> 16Bpt25 | E67: ='16U BOYS PLATINUM-19 TEAMS'!E63&"" -> K1(3rdA)-DIABLO RED | F67: ='16U BOYS PLATINUM-19 TEAMS'!F63&"" -> 8 | G67: ='16U BOYS PLATINUM-19 TEAMS'!G63&"" -> K3(3rdC)-CHAWP | H67: ='16U BOYS PLATINUM-19 TEAMS'!H63&"" -> 7 | I67: ='16U BOYS PLATINUM-19 TEAMS'!I63&"" -> bracket K1,K3 | J67: ='16U BOYS PLATINUM-19 TEAMS'!J63&"" -> 16U_BOYS_PLATINUM
A68: ='18U BOYS-24 TEAMS'!A59 -> 45725 | B68: ='18U BOYS-24 TEAMS'!B59 -> 0.375 | C68: ='18U BOYS-24 TEAMS'!C59&"" -> TUSTIN HS | D68: ='18U BOYS-24 TEAMS'!D59&"" -> 18B30 | E68: ='18U BOYS-24 TEAMS'!E59&"" -> G1(1stA)-LAMORINDA | F68: ='18U BOYS-24 TEAMS'!F59&"" -> 6 | G68: ='18U BOYS-24 TEAMS'!G59&"" -> G2(1stB)-NEWPORT | H68: ='18U BOYS-24 TEAMS'!H59&"" -> 7 | I68: ='18U BOYS-24 TEAMS'!I59&"" -> G bracket G1,G3 | J68: ='18U BOYS-24 TEAMS'!J59&"" -> 18U_BOYS
A69: ='16U BOYS PLATINUM-19 TEAMS'!A52 -> 45725 | B69: ='16U BOYS PLATINUM-19 TEAMS'!B52 -> 0.375 | C69: ='16U BOYS PLATINUM-19 TEAMS'!C52&"" -> WESTMINSTER HS | D69: ='16U BOYS PLATINUM-19 TEAMS'!D52&"" -> 16Bpt24 | E69: ='16U BOYS PLATINUM-19 TEAMS'!E52&"" -> I1(2ndA)-NORTH IRVINE BLACK | F69: ='16U BOYS PLATINUM-19 TEAMS'!F52&"" -> 10 | G69: ='16U BOYS PLATINUM-19 TEAMS'!G52&"" -> I3(2ndC)-LA JOLLA UNITED NAVY | H69: ='16U BOYS PLATINUM-19 TEAMS'!H52&"" -> 15 | I69: ='16U BOYS PLATINUM-19 TEAMS'!I52&"" -> I bracket I1,I3 (2A,2C) | J69: ='16U BOYS PLATINUM-19 TEAMS'!J52&"" -> 16U_BOYS_PLATINUM
A70: ='16U BOYS GOLD-9 TEAMS'!A28 -> 45725 | B70: ='16U BOYS GOLD-9 TEAMS'!B28 -> 0.41666667 | C70: ='16U BOYS GOLD-9 TEAMS'!C28&"" -> COSTA MESA HS | D70: ='16U BOYS GOLD-9 TEAMS'!D28&"" -> 16Bau11 | E70: ='16U BOYS GOLD-9 TEAMS'!E28&"" -> F1(1stA)-SAN FRANCISCO | F70: ='16U BOYS GOLD-9 TEAMS'!F28&"" -> 4 | G70: ='16U BOYS GOLD-9 TEAMS'!G28&"" -> F3(1stC)-CC UNITED BLUE | H70: ='16U BOYS GOLD-9 TEAMS'!H28&"" -> 9 | I70: ='16U BOYS GOLD-9 TEAMS'!I28&"" -> F bracket (1st-3rd) F1,F3 | J70: ='16U BOYS GOLD-9 TEAMS'!J28&"" -> 16U_BOYS_GOLD
A71: ='18U BOYS-24 TEAMS'!A71 -> 45725 | B71: ='18U BOYS-24 TEAMS'!B71 -> 0.41666667 | C71: ='18U BOYS-24 TEAMS'!C71&"" -> EL TORO HS | D71: ='18U BOYS-24 TEAMS'!D71&"" -> 18B34 | E71: ='18U BOYS-24 TEAMS'!E71&"" -> K1(3rdA)-LA PREMIER | F71: ='18U BOYS-24 TEAMS'!F71&"" -> 12 | G71: ='18U BOYS-24 TEAMS'!G71&"" -> K3(3rdC)-CHAWP | H71: ='18U BOYS-24 TEAMS'!H71&"" -> 15 | I71: ='18U BOYS-24 TEAMS'!I71&"" -> K bracket K1,K3 | J71: ='18U BOYS-24 TEAMS'!J71&"" -> 18U_BOYS
A72: ='18U BOYS-24 TEAMS'!A81 -> 45725 | B72: ='18U BOYS-24 TEAMS'!B81 -> 0.41666667 | C72: ='18U BOYS-24 TEAMS'!C81&"" -> ESTANCIA HS | D72: ='18U BOYS-24 TEAMS'!D81&"" -> 18B35 | E72: ='18U BOYS-24 TEAMS'!E81&"" -> M2(4thE)-DIABLO RED | F72: ='18U BOYS-24 TEAMS'!F81&"" -> 6 | G72: ='18U BOYS-24 TEAMS'!G81&"" -> M3(4thD)-LA JOLLA UNITED NAVY | H72: ='18U BOYS-24 TEAMS'!H81&"" -> 16 | I72: ='18U BOYS-24 TEAMS'!I81&"" -> 19th-24th M2,M3 | J72: ='18U BOYS-24 TEAMS'!J81&"" -> 18U_BOYS
A73: ='16U BOYS PLATINUM-19 TEAMS'!A64 -> 45725 | B73: ='16U BOYS PLATINUM-19 TEAMS'!B64 -> 0.41666667 | C73: ='16U BOYS PLATINUM-19 TEAMS'!C64&"" -> MARINA HS | D73: ='16U BOYS PLATINUM-19 TEAMS'!D64&"" -> 16Bpt27 | E73: ='16U BOYS PLATINUM-19 TEAMS'!E64&"" -> L1(3rdD)-PATRIOT | F73: ='16U BOYS PLATINUM-19 TEAMS'!F64&"" -> 12 | G73: ='16U BOYS PLATINUM-19 TEAMS'!G64&"" -> L4(4thF)-FOOTHILL RED | H73: ='16U BOYS PLATINUM-19 TEAMS'!H64&"" -> 11 | I73: ='16U BOYS PLATINUM-19 TEAMS'!I64&"" -> W/L L1/L4 | J73: ='16U BOYS PLATINUM-19 TEAMS'!J64&"" -> 16U_BOYS_PLATINUM
A74: ='18U BOYS-24 TEAMS'!A60 -> 45725 | B74: ='18U BOYS-24 TEAMS'!B60 -> 0.41666667 | C74: ='18U BOYS-24 TEAMS'!C60&"" -> TUSTIN HS | D74: ='18U BOYS-24 TEAMS'!D60&"" -> 18B33 | E74: ='18U BOYS-24 TEAMS'!E60&"" -> H1(1stD)-STANFORD | F74: ='18U BOYS-24 TEAMS'!F60&"" -> 10.3 | G74: ='18U BOYS-24 TEAMS'!G60&"" -> H3(1stF)-CHANNEL ISLANDS UNITED GOLD | H74: ='18U BOYS-24 TEAMS'!H60&"" -> 10.4 | I74: ='18U BOYS-24 TEAMS'!I60&"" -> H bracket H1,H3 | J74: ='18U BOYS-24 TEAMS'!J60&"" -> 18U_BOYS
A75: ='16U BOYS PLATINUM-19 TEAMS'!A53 -> 45725 | B75: ='16U BOYS PLATINUM-19 TEAMS'!B53 -> 0.41666667 | C75: ='16U BOYS PLATINUM-19 TEAMS'!C53&"" -> WESTMINSTER HS | D75: ='16U BOYS PLATINUM-19 TEAMS'!D53&"" -> 16Bpt26 | E75: ='16U BOYS PLATINUM-19 TEAMS'!E53&"" -> G2(1stB)-CHANNEL ISLANDS UNITED GOLD | F75: ='16U BOYS PLATINUM-19 TEAMS'!F53&"" -> 11 | G75: ='16U BOYS PLATINUM-19 TEAMS'!G53&"" -> G3(1stC)-STANFORD | H75: ='16U BOYS PLATINUM-19 TEAMS'!H53&"" -> 12 | I75: ='16U BOYS PLATINUM-19 TEAMS'!I53&"" -> G bracket G2,G3 (1B,1C) | J75: ='16U BOYS PLATINUM-19 TEAMS'!J53&"" -> 16U_BOYS_PLATINUM
A76: ='16U BOYS GOLD-9 TEAMS'!A29 -> 45725 | B76: ='16U BOYS GOLD-9 TEAMS'!B29 -> 0.45833333 | C76: ='16U BOYS GOLD-9 TEAMS'!C29&"" -> COSTA MESA HS | D76: ='16U BOYS GOLD-9 TEAMS'!D29&"" -> 16Bau13 | E76: ='16U BOYS GOLD-9 TEAMS'!E29&"" -> D2(3rdB)-OCWP RED | F76: ='16U BOYS GOLD-9 TEAMS'!F29&"" -> 7 | G76: ='16U BOYS GOLD-9 TEAMS'!G29&"" -> D3(3rdC)-TROJAN | H76: ='16U BOYS GOLD-9 TEAMS'!H29&"" -> 2 | I76: ='16U BOYS GOLD-9 TEAMS'!I29&"" -> D bracket (7th-9th) D2,D3 | J76: ='16U BOYS GOLD-9 TEAMS'!J29&"" -> 16U_BOYS_GOLD
A77: ='18U BOYS-24 TEAMS'!A72 -> 45725 | B77: ='18U BOYS-24 TEAMS'!B72 -> 0.45833333 | C77: ='18U BOYS-24 TEAMS'!C72&"" -> EL TORO HS | D77: ='18U BOYS-24 TEAMS'!D72&"" -> 18B37 | E77: ='18U BOYS-24 TEAMS'!E72&"" -> L2(3rdE)-ROSE BOWL RED | F77: ='18U BOYS-24 TEAMS'!F72&"" -> 6 | G77: ='18U BOYS-24 TEAMS'!G72&"" -> L3(3rdF)-PATRIOT | H77: ='18U BOYS-24 TEAMS'!H72&"" -> 10 | I77: ='18U BOYS-24 TEAMS'!I72&"" -> L bracket L2,L3 | J77: ='18U BOYS-24 TEAMS'!J72&"" -> 18U_BOYS
A78: ='18U BOYS-24 TEAMS'!A82 -> 45725 | B78: ='18U BOYS-24 TEAMS'!B82 -> 0.45833333 | C78: ='18U BOYS-24 TEAMS'!C82&"" -> ESTANCIA HS | D78: ='18U BOYS-24 TEAMS'!D82&"" -> 18B38 | E78: ='18U BOYS-24 TEAMS'!E82&"" -> N2(4thB)-ORANGE COUNTY WPC BLUE | F78: ='18U BOYS-24 TEAMS'!F82&"" -> 10 | G78: ='18U BOYS-24 TEAMS'!G82&"" -> N3(4thA)-NORTH IRVINE VEGAS | H78: ='18U BOYS-24 TEAMS'!H82&"" -> 12 | I78: ='18U BOYS-24 TEAMS'!I82&"" -> 19th-24th N2,N3 | J78: ='18U BOYS-24 TEAMS'!J82&"" -> 18U_BOYS
A79: ='16U BOYS PLATINUM-19 TEAMS'!A65 -> 45725 | B79: ='16U BOYS PLATINUM-19 TEAMS'!B65 -> 0.45833333 | C79: ='16U BOYS PLATINUM-19 TEAMS'!C65&"" -> MARINA HS | D79: ='16U BOYS PLATINUM-19 TEAMS'!D65&"" -> 16Bpt29 | E79: ='16U BOYS PLATINUM-19 TEAMS'!E65&"" -> L2(3rdE)-VANGUARD BLUE | F79: ='16U BOYS PLATINUM-19 TEAMS'!F65&"" -> 13 | G79: ='16U BOYS PLATINUM-19 TEAMS'!G65&"" -> L3(3rdF)-TEXAS THUINDER | H79: ='16U BOYS PLATINUM-19 TEAMS'!H65&"" -> 12 | I79: ='16U BOYS PLATINUM-19 TEAMS'!I65&"" -> W/L L2/L3 | J79: ='16U BOYS PLATINUM-19 TEAMS'!J65&"" -> 16U_BOYS_PLATINUM
A80: ='18U BOYS-24 TEAMS'!A61 -> 45725 | B80: ='18U BOYS-24 TEAMS'!B61 -> 0.45833333 | C80: ='18U BOYS-24 TEAMS'!C61&"" -> TUSTIN HS | D80: ='18U BOYS-24 TEAMS'!D61&"" -> 18B36 | E80: ='18U BOYS-24 TEAMS'!E61&"" -> I2(2ndB)-SAN FRANCISCO | F80: ='18U BOYS-24 TEAMS'!F61&"" -> 11 | G80: ='18U BOYS-24 TEAMS'!G61&"" -> I3(2ndC)-SD SHORES BLACK | H80: ='18U BOYS-24 TEAMS'!H61&"" -> 8 | I80: ='18U BOYS-24 TEAMS'!I61&"" -> I bracket I2,I3 | J80: ='18U BOYS-24 TEAMS'!J61&"" -> 18U_BOYS
A81: ='16U BOYS PLATINUM-19 TEAMS'!A54 -> 45725 | B81: ='16U BOYS PLATINUM-19 TEAMS'!B54 -> 0.45833333 | C81: ='16U BOYS PLATINUM-19 TEAMS'!C54&"" -> WESTMINSTER HS | D81: ='16U BOYS PLATINUM-19 TEAMS'!D54&"" -> 16Bpt28 | E81: ='16U BOYS PLATINUM-19 TEAMS'!E54&"" -> H1(1stD)-CC UNITED BLACK | F81: ='16U BOYS PLATINUM-19 TEAMS'!F54&"" -> 11 | G81: ='16U BOYS PLATINUM-19 TEAMS'!G54&"" -> H2(1stE)-MISSION | H81: ='16U BOYS PLATINUM-19 TEAMS'!H54&"" -> 7 | I81: ='16U BOYS PLATINUM-19 TEAMS'!I54&"" -> H bracket H1,H2 (1D.1E) | J81: ='16U BOYS PLATINUM-19 TEAMS'!J54&"" -> 16U_BOYS_PLATINUM
A82: ='16U BOYS GOLD-9 TEAMS'!A30 -> 45725 | B82: ='16U BOYS GOLD-9 TEAMS'!B30 -> 0.5 | C82: ='16U BOYS GOLD-9 TEAMS'!C30&"" -> COSTA MESA HS | D82: ='16U BOYS GOLD-9 TEAMS'!D30&"" -> 16Bau14 | E82: ='16U BOYS GOLD-9 TEAMS'!E30&"" -> E2(2ndB)-PEGASUS | F82: ='16U BOYS GOLD-9 TEAMS'!F30&"" -> 7 | G82: ='16U BOYS GOLD-9 TEAMS'!G30&"" -> E3(2ndC)-SD SHORES GOLD | H82: ='16U BOYS GOLD-9 TEAMS'!H30&"" -> 17 | I82: ='16U BOYS GOLD-9 TEAMS'!I30&"" -> E bracket (4th-6th) E2,E3 | J82: ='16U BOYS GOLD-9 TEAMS'!J30&"" -> 16U_BOYS_GOLD
A83: ='18U BOYS-24 TEAMS'!A73 -> 45725 | B83: ='18U BOYS-24 TEAMS'!B73 -> 0.5 | C83: ='18U BOYS-24 TEAMS'!C73&"" -> EL TORO HS | D83: ='18U BOYS-24 TEAMS'!D73&"" -> 18B40 | E83: ='18U BOYS-24 TEAMS'!E73&"" -> J2(2ndE-SOCAL BLACK | F83: ='18U BOYS-24 TEAMS'!F73&"" -> 9 | G83: ='18U BOYS-24 TEAMS'!G73&"" -> J3(2ndF)-TROJAN | H83: ='18U BOYS-24 TEAMS'!H73&"" -> 7 | I83: ='18U BOYS-24 TEAMS'!I73&"" -> J bracket J2,J3 | J83: ='18U BOYS-24 TEAMS'!J73&"" -> 18U_BOYS
A84: ='18U BOYS-24 TEAMS'!A83 -> 45725 | B84: ='18U BOYS-24 TEAMS'!B83 -> 0.5 | C84: ='18U BOYS-24 TEAMS'!C83&"" -> ESTANCIA HS | D84: ='18U BOYS-24 TEAMS'!D83&"" -> 18B41 | E84: ='18U BOYS-24 TEAMS'!E83&"" -> M1(4thF)-MONARCHY | F84: ='18U BOYS-24 TEAMS'!F83&"" -> 10 | G84: ='18U BOYS-24 TEAMS'!G83&"" -> M2(4thE)-DIABLO RED | H84: ='18U BOYS-24 TEAMS'!H83&"" -> 12 | I84: ='18U BOYS-24 TEAMS'!I83&"" -> 19th-24th M1,M2 | J84: ='18U BOYS-24 TEAMS'!J83&"" -> 18U_BOYS
A85: ='16U BOYS PLATINUM-19 TEAMS'!A66 -> 45725 | B85: ='16U BOYS PLATINUM-19 TEAMS'!B66 -> 0.5 | C85: ='16U BOYS PLATINUM-19 TEAMS'!C66&"" -> MARINA HS | D85: ='16U BOYS PLATINUM-19 TEAMS'!D66&"" -> 16Bpt31 | E85: ='16U BOYS PLATINUM-19 TEAMS'!E66&"" -> J2(2ndE)-ATHERTON | F85: ='16U BOYS PLATINUM-19 TEAMS'!F66&"" -> 14 | G85: ='16U BOYS PLATINUM-19 TEAMS'!G66&"" -> J3(2ndF)-TROJAN | H85: ='16U BOYS PLATINUM-19 TEAMS'!H66&"" -> 9 | I85: ='16U BOYS PLATINUM-19 TEAMS'!I66&"" -> bracket J2,J3 | J85: ='16U BOYS PLATINUM-19 TEAMS'!J66&"" -> 16U_BOYS_PLATINUM
A86: ='18U BOYS-24 TEAMS'!A62 -> 45725 | B86: ='18U BOYS-24 TEAMS'!B62 -> 0.5 | C86: ='18U BOYS-24 TEAMS'!C62&"" -> TUSTIN HS | D86: ='18U BOYS-24 TEAMS'!D62&"" -> 18B39 | E86: ='18U BOYS-24 TEAMS'!E62&"" -> G2(1stB)-NEWPORT | F86: ='18U BOYS-24 TEAMS'!F62&"" -> 13 | G86: ='18U BOYS-24 TEAMS'!G62&"" -> G2(1stC)-CC UNITED | H86: ='18U BOYS-24 TEAMS'!H62&"" -> 6 | I86: ='18U BOYS-24 TEAMS'!I62&"" -> G bracket G2,G3 | J86: ='18U BOYS-24 TEAMS'!J62&"" -> 18U_BOYS
A87: ='16U BOYS PLATINUM-19 TEAMS'!A55 -> 45725 | B87: ='16U BOYS PLATINUM-19 TEAMS'!B55 -> 0.5 | C87: ='16U BOYS PLATINUM-19 TEAMS'!C55&"" -> WESTMINSTER HS | D87: ='16U BOYS PLATINUM-19 TEAMS'!D55&"" -> 16Bpt30 | E87: ='16U BOYS PLATINUM-19 TEAMS'!E55&"" -> I2(2ndB)-ORANGE COUNTY WPC BLUE | F87: ='16U BOYS PLATINUM-19 TEAMS'!F55&"" -> 10 | G87: ='16U BOYS PLATINUM-19 TEAMS'!G55&"" -> I3(2ndC)-LA JOLLA UNITED NAVY | H87: ='16U BOYS PLATINUM-19 TEAMS'!H55&"" -> 14 | I87: ='16U BOYS PLATINUM-19 TEAMS'!I55&"" -> I bracket I2,I3 (2B,2C) | J87: ='16U BOYS PLATINUM-19 TEAMS'!J55&"" -> 16U_BOYS_PLATINUM
A88: ='16U BOYS GOLD-9 TEAMS'!A31 -> 45725 | B88: ='16U BOYS GOLD-9 TEAMS'!B31 -> 0.54166667 | C88: ='16U BOYS GOLD-9 TEAMS'!C31&"" -> COSTA MESA HS | D88: ='16U BOYS GOLD-9 TEAMS'!D31&"" -> 16Bau15 | E88: ='16U BOYS GOLD-9 TEAMS'!E31&"" -> F2(1stB)-LA PREMIER | F88: ='16U BOYS GOLD-9 TEAMS'!F31&"" -> 11 | G88: ='16U BOYS GOLD-9 TEAMS'!G31&"" -> F3(1stC)-CC UNITED BLUE | H88: ='16U BOYS GOLD-9 TEAMS'!H31&"" -> 6 | I88: ='16U BOYS GOLD-9 TEAMS'!I31&"" -> F bracket (1st-3rd) F2,F3 | J88: ='16U BOYS GOLD-9 TEAMS'!J31&"" -> 16U_BOYS_GOLD
A89: ='18U BOYS-24 TEAMS'!A74 -> 45725 | B89: ='18U BOYS-24 TEAMS'!B74 -> 0.54166667 | C89: ='18U BOYS-24 TEAMS'!C74&"" -> EL TORO HS | D89: ='18U BOYS-24 TEAMS'!D74&"" -> 18B43 | E89: ='18U BOYS-24 TEAMS'!E74&"" -> K2(3rdB)-IMPERIAL BLUE | F89: ='18U BOYS-24 TEAMS'!F74&"" -> 13 | G89: ='18U BOYS-24 TEAMS'!G74&"" -> K3(3rdC)-CHAWP | H89: ='18U BOYS-24 TEAMS'!H74&"" -> 9 | I89: ='18U BOYS-24 TEAMS'!I74&"" -> K bracket K2,K3 | J89: ='18U BOYS-24 TEAMS'!J74&"" -> 18U_BOYS
A90: ='18U BOYS-24 TEAMS'!A84 -> 45725 | B90: ='18U BOYS-24 TEAMS'!B84 -> 0.54166667 | C90: ='18U BOYS-24 TEAMS'!C84&"" -> ESTANCIA HS | D90: ='18U BOYS-24 TEAMS'!D84&"" -> 18B44 | E90: ='18U BOYS-24 TEAMS'!E84&"" -> N1(4thC)-FOOTHILL RED | F90: ='18U BOYS-24 TEAMS'!F84&"" -> 13 | G90: ='18U BOYS-24 TEAMS'!G84&"" -> N2(4thB)-ORANGE COUNTY WPC BLUE | H90: ='18U BOYS-24 TEAMS'!H84&"" -> 11 | I90: ='18U BOYS-24 TEAMS'!I84&"" -> 19th-24th N1,N2 | J90: ='18U BOYS-24 TEAMS'!J84&"" -> 18U_BOYS
A91: ='16U BOYS PLATINUM-19 TEAMS'!A67 -> 45725 | B91: ='16U BOYS PLATINUM-19 TEAMS'!B67 -> 0.54166667 | C91: ='16U BOYS PLATINUM-19 TEAMS'!C67&"" -> MARINA HS | D91: ='16U BOYS PLATINUM-19 TEAMS'!D67&"" -> 16Bpt33 | E91: ='16U BOYS PLATINUM-19 TEAMS'!E67&"" -> K2(3rdB)-ROSE BOWL RED | F91: ='16U BOYS PLATINUM-19 TEAMS'!F67&"" -> 19 | G91: ='16U BOYS PLATINUM-19 TEAMS'!G67&"" -> K3(3rdC)-CHAWP | H91: ='16U BOYS PLATINUM-19 TEAMS'!H67&"" -> 15 | I91: ='16U BOYS PLATINUM-19 TEAMS'!I67&"" -> bracket K2,K3 | J91: ='16U BOYS PLATINUM-19 TEAMS'!J67&"" -> 16U_BOYS_PLATINUM
A92: ='18U BOYS-24 TEAMS'!A63 -> 45725 | B92: ='18U BOYS-24 TEAMS'!B63 -> 0.54166667 | C92: ='18U BOYS-24 TEAMS'!C63&"" -> TUSTIN HS | D92: ='18U BOYS-24 TEAMS'!D63&"" -> 18B42 | E92: ='18U BOYS-24 TEAMS'!E63&"" -> H2(1stE)-DEL MAR | F92: ='18U BOYS-24 TEAMS'!F63&"" -> 10.1 | G92: ='18U BOYS-24 TEAMS'!G63&"" -> H3(1stF)-CHANNEL ISLANDS UNITED GOLD | H92: ='18U BOYS-24 TEAMS'!H63&"" -> 10.2 | I92: ='18U BOYS-24 TEAMS'!I63&"" -> H bracket H2,H3 | J92: ='18U BOYS-24 TEAMS'!J63&"" -> 18U_BOYS
A93: ='16U BOYS PLATINUM-19 TEAMS'!A56 -> 45725 | B93: ='16U BOYS PLATINUM-19 TEAMS'!B56 -> 0.54166667 | C93: ='16U BOYS PLATINUM-19 TEAMS'!C56&"" -> WESTMINSTER HS | D93: ='16U BOYS PLATINUM-19 TEAMS'!D56&"" -> 16Bpt32 | E93: ='16U BOYS PLATINUM-19 TEAMS'!E56&"" -> G1(1stA)-DEL MAR | F93: ='16U BOYS PLATINUM-19 TEAMS'!F56&"" -> 14 | G93: ='16U BOYS PLATINUM-19 TEAMS'!G56&"" -> G2(1stB)-CHANNEL ISLANDS UNITED GOLD | H93: ='16U BOYS PLATINUM-19 TEAMS'!H56&"" -> 8 | I93: ='16U BOYS PLATINUM-19 TEAMS'!I56&"" -> G bracket G1,G2 (1A,1B) | J93: ='16U BOYS PLATINUM-19 TEAMS'!J56&"" -> 16U_BOYS_PLATINUM
A94: ='16U BOYS GOLD-9 TEAMS'!A32 -> 45725 | B94: ='16U BOYS GOLD-9 TEAMS'!B32 -> 0.58333333 | C94: ='16U BOYS GOLD-9 TEAMS'!C32&"" -> COSTA MESA HS | D94: ='16U BOYS GOLD-9 TEAMS'!D32&"" -> 16Bau16 | E94: ='16U BOYS GOLD-9 TEAMS'!E32&"" -> D1(3rdA)-FOOTHILL BLACK | F94: ='16U BOYS GOLD-9 TEAMS'!F32&"" -> 6 | G94: ='16U BOYS GOLD-9 TEAMS'!G32&"" -> D2(3rdB)-OCWP RED | H94: ='16U BOYS GOLD-9 TEAMS'!H32&"" -> 16 | I94: ='16U BOYS GOLD-9 TEAMS'!I32&"" -> D bracket (7th-9th) D1,D2 | J94: ='16U BOYS GOLD-9 TEAMS'!J32&"" -> 16U_BOYS_GOLD
A95: ='18U BOYS-24 TEAMS'!A75 -> 45725 | B95: ='18U BOYS-24 TEAMS'!B75 -> 0.58333333 | C95: ='18U BOYS-24 TEAMS'!C75&"" -> EL TORO HS | D95: ='18U BOYS-24 TEAMS'!D75&"" -> 18B46 | E95: ='18U BOYS-24 TEAMS'!E75&"" -> L1(3rdD)-TEXAS THUNDER | F95: ='18U BOYS-24 TEAMS'!F75&"" -> 16 | G95: ='18U BOYS-24 TEAMS'!G75&"" -> L2(3rdE)-ROSE BOWL RED | H95: ='18U BOYS-24 TEAMS'!H75&"" -> 7 | I95: ='18U BOYS-24 TEAMS'!I75&"" -> L bracket L1,L2 | J95: ='18U BOYS-24 TEAMS'!J75&"" -> 18U_BOYS
A96: ='16U BOYS PLATINUM-19 TEAMS'!A68 -> 45725 | B96: ='16U BOYS PLATINUM-19 TEAMS'!B68 -> 0.58333333 | C96: ='16U BOYS PLATINUM-19 TEAMS'!C68&"" -> MARINA HS | D96: ='16U BOYS PLATINUM-19 TEAMS'!D68&"" -> 16Bpt35 | E96: ='16U BOYS PLATINUM-19 TEAMS'!E68&"" -> PATRIOT | F96: ='16U BOYS PLATINUM-19 TEAMS'!F68&"" -> 12 | G96: ='16U BOYS PLATINUM-19 TEAMS'!G68&"" -> L#29-TEXAS THUINDER | H96: ='16U BOYS PLATINUM-19 TEAMS'!H68&"" -> 11 | I96: ='16U BOYS PLATINUM-19 TEAMS'!I68&"" -> 3rd/4thL | J96: ='16U BOYS PLATINUM-19 TEAMS'!J68&"" -> 16U_BOYS_PLATINUM
A97: ='18U BOYS-24 TEAMS'!A64 -> 45725 | B97: ='18U BOYS-24 TEAMS'!B64 -> 0.58333333 | C97: ='18U BOYS-24 TEAMS'!C64&"" -> TUSTIN HS | D97: ='18U BOYS-24 TEAMS'!D64&"" -> 18B45 | E97: ='18U BOYS-24 TEAMS'!E64&"" -> I1(2ndA)-VANGUARD BLUE | F97: ='18U BOYS-24 TEAMS'!F64&"" -> 9 | G97: ='18U BOYS-24 TEAMS'!G64&"" -> I2(2ndB)-SAN FRANCISCO | H97: ='18U BOYS-24 TEAMS'!H64&"" -> 13 | I97: ='18U BOYS-24 TEAMS'!I64&"" -> I bracket I1,2 | J97: ='18U BOYS-24 TEAMS'!J64&"" -> 18U_BOYS
A98: ='16U BOYS PLATINUM-19 TEAMS'!A57 -> 45725 | B98: ='16U BOYS PLATINUM-19 TEAMS'!B57 -> 0.58333333 | C98: ='16U BOYS PLATINUM-19 TEAMS'!C57&"" -> WESTMINSTER HS | D98: ='16U BOYS PLATINUM-19 TEAMS'!D57&"" -> 16Bpt34 | E98: ='16U BOYS PLATINUM-19 TEAMS'!E57&"" -> I1(2ndA)-NORTH IRVINE BLACK | F98: ='16U BOYS PLATINUM-19 TEAMS'!F57&"" -> 11 | G98: ='16U BOYS PLATINUM-19 TEAMS'!G57&"" -> I2(2ndB)-ORANGE COUNTY WPC BLUE | H98: ='16U BOYS PLATINUM-19 TEAMS'!H57&"" -> 10 | I98: ='16U BOYS PLATINUM-19 TEAMS'!I57&"" -> I bracket I1,I2 (2A,2B) | J98: ='16U BOYS PLATINUM-19 TEAMS'!J57&"" -> 16U_BOYS_PLATINUM
A99: ='16U BOYS GOLD-9 TEAMS'!A33 -> 45725 | B99: ='16U BOYS GOLD-9 TEAMS'!B33 -> 0.625 | C99: ='16U BOYS GOLD-9 TEAMS'!C33&"" -> COSTA MESA HS | D99: ='16U BOYS GOLD-9 TEAMS'!D33&"" -> 16Bau17 | E99: ='16U BOYS GOLD-9 TEAMS'!E33&"" -> E1(2ndA)-MISSION B | F99: ='16U BOYS GOLD-9 TEAMS'!F33&"" -> 12 | G99: ='16U BOYS GOLD-9 TEAMS'!G33&"" -> E2(2ndB)-PEGASUS | H99: ='16U BOYS GOLD-9 TEAMS'!H33&"" -> 10 | I99: ='16U BOYS GOLD-9 TEAMS'!I33&"" -> E bracket (4th-6th) E1,E2 | J99: ='16U BOYS GOLD-9 TEAMS'!J33&"" -> 16U_BOYS_GOLD
A100: ='18U BOYS-24 TEAMS'!A76 -> 45725 | B100: ='18U BOYS-24 TEAMS'!B76 -> 0.625 | C100: ='18U BOYS-24 TEAMS'!C76&"" -> EL TORO HS | D100: ='18U BOYS-24 TEAMS'!D76&"" -> 18B48 | E100: ='18U BOYS-24 TEAMS'!E76&"" -> J1(2ndD)-NORTH IRVINE BEAST BOYS | F100: ='18U BOYS-24 TEAMS'!F76&"" -> 20 | G100: ='18U BOYS-24 TEAMS'!G76&"" -> J2(2ndE-SOCAL BLACK | H100: ='18U BOYS-24 TEAMS'!H76&"" -> 5 | I100: ='18U BOYS-24 TEAMS'!I76&"" -> J bracket J1,J2 | J100: ='18U BOYS-24 TEAMS'!J76&"" -> 18U_BOYS
...

Sheet TEAM LISTING AND BRACKETS
A1: 2025 NEWPORT SPRING INVITE
A2: CC UNITED BLUE | B2: 16U_GOLD | D2: A | E2: B | F2: C
A3: FOOTHILL BLACK | B3: 16U_GOLD | D3: A1-SAN FRANCISCO | E3: B1-LA PREMIER | F3: C1-TROJAN
A4: LA PEMIER | B4: 16U_GOLD | D4: A2-MISSION B | E4: B2-PEGASUS WP | F4: C2-CC UNITED BLUE
A5: MISSION B | B5: 16U_GOLD | D5: A3-FOOTHILL BLACK | E5: B3-OCWP RED | F5: C3-SD SHORES GOLD
A6: OCWP RED | B6: 16U_GOLD
A7: PEGASUS WP | B7: 16U_GOLD | D7: D | E7: E | F7: F
A8: SD SHORES GOLD | B8: 16U_GOLD | D8: D1(3rdA)- | E8: E1(2ndA)- | F8: F1(1stA)-
A9: SAN FRANCISCO | B9: 16U_GOLD | D9: D2(3rdB)- | E9: E2(2ndB)- | F9: F2(1stB)-
A10: TROJAN | B10: 16U_GOLD | C10: 9 | D10: D3(3rdC)- | E10: E3(2ndC)- | F10: F3(1stC)-
A12: ATHERTON | B12: 16U_PLATINUM | D12: A | E12: B | F12: C | G12: D | H12: E | I12: F
A13: CC UNITED BLACK | B13: 16U_PLATINUM | D13: 1 | E13: 4 | F13: 5 | G13: 2 | H13: 3 | I13: 6
A14: CHANNEL ISLANDS GOLD | B14: 16U_PLATINUM | D14: 12 | E14: 9 | F14: 8 | G14: 11 | H14: 10 | I14: 7
A15: CHAWP | B15: 16U_PLATINUM | D15: 13 | E15: 16 | F15: 17 | G15: 14 | H15: 15 | I15: 18
A16: DEL MAR | B16: 16U_PLATINUM | I16: 19
A17: DIABLO RED | B17: 16U_PLATINUM | D17: A | E17: B | F17: C | G17: D | H17: E | I17: F
A18: FOOTHILL RED | B18: 16U_PLATINUM | D18: A1-DEL MAR | E18: B1-CHANNEL ISLANDS GOLD | F18: C1-STANFORD | G18: D1-CC UNITED BLACK | H18: E1-MISSION A | I18: F1-TROJAN
A19: LA JOLLA UNITED NAVY | B19: 16U_PLATINUM | D19: A2-DIABLO RED | E19: B2-ORANGE COUNTY WPC BLUE | F19: C2-LA JOLLA UNITED NAVY | G19: D2-NEWPORT | H19: E2-ATHERTON | I19: F2-SD SHORES BLACK
A20: MISSION A | B20: 16U_PLATINUM | D20: A3-NORTH IRVINE BLACK | E20: B3-ROSE BOWL RED | F20: C3-CHAWP | G20: D3-PATRIOT | H20: E3-VANGUARD BLUE | I20: F3-TEXAS THUINDER
A21: NEWPORT | B21: 16U_PLATINUM | I21: F4-FOOTHILL RED
A22: NORTH IRVINE BLACK | B22: 16U_PLATINUM
A23: OCWP BLUE | B23: 16U_PLATINUM | D23: G (1st-6th) | E23: H (1st-6th) | F23: I (7th-12th) | G23: J (7th-12th) | H23: K (13th-18th) | I23: L (13th-19th)
A24: PATRIOT | B24: 16U_PLATINUM | D24: G1(1stA)- | E24: H1(1stD)- | F24: I1(2ndA)- | G24: J1(2ndD)- | H24: K1(3rdA)- | I24: L1(3rdD)-
A25: ROSE BOWL RED | B25: 16U_PLATINUM | D25: G2(1stB)- | E25: H2(1stE)- | F25: I2(2ndB)- | G25: J2(2ndE)- | H25: K2(3rdB)- | I25: L2(3rdE)-
A26: SD SHORES BLACK | B26: 16U_PLATINUM | D26: G3(1stC)- | E26: =IF(I53="","H3(1stF)-",IF(I53>K54,_xlfn.CONCAT("H3(1stF)-",RIGHT(H53,LEN(H53) - FIND("-",H53))), _xlfn.CONCAT("H3(1stF)-",RIGHT(J54,LEN(J54) - FIND("-",J54))))) -> H3(1stF)- | F26: I3(2ndC)- | G26: =IF(I53="","J3(2ndF)-",IF(I53<K54,_xlfn.CONCAT("J3(2ndF)-",RIGHT(H53,LEN(H53) - FIND("-",H53))), _xlfn.CONCAT("J3(2ndF)-",RIGHT(J54,LEN(J54) - FIND("-",J54))))) -> #VALUE! | H26: K3(3rdC)- | I26: =IF(I54="","L3(3rdF)-",IF(I54>K55,_xlfn.CONCAT("L3(3rdF)-",RIGHT(H54,LEN(H54) - FIND("-",H54))), _xlfn.CONCAT("L3(3rdF)-",RIGHT(J55,LEN(J55) - FIND("-",J55))))) -> #VALUE!
A27: STANFORD | B27: 16U_PLATINUM | I27: =IF(I54="","L4(4thF)-",IF(I54<K55,_xlfn.CONCAT("L4(4thF)-",RIGHT(H54,LEN(H54) - FIND("-",H54))), _xlfn.CONCAT("L4(4thF)-",RIGHT(J55,LEN(J55) - FIND("-",J55))))) -> #VALUE!
A28: TEXAS THUNDER | B28: 16U_PLATINUM | D28: N Overall 3rd | E28: O Overall 1st | F28: P Overall 5th
A29: TROJAN | B29: 16U_PLATINUM | D29: N1(2ndG)- | E29: O1(1stG)- | F29: P1(3rdG)-
A30: VANGUARD BLUE | B30: 16U_PLATINUM | C30: 19 | D30: N2(2ndH)- | E30: O2(1stH)- | F30: P2(3rdH)-
A32: FOOTHILL BLACK | B32: 18U_GOLD | D32: A
A33: IMPERIAL GREEN | B33: 18U_GOLD | D33: A1-IMPERIAL GREEN
A34: NORTH IRVINE BLACK | B34: 18U_GOLD | D34: A2-NORTH IRVINE BLACK
A35: OCWP RED | B35: 18U_GOLD | D35: A3-FOOTHILL BLACK
C36: 4 | D36: A4-ORANGE COUNTY WPC RED
A38: CC UNITED | B38: 18U_PLATINUM | D38: A | E38: B | F38: C | G38: D | H38: E | I38: F
A39: CHANNEL ISLANDS GOLD | B39: 18U_PLATINUM | D39: 1 | E39: 4 | F39: 5 | G39: 2 | H39: 3 | I39: 6
A40: CHAWP | B40: 18U_PLATINUM | D40: 12 | E40: 9 | F40: 8 | G40: 11 | H40: 10 | I40: 7
A41: DEL MAR | B41: 18U_PLATINUM | D41: 13 | E41: 16 | F41: 17 | G41: 14 | H41: 15 | I41: 18
A42: DIABLO RED | B42: 18U_PLATINUM | E42: 21 | F42: 20 | G42: 23 | H42: 22 | I42: 19
A43: FOOTHILL RED | B43: 18U_PLATINUM
A44: IMPERIAL BLUE | B44: 18U_PLATINUM | D44: A | E44: B | F44: C | G44: D | H44: E | I44: F
A45: LA JOLLA UNITED NAVY | B45: 18U_PLATINUM | D45: 1-LAMORINDA | E45: 4-NEWPORT | F45: 5-CC UNITED | G45: 2-NORTH IRVINE BEAST BOYS | H45: 3-DEL MAR | I45: 6-CHANNEL ISLANDS GOLD
A46: LAMORINDA | B46: 18U_PLATINUM | D46: 12-LA PREMIER | E46: 9-SAN FRANCISCO | F46: 8-SD SHORES BLACK | G46: 11-STANFORD | H46: 10-SOCAL BLACK | I46: 7-TROJAN
A47: LA PREMIER | B47: 18U_PLATINUM | D47: 13-VANGUARD BLUE | E47: 16-IMPERIAL BLUE | F47: 17-CHAWP | G47: 14-LA JOLLA UNITED NAVY | H47: 15-DIABLO RED | I47: 18-PATRIOT
A48: MONARCHY | B48: 18U_PLATINUM | D48: 24-NORTH IRVINE VEGAS | E48: 21-ORANGE COUNTY WPC BLUE | F48: 20-FOOTHILL RED | G48: 23-TEXAS THUNDER | H48: 22-ROSE BOWL RED | I48: 19-MONARCHY
A49: NEWPORT | B49: 18U_PLATINUM
A50: NORTH IRVINE BEAST | B50: 18U_PLATINUM | D50: G (1st-6th) | E50: H (1st-6th) | F50: I (7th-12th) | G50: J (7th-12th) | H50: K (13th-18th) | I50: L (13th-18th) | J50: M (19th-24th) | K50: N (19th-24th)
A51: NORTH IRVINE VEGAS | B51: 18U_PLATINUM | D51: G1(1stA)- | E51: H1(1stD)- | F51: I1(2ndA)- | G51: J1(2ndD)- | H51: K1(3rdA)- | I51: L1(3rdD)- | J51: M1(4thF)- | K51: N1(4thC)-
A52: OCWP BLUE | B52: 18U_PLATINUM | D52: =IF(I69="","G2(1stB)-",IF(I69>K69,_xlfn.CONCAT("G2(1stB)-",RIGHT(H69,LEN(H69) - FIND("-",H69))), _xlfn.CONCAT("G2(1stB)-",RIGHT(J69,LEN(J69) - FIND("-",J69))))) -> G2(1stB)- | E52: =IF(I85="","H2(1stE)-",IF(I85>K85,_xlfn.CONCAT("H2(1stE)-",RIGHT(H85,LEN(H85) - FIND("-",H85))), _xlfn.CONCAT("H2(1stE)-",RIGHT(J85,LEN(J85) - FIND("-",J85))))) -> H2(1stE)- | F52: =IF(I69="","I2(2ndB)-",IF(I69<K69,_xlfn.CONCAT("I2(2ndB)-",RIGHT(H69,LEN(H69) - FIND("-",H69))), _xlfn.CONCAT("I2(2ndB)-",RIGHT(J69,LEN(J69) - FIND("-",J69))))) -> I2(2ndB)- | G52: =IF(I85="","J2(2ndE)-",IF(I85<K85,_xlfn.CONCAT("J2(2ndE-",RIGHT(H85,LEN(H85) - FIND("-",H85))), _xlfn.CONCAT("J2(2ndE-",RIGHT(J85,LEN(J85) - FIND("-",J85))))) -> J2(2ndE)- | H52: =IF(I68="","K2(3rdB)-",IF(I68>K68,_xlfn.CONCAT("K2(3rdB)-",RIGHT(H68,LEN(H68) - FIND("-",H68))), _xlfn.CONCAT("K2(3rdB)-",RIGHT(J68,LEN(J68) - FIND("-",J68))))) -> K2(3rdB)- | I52: =IF(I84="","L2(3rdE)-",IF(I84>K84,_xlfn.CONCAT("L2(3rdE)-",RIGHT(H84,LEN(H84) - FIND("-",H84))), _xlfn.CONCAT("L2(3rdE)-",RIGHT(J84,LEN(J84) - FIND("-",J84))))) -> L2(3rdE)- | J52: M2(4thE)- | K52: N2(4thB)-
A53: PATRIOT | B53: 18U_PLATINUM | D53: =IF(I72="","G3(1stC)-",IF(I72>K72,_xlfn.CONCAT("G2(1stC)-",RIGHT(H72,LEN(H72) - FIND("-",H72))), _xlfn.CONCAT("G2(1stC)-",RIGHT(J72,LEN(J72) - FIND("-",J72))))) -> G3(1stC)- | E53: =IF(I87="","H3(1stF)-",IF(I87>K87,_xlfn.CONCAT("H3(1stF)-",RIGHT(H87,LEN(H87) - FIND("-",H87))), _xlfn.CONCAT("H3(1stF)-",RIGHT(J87,LEN(J87) - FIND("-",J87))))) -> H3(1stF)- | F53: =IF(I72="","I3(2ndC)-",IF(I72<K72,_xlfn.CONCAT("I3(2ndC)-",RIGHT(H72,LEN(H72) - FIND("-",H72))), _xlfn.CONCAT("I3(2ndC)-",RIGHT(J72,LEN(J72) - FIND("-",J72))))) -> I3(2ndC)- | G53: =IF(I87="","J3(2ndF)-",IF(I87<K87,_xlfn.CONCAT("J3(2ndF)-",RIGHT(H87,LEN(H87) - FIND("-",H87))), _xlfn.CONCAT("J3(2ndF)-",RIGHT(J87,LEN(J87) - FIND("-",J87))))) -> J3(2ndF)- | H53: =IF(I71="","K3(3rdC)-",IF(I71>K71,_xlfn.CONCAT("K3(3rdC)-",RIGHT(H71,LEN(H71) - FIND("-",H71))), _xlfn.CONCAT("K3(3rdC)-",RIGHT(J71,LEN(J71) - FIND("-",J71))))) -> K3(3rdC)- | I53: =IF(I86="","L3(3rdF)-",IF(I86>K86,_xlfn.CONCAT("L3(3rdF)-",RIGHT(H86,LEN(H86) - FIND("-",H86))), _xlfn.CONCAT("L3(3rdF)-",RIGHT(J86,LEN(J86) - FIND("-",J86))))) -> L3(3rdF)- | J53: M3(4thD)- | K53: N3(4thA)-
A54: ROSE BOWL RED | B54: 18U_PLATINUM | D54: RR | E54: RR | F54: RR | G54: RR | H54: RR | I54: RR
A55: SD SHORES BLACK | B55: 18U_PLATINUM
A56: SAN FRANCISCO | B56: 18U_PLATINUM | D56: N Overall 3rd | E56: O Overall 1st | F56: P Overall 5th
A57: SOCAL BLACK | B57: 18U_PLATINUM | D57: N1(2ndG)- | E57: O1(1stG)- | F57: P1(3rdG)-
A58: STANFORD | B58: 18U_PLATINUM | D58: N2(2ndH)- | E58: O2(1stH)- | F58: P2(3rdH)-
A59: TEXAS THUNDER | B59: 18U_PLATINUM
A60: TROJAN | B60: 18U_PLATINUM
A61: VANGUARD BLUE | B61: 18U_PLATINUM | C61: 24
D63: SAT | E63: SUN | F63: TOTAL
A64: 16U_BOYS_GOLD | B64: 9 | D64: 9 | E64: 9 | F64: =SUM(D64:E64) -> 18
A65: 16U_BOYS_PLATINUM | B65: 19 | D65: 21 | E65: 20 | F65: =SUM(D65:E65) -> 41
A66: 18U_BOYS_PLATINUM | B66: 24 | D66: 26 | E66: 25 | F66: =SUM(D66:E66) -> 51
D68: =SUM(D64:D67) -> 56 | E68: =SUM(E64:E67) -> 54 | F68: =SUM(F64:F67) -> 110
D69: Games Sat | E69: Games Sun | F69: Total Games

Sheet MASTER BY LOCATION
A1: ='16U BOYS GOLD-9 TEAMS'!A13 -> DATE | B1: ='16U BOYS GOLD-9 TEAMS'!B13 -> TIME | C1: ='16U BOYS GOLD-9 TEAMS'!C13&"" -> LOCATION | D1: ='16U BOYS GOLD-9 TEAMS'!D13&"" -> GAME ID | E1: ='16U BOYS GOLD-9 TEAMS'!E13&"" -> WHITE TEAM | F1: ='16U BOYS GOLD-9 TEAMS'!F13&"" -> S | G1: ='16U BOYS GOLD-9 TEAMS'!G13&"" -> DARK TEAM | H1: ='16U BOYS GOLD-9 TEAMS'!H13&"" -> S | I1: ='16U BOYS GOLD-9 TEAMS'!I13&"" -> COMMENTS | J1: ='16U BOYS GOLD-9 TEAMS'!J13&"" -> DIVISION
A2: ='16U BOYS GOLD-9 TEAMS'!A14 -> 45724 | B2: ='16U BOYS GOLD-9 TEAMS'!B14 -> 0.39583333 | C2: ='16U BOYS GOLD-9 TEAMS'!C14&"" -> COSTA MESA HS | D2: ='16U BOYS GOLD-9 TEAMS'!D14&"" -> 16Bau01 | E2: ='16U BOYS GOLD-9 TEAMS'!E14&"" -> A1-SAN FRANCISCO | F2: ='16U BOYS GOLD-9 TEAMS'!F14&"" -> 17 | G2: ='16U BOYS GOLD-9 TEAMS'!G14&"" -> A3-FOOTHILL BLACK | H2: ='16U BOYS GOLD-9 TEAMS'!H14&"" -> 1 | I2: ='16U BOYS GOLD-9 TEAMS'!I14&"" -> A bracket A1,A3 | J2: ='16U BOYS GOLD-9 TEAMS'!J14&"" -> 16U_BOYS_GOLD
A3: ='16U BOYS GOLD-9 TEAMS'!A15 -> 45724 | B3: ='16U BOYS GOLD-9 TEAMS'!B15 -> 0.4375 | C3: ='16U BOYS GOLD-9 TEAMS'!C15&"" -> COSTA MESA HS | D3: ='16U BOYS GOLD-9 TEAMS'!D15&"" -> 16Bau02 | E3: ='16U BOYS GOLD-9 TEAMS'!E15&"" -> B1-LA PREMIER | F3: ='16U BOYS GOLD-9 TEAMS'!F15&"" -> 15 | G3: ='16U BOYS GOLD-9 TEAMS'!G15&"" -> B3-OCWP RED | H3: ='16U BOYS GOLD-9 TEAMS'!H15&"" -> 9 | I3: ='16U BOYS GOLD-9 TEAMS'!I15&"" -> B bracket B1,B3 | J3: ='16U BOYS GOLD-9 TEAMS'!J15&"" -> 16U_BOYS_GOLD
A4: ='16U BOYS GOLD-9 TEAMS'!A16 -> 45724 | B4: ='16U BOYS GOLD-9 TEAMS'!B16 -> 0.47916667 | C4: ='16U BOYS GOLD-9 TEAMS'!C16&"" -> COSTA MESA HS | D4: ='16U BOYS GOLD-9 TEAMS'!D16&"" -> 16Bau03 | E4: ='16U BOYS GOLD-9 TEAMS'!E16&"" -> C1-TROJAN | F4: ='16U BOYS GOLD-9 TEAMS'!F16&"" -> 2 | G4: ='16U BOYS GOLD-9 TEAMS'!G16&"" -> C2-CC UNITED BLUE | H4: ='16U BOYS GOLD-9 TEAMS'!H16&"" -> 9 | I4: ='16U BOYS GOLD-9 TEAMS'!I16&"" -> C bracket C1,C2 | J4: ='16U BOYS GOLD-9 TEAMS'!J16&"" -> 16U_BOYS_GOLD
A5: ='16U BOYS GOLD-9 TEAMS'!A17 -> 45724 | B5: ='16U BOYS GOLD-9 TEAMS'!B17 -> 0.52083333 | C5: ='16U BOYS GOLD-9 TEAMS'!C17&"" -> COSTA MESA HS | D5: ='16U BOYS GOLD-9 TEAMS'!D17&"" -> 16Bau04 | E5: ='16U BOYS GOLD-9 TEAMS'!E17&"" -> A2-MISSION B | F5: ='16U BOYS GOLD-9 TEAMS'!F17&"" -> 14 | G5: ='16U BOYS GOLD-9 TEAMS'!G17&"" -> A3-FOOTHILL BLACK | H5: ='16U BOYS GOLD-9 TEAMS'!H17&"" -> 5 | I5: ='16U BOYS GOLD-9 TEAMS'!I17&"" -> A bracket A2,A3 | J5: ='16U BOYS GOLD-9 TEAMS'!J17&"" -> 16U_BOYS_GOLD
A6: ='16U BOYS GOLD-9 TEAMS'!A18 -> 45724 | B6: ='16U BOYS GOLD-9 TEAMS'!B18 -> 0.5625 | C6: ='16U BOYS GOLD-9 TEAMS'!C18&"" -> COSTA MESA HS | D6: ='16U BOYS GOLD-9 TEAMS'!D18&"" -> 16Bau05 | E6: ='16U BOYS GOLD-9 TEAMS'!E18&"" -> B1-LA PREMIER | F6: ='16U BOYS GOLD-9 TEAMS'!F18&"" -> 14 | G6: ='16U BOYS GOLD-9 TEAMS'!G18&"" -> B2-PEGASUS WP | H6: ='16U BOYS GOLD-9 TEAMS'!H18&"" -> 10 | I6: ='16U BOYS GOLD-9 TEAMS'!I18&"" -> B bracket B1,B2 | J6: ='16U BOYS GOLD-9 TEAMS'!J18&"" -> 16U_BOYS_GOLD
A7: ='16U BOYS GOLD-9 TEAMS'!A19 -> 45724 | B7: ='16U BOYS GOLD-9 TEAMS'!B19 -> 0.60416667 | C7: ='16U BOYS GOLD-9 TEAMS'!C19&"" -> COSTA MESA HS | D7: ='16U BOYS GOLD-9 TEAMS'!D19&"" -> 16Bau06 | E7: ='16U BOYS GOLD-9 TEAMS'!E19&"" -> C2-CC UNITED BLUE | F7: ='16U BOYS GOLD-9 TEAMS'!F19&"" -> 10 | G7: ='16U BOYS GOLD-9 TEAMS'!G19&"" -> C3-SD SHORES GOLD | H7: ='16U BOYS GOLD-9 TEAMS'!H19&"" -> 8 | I7: ='16U BOYS GOLD-9 TEAMS'!I19&"" -> C bracket C2,C3 | J7: ='16U BOYS GOLD-9 TEAMS'!J19&"" -> 16U_BOYS_GOLD
A8: ='16U BOYS GOLD-9 TEAMS'!A20 -> 45724 | B8: ='16U BOYS GOLD-9 TEAMS'!B20 -> 0.64583333 | C8: ='16U BOYS GOLD-9 TEAMS'!C20&"" -> COSTA MESA HS | D8: ='16U BOYS GOLD-9 TEAMS'!D20&"" -> 16Bau07 | E8: ='16U BOYS GOLD-9 TEAMS'!E20&"" -> A1-SAN FRANCISCO | F8: ='16U BOYS GOLD-9 TEAMS'!F20&"" -> 12 | G8: ='16U BOYS GOLD-9 TEAMS'!G20&"" -> A2-MISSION B | H8: ='16U BOYS GOLD-9 TEAMS'!H20&"" -> 6 | I8: ='16U BOYS GOLD-9 TEAMS'!I20&"" -> A bracket A1,A2 | J8: ='16U BOYS GOLD-9 TEAMS'!J20&"" -> 16U_BOYS_GOLD
A9: ='16U BOYS GOLD-9 TEAMS'!A21 -> 45724 | B9: ='16U BOYS GOLD-9 TEAMS'!B21 -> 0.6875 | C9: ='16U BOYS GOLD-9 TEAMS'!C21&"" -> COSTA MESA HS | D9: ='16U BOYS GOLD-9 TEAMS'!D21&"" -> 16Bau08 | E9: ='16U BOYS GOLD-9 TEAMS'!E21&"" -> B2-PEGASUS WP | F9: ='16U BOYS GOLD-9 TEAMS'!F21&"" -> 9 | G9: ='16U BOYS GOLD-9 TEAMS'!G21&"" -> B3-OCWP RED | H9: ='16U BOYS GOLD-9 TEAMS'!H21&"" -> 4 | I9: ='16U BOYS GOLD-9 TEAMS'!I21&"" -> B bracket B2,B3 | J9: ='16U BOYS GOLD-9 TEAMS'!J21&"" -> 16U_BOYS_GOLD
A10: ='16U BOYS GOLD-9 TEAMS'!A22 -> 45724 | B10: ='16U BOYS GOLD-9 TEAMS'!B22 -> 0.72916667 | C10: ='16U BOYS GOLD-9 TEAMS'!C22&"" -> COSTA MESA HS | D10: ='16U BOYS GOLD-9 TEAMS'!D22&"" -> 16Bau09 | E10: ='16U BOYS GOLD-9 TEAMS'!E22&"" -> C1-TROJAN | F10: ='16U BOYS GOLD-9 TEAMS'!F22&"" -> 5 | G10: ='16U BOYS GOLD-9 TEAMS'!G22&"" -> C3-SD SHORES GOLD | H10: ='16U BOYS GOLD-9 TEAMS'!H22&"" -> 10 | I10: ='16U BOYS GOLD-9 TEAMS'!I22&"" -> C bracket C1,C3 | J10: ='16U BOYS GOLD-9 TEAMS'!J22&"" -> 16U_BOYS_GOLD
A11: ='16U BOYS GOLD-9 TEAMS'!A26 -> 45725 | B11: ='16U BOYS GOLD-9 TEAMS'!B26 -> 0.33333333 | C11: ='16U BOYS GOLD-9 TEAMS'!C26&"" -> COSTA MESA HS | D11: ='16U BOYS GOLD-9 TEAMS'!D26&"" -> 16Bau10 | E11: ='16U BOYS GOLD-9 TEAMS'!E26&"" -> D1(3rdA)-FOOTHILL BLACK | F11: ='16U BOYS GOLD-9 TEAMS'!F26&"" -> 5 | G11: ='16U BOYS GOLD-9 TEAMS'!G26&"" -> D3(3rdC)-TROJAN | H11: ='16U BOYS GOLD-9 TEAMS'!H26&"" -> 12 | I11: ='16U BOYS GOLD-9 TEAMS'!I26&"" -> D bracket (7th-9th) D1,D3 | J11: ='16U BOYS GOLD-9 TEAMS'!J26&"" -> 16U_BOYS_GOLD
A12: ='16U BOYS GOLD-9 TEAMS'!A27 -> 45725 | B12: ='16U BOYS GOLD-9 TEAMS'!B27 -> 0.375 | C12: ='16U BOYS GOLD-9 TEAMS'!C27&"" -> COSTA MESA HS | D12: ='16U BOYS GOLD-9 TEAMS'!D27&"" -> 16Bau12 | E12: ='16U BOYS GOLD-9 TEAMS'!E27&"" -> E1(2ndA)-MISSION B | F12: ='16U BOYS GOLD-9 TEAMS'!F27&"" -> 10 | G12: ='16U BOYS GOLD-9 TEAMS'!G27&"" -> E3(2ndC)-SD SHORES GOLD | H12: ='16U BOYS GOLD-9 TEAMS'!H27&"" -> 11 | I12: ='16U BOYS GOLD-9 TEAMS'!I27&"" -> E bracket (4th-6th) E1,E3 | J12: ='16U BOYS GOLD-9 TEAMS'!J27&"" -> 16U_BOYS_GOLD
A13: ='16U BOYS GOLD-9 TEAMS'!A28 -> 45725 | B13: ='16U BOYS GOLD-9 TEAMS'!B28 -> 0.41666667 | C13: ='16U BOYS GOLD-9 TEAMS'!C28&"" -> COSTA MESA HS | D13: ='16U BOYS GOLD-9 TEAMS'!D28&"" -> 16Bau11 | E13: ='16U BOYS GOLD-9 TEAMS'!E28&"" -> F1(1stA)-SAN FRANCISCO | F13: ='16U BOYS GOLD-9 TEAMS'!F28&"" -> 4 | G13: ='16U BOYS GOLD-9 TEAMS'!G28&"" -> F3(1stC)-CC UNITED BLUE | H13: ='16U BOYS GOLD-9 TEAMS'!H28&"" -> 9 | I13: ='16U BOYS GOLD-9 TEAMS'!I28&"" -> F bracket (1st-3rd) F1,F3 | J13: ='16U BOYS GOLD-9 TEAMS'!J28&"" -> 16U_BOYS_GOLD
A14: ='16U BOYS GOLD-9 TEAMS'!A29 -> 45725 | B14: ='16U BOYS GOLD-9 TEAMS'!B29 -> 0.45833333 | C14: ='16U BOYS GOLD-9 TEAMS'!C29&"" -> COSTA MESA HS | D14: ='16U BOYS GOLD-9 TEAMS'!D29&"" -> 16Bau13 | E14: ='16U BOYS GOLD-9 TEAMS'!E29&"" -> D2(3rdB)-OCWP RED | F14: ='16U BOYS GOLD-9 TEAMS'!F29&"" -> 7 | G14: ='16U BOYS GOLD-9 TEAMS'!G29&"" -> D3(3rdC)-TROJAN | H14: ='16U BOYS GOLD-9 TEAMS'!H29&"" -> 2 | I14: ='16U BOYS GOLD-9 TEAMS'!I29&"" -> D bracket (7th-9th) D2,D3 | J14: ='16U BOYS GOLD-9 TEAMS'!J29&"" -> 16U_BOYS_GOLD
A15: ='16U BOYS GOLD-9 TEAMS'!A30 -> 45725 | B15: ='16U BOYS GOLD-9 TEAMS'!B30 -> 0.5 | C15: ='16U BOYS GOLD-9 TEAMS'!C30&"" -> COSTA MESA HS | D15: ='16U BOYS GOLD-9 TEAMS'!D30&"" -> 16Bau14 | E15: ='16U BOYS GOLD-9 TEAMS'!E30&"" -> E2(2ndB)-PEGASUS | F15: ='16U BOYS GOLD-9 TEAMS'!F30&"" -> 7 | G15: ='16U BOYS GOLD-9 TEAMS'!G30&"" -> E3(2ndC)-SD SHORES GOLD | H15: ='16U BOYS GOLD-9 TEAMS'!H30&"" -> 17 | I15: ='16U BOYS GOLD-9 TEAMS'!I30&"" -> E bracket (4th-6th) E2,E3 | J15: ='16U BOYS GOLD-9 TEAMS'!J30&"" -> 16U_BOYS_GOLD
A16: ='16U BOYS GOLD-9 TEAMS'!A31 -> 45725 | B16: ='16U BOYS GOLD-9 TEAMS'!B31 -> 0.54166667 | C16: ='16U BOYS GOLD-9 TEAMS'!C31&"" -> COSTA MESA HS | D16: ='16U BOYS GOLD-9 TEAMS'!D31&"" -> 16Bau15 | E16: ='16U BOYS GOLD-9 TEAMS'!E31&"" -> F2(1stB)-LA PREMIER | F16: ='16U BOYS GOLD-9 TEAMS'!F31&"" -> 11 | G16: ='16U BOYS GOLD-9 TEAMS'!G31&"" -> F3(1stC)-CC UNITED BLUE | H16: ='16U BOYS GOLD-9 TEAMS'!H31&"" -> 6 | I16: ='16U BOYS GOLD-9 TEAMS'!I31&"" -> F bracket (1st-3rd) F2,F3 | J16: ='16U BOYS GOLD-9 TEAMS'!J31&"" -> 16U_BOYS_GOLD
A17: ='16U BOYS GOLD-9 TEAMS'!A32 -> 45725 | B17: ='16U BOYS GOLD-9 TEAMS'!B32 -> 0.58333333 | C17: ='16U BOYS GOLD-9 TEAMS'!C32&"" -> COSTA MESA HS | D17: ='16U BOYS GOLD-9 TEAMS'!D32&"" -> 16Bau16 | E17: ='16U BOYS GOLD-9 TEAMS'!E32&"" -> D1(3rdA)-FOOTHILL BLACK | F17: ='16U BOYS GOLD-9 TEAMS'!F32&"" -> 6 | G17: ='16U BOYS GOLD-9 TEAMS'!G32&"" -> D2(3rdB)-OCWP RED | H17: ='16U BOYS GOLD-9 TEAMS'!H32&"" -> 16 | I17: ='16U BOYS GOLD-9 TEAMS'!I32&"" -> D bracket (7th-9th) D1,D2 | J17: ='16U BOYS GOLD-9 TEAMS'!J32&"" -> 16U_BOYS_GOLD
A18: ='16U BOYS GOLD-9 TEAMS'!A33 -> 45725 | B18: ='16U BOYS GOLD-9 TEAMS'!B33 -> 0.625 | C18: ='16U BOYS GOLD-9 TEAMS'!C33&"" -> COSTA MESA HS | D18: ='16U BOYS GOLD-9 TEAMS'!D33&"" -> 16Bau17 | E18: ='16U BOYS GOLD-9 TEAMS'!E33&"" -> E1(2ndA)-MISSION B | F18: ='16U BOYS GOLD-9 TEAMS'!F33&"" -> 12 | G18: ='16U BOYS GOLD-9 TEAMS'!G33&"" -> E2(2ndB)-PEGASUS | H18: ='16U BOYS GOLD-9 TEAMS'!H33&"" -> 10 | I18: ='16U BOYS GOLD-9 TEAMS'!I33&"" -> E bracket (4th-6th) E1,E2 | J18: ='16U BOYS GOLD-9 TEAMS'!J33&"" -> 16U_BOYS_GOLD
A19: ='16U BOYS GOLD-9 TEAMS'!A34 -> 45725 | B19: ='16U BOYS GOLD-9 TEAMS'!B34 -> 0.66666667 | C19: ='16U BOYS GOLD-9 TEAMS'!C34&"" -> COSTA MESA HS | D19: ='16U BOYS GOLD-9 TEAMS'!D34&"" -> 16Bau18 | E19: ='16U BOYS GOLD-9 TEAMS'!E34&"" -> F1(1stA)-SAN FRANCISCO | F19: ='16U BOYS GOLD-9 TEAMS'!F34&"" -> 9 | G19: ='16U BOYS GOLD-9 TEAMS'!G34&"" -> F2(1stB)-LA PREMIER | H19: ='16U BOYS GOLD-9 TEAMS'!H34&"" -> 15 | I19: ='16U BOYS GOLD-9 TEAMS'!I34&"" -> F bracket (1st-3rd) F1,F2 | J19: ='16U BOYS GOLD-9 TEAMS'!J34&"" -> 16U_BOYS_GOLD
A20: ='18U BOYS-24 TEAMS'!A27 -> 45724 | B20: ='18U BOYS-24 TEAMS'!B27 -> 0.33333333 | C20: ='18U BOYS-24 TEAMS'!C27&"" -> EL TORO HS | D20: ='18U BOYS-24 TEAMS'!D27&"" -> 18B01 | E20: ='18U BOYS-24 TEAMS'!E27&"" -> 5-CC UNITED | F20: ='18U BOYS-24 TEAMS'!F27&"" -> 12 | G20: ='18U BOYS-24 TEAMS'!G27&"" -> 20-FOOTHILL RED | H20: ='18U BOYS-24 TEAMS'!H27&"" -> 7 | I20: ='18U BOYS-24 TEAMS'!I27&"" -> W/L C1/C4 | J20: ='18U BOYS-24 TEAMS'!J27&"" -> 18U_BOYS
A21: ='18U BOYS-24 TEAMS'!A28 -> 45724 | B21: ='18U BOYS-24 TEAMS'!B28 -> 0.375 | C21: ='18U BOYS-24 TEAMS'!C28&"" -> EL TORO HS | D21: ='18U BOYS-24 TEAMS'!D28&"" -> 18B03 | E21: ='18U BOYS-24 TEAMS'!E28&"" -> 8-SD SHORES BLACK | F21: ='18U BOYS-24 TEAMS'!F28&"" -> 12 | G21: ='18U BOYS-24 TEAMS'!G28&"" -> 17-CHAWP | H21: ='18U BOYS-24 TEAMS'!H28&"" -> 11 | I21: ='18U BOYS-24 TEAMS'!I28&"" -> W/L C2/C3 | J21: ='18U BOYS-24 TEAMS'!J28&"" -> 18U_BOYS
A22: ='18U BOYS-24 TEAMS'!A29 -> 45724 | B22: ='18U BOYS-24 TEAMS'!B29 -> 0.41666667 | C22: ='18U BOYS-24 TEAMS'!C29&"" -> EL TORO HS | D22: ='18U BOYS-24 TEAMS'!D29&"" -> 18B05 | E22: ='18U BOYS-24 TEAMS'!E29&"" -> 1-LAMORINDA | F22: ='18U BOYS-24 TEAMS'!F29&"" -> 19 | G22: ='18U BOYS-24 TEAMS'!G29&"" -> 24-NORTH IRVINE VEGAS | H22: ='18U BOYS-24 TEAMS'!H29&"" -> 8 | I22: ='18U BOYS-24 TEAMS'!I29&"" -> W/L A1/A4 | J22: ='18U BOYS-24 TEAMS'!J29&"" -> 18U_BOYS
A23: ='18U BOYS-24 TEAMS'!A31 -> 45724 | B23: ='18U BOYS-24 TEAMS'!B31 -> 0.45833333 | C23: ='18U BOYS-24 TEAMS'!C31&"" -> EL TORO HS | D23: ='18U BOYS-24 TEAMS'!D31&"" -> 18B07 | E23: ='18U BOYS-24 TEAMS'!E31&"" -> 12-LA PREMIER | F23: ='18U BOYS-24 TEAMS'!F31&"" -> 8 | G23: ='18U BOYS-24 TEAMS'!G31&"" -> 13-VANGUARD BLUE | H23: ='18U BOYS-24 TEAMS'!H31&"" -> 13 | I23: ='18U BOYS-24 TEAMS'!I31&"" -> W/L A2/A3 | J23: ='18U BOYS-24 TEAMS'!J31&"" -> 18U_BOYS
A24: ='18U BOYS-24 TEAMS'!A33 -> 45724 | B24: ='18U BOYS-24 TEAMS'!B33 -> 0.5 | C24: ='18U BOYS-24 TEAMS'!C33&"" -> EL TORO HS | D24: ='18U BOYS-24 TEAMS'!D33&"" -> 18B13 | E24: ='18U BOYS-24 TEAMS'!E33&"" -> L#1-FOOTHILL RED | F24: ='18U BOYS-24 TEAMS'!F33&"" -> 6 | G24: ='18U BOYS-24 TEAMS'!G33&"" -> L#3-CHAWP | H24: ='18U BOYS-24 TEAMS'!H33&"" -> 11 | I24: ='18U BOYS-24 TEAMS'!I33&"" -> 3rd/4thC | J24: ='18U BOYS-24 TEAMS'!J33&"" -> 18U_BOYS
A25: ='18U BOYS-24 TEAMS'!A34 -> 45724 | B25: ='18U BOYS-24 TEAMS'!B34 -> 0.54166667 | C25: ='18U BOYS-24 TEAMS'!C34&"" -> EL TORO HS | D25: ='18U BOYS-24 TEAMS'!D34&"" -> 18B15 | E25: ='18U BOYS-24 TEAMS'!E34&"" -> W#1-CC UNITED | F25: ='18U BOYS-24 TEAMS'!F34&"" -> 14 | G25: ='18U BOYS-24 TEAMS'!G34&"" -> W#3-SD SHORES BLACK | H25: ='18U BOYS-24 TEAMS'!H34&"" -> 12 | I25: ='18U BOYS-24 TEAMS'!I34&"" -> 1st/2ndC | J25: ='18U BOYS-24 TEAMS'!J34&"" -> 18U_BOYS
A26: ='18U BOYS-24 TEAMS'!A35 -> 45724 | B26: ='18U BOYS-24 TEAMS'!B35 -> 0.58333333 | C26: ='18U BOYS-24 TEAMS'!C35&"" -> EL TORO HS | D26: ='18U BOYS-24 TEAMS'!D35&"" -> 18B17 | E26: ='18U BOYS-24 TEAMS'!E35&"" -> L#5-NORTH IRVINE VEGAS | F26: ='18U BOYS-24 TEAMS'!F35&"" -> 8 | G26: ='18U BOYS-24 TEAMS'!G35&"" -> L#7-LA PREMIER | H26: ='18U BOYS-24 TEAMS'!H35&"" -> 9 | I26: ='18U BOYS-24 TEAMS'!I35&"" -> 3rd/4thA | J26: ='18U BOYS-24 TEAMS'!J35&"" -> 18U_BOYS
A27: ='18U BOYS-24 TEAMS'!A36 -> 45724 | B27: ='18U BOYS-24 TEAMS'!B36 -> 0.625 | C27: ='18U BOYS-24 TEAMS'!C36&"" -> EL TORO HS | D27: ='18U BOYS-24 TEAMS'!D36&"" -> 18B19 | E27: ='18U BOYS-24 TEAMS'!E36&"" -> W#5-LAMORINDA | F27: ='18U BOYS-24 TEAMS'!F36&"" -> 12 | G27: ='18U BOYS-24 TEAMS'!G36&"" -> W#7-VANGUARD BLUE | H27: ='18U BOYS-24 TEAMS'!H36&"" -> 5 | I27: ='18U BOYS-24 TEAMS'!I36&"" -> 1st/2ndA | J27: ='18U BOYS-24 TEAMS'!J36&"" -> 18U_BOYS
A28: ='18U BOYS-24 TEAMS'!A37 -> 45724 | B28: ='18U BOYS-24 TEAMS'!B37 -> 0.66666667 | C28: ='18U BOYS-24 TEAMS'!C37&"" -> EL TORO HS | D28: ='18U BOYS-24 TEAMS'!D37&"" -> 18B21 | E28: ='18U BOYS-24 TEAMS'!E37&"" -> L#9-ORANGE COUNTY WPC BLUE | F28: ='18U BOYS-24 TEAMS'!F37&"" -> 7 | G28: ='18U BOYS-24 TEAMS'!G37&"" -> L#11-IMPERIAL BLUE | H28: ='18U BOYS-24 TEAMS'!H37&"" -> 11 | I28: ='18U BOYS-24 TEAMS'!I37&"" -> 3rd/4thB | J28: ='18U BOYS-24 TEAMS'!J37&"" -> 18U_BOYS
A29: ='18U BOYS-24 TEAMS'!A38 -> 45724 | B29: ='18U BOYS-24 TEAMS'!B38 -> 0.70833333 | C29: ='18U BOYS-24 TEAMS'!C38&"" -> EL TORO HS | D29: ='18U BOYS-24 TEAMS'!D38&"" -> 18B23 | E29: ='18U BOYS-24 TEAMS'!E38&"" -> W#9-NEWPORT | F29: ='18U BOYS-24 TEAMS'!F38&"" -> 14 | G29: ='18U BOYS-24 TEAMS'!G38&"" -> W#11-SAN FRANCISCO | H29: ='18U BOYS-24 TEAMS'!H38&"" -> 10 | I29: ='18U BOYS-24 TEAMS'!I38&"" -> 1st/2ndB | J29: ='18U BOYS-24 TEAMS'!J38&"" -> 18U_BOYS
A30: ='18U BOYS-24 TEAMS'!A39 -> 45724 | B30: ='18U BOYS-24 TEAMS'!B39 -> 0.75 | C30: ='18U BOYS-24 TEAMS'!C39&"" -> EL TORO HS | D30: ='18U BOYS-24 TEAMS'!D39&"" -> 18B25 | E30: ='18U BOYS-24 TEAMS'!E39&"" -> G1(1stA)-LAMORINDA | F30: ='18U BOYS-24 TEAMS'!F39&"" -> 14 | G30: ='18U BOYS-24 TEAMS'!G39&"" -> G2(1stC)-CC UNITED | H30: ='18U BOYS-24 TEAMS'!H39&"" -> 13 | I30: ='18U BOYS-24 TEAMS'!I39&"" -> G bracket 1A,1C | J30: ='18U BOYS-24 TEAMS'!J39&"" -> 18U_BOYS
A31: ='18U BOYS-24 TEAMS'!A69 -> 45725 | B31: ='18U BOYS-24 TEAMS'!B69 -> 0.33333333 | C31: ='18U BOYS-24 TEAMS'!C69&"" -> EL TORO HS | D31: ='18U BOYS-24 TEAMS'!D69&"" -> 18B28 | E31: ='18U BOYS-24 TEAMS'!E69&"" -> L1(3rdD)-TEXAS THUNDER | F31: ='18U BOYS-24 TEAMS'!F69&"" -> 10 | G31: ='18U BOYS-24 TEAMS'!G69&"" -> L3(3rdF)-PATRIOT | H31: ='18U BOYS-24 TEAMS'!H69&"" -> 12 | I31: ='18U BOYS-24 TEAMS'!I69&"" -> L bracket L1,L3 | J31: ='18U BOYS-24 TEAMS'!J69&"" -> 18U_BOYS
A32: ='18U BOYS-24 TEAMS'!A70 -> 45725 | B32: ='18U BOYS-24 TEAMS'!B70 -> 0.375 | C32: ='18U BOYS-24 TEAMS'!C70&"" -> EL TORO HS | D32: ='18U BOYS-24 TEAMS'!D70&"" -> 18B31 | E32: ='18U BOYS-24 TEAMS'!E70&"" -> J1(2ndD)-NORTH IRVINE BEAST BOYS | F32: ='18U BOYS-24 TEAMS'!F70&"" -> 13 | G32: ='18U BOYS-24 TEAMS'!G70&"" -> J3(2ndF)-TROJAN | H32: ='18U BOYS-24 TEAMS'!H70&"" -> 11 | I32: ='18U BOYS-24 TEAMS'!I70&"" -> J bracket J1,J3 | J32: ='18U BOYS-24 TEAMS'!J70&"" -> 18U_BOYS
A33: ='18U BOYS-24 TEAMS'!A71 -> 45725 | B33: ='18U BOYS-24 TEAMS'!B71 -> 0.41666667 | C33: ='18U BOYS-24 TEAMS'!C71&"" -> EL TORO HS | D33: ='18U BOYS-24 TEAMS'!D71&"" -> 18B34 | E33: ='18U BOYS-24 TEAMS'!E71&"" -> K1(3rdA)-LA PREMIER | F33: ='18U BOYS-24 TEAMS'!F71&"" -> 12 | G33: ='18U BOYS-24 TEAMS'!G71&"" -> K3(3rdC)-CHAWP | H33: ='18U BOYS-24 TEAMS'!H71&"" -> 15 | I33: ='18U BOYS-24 TEAMS'!I71&"" -> K bracket K1,K3 | J33: ='18U BOYS-24 TEAMS'!J71&"" -> 18U_BOYS
A34: ='18U BOYS-24 TEAMS'!A72 -> 45725 | B34: ='18U BOYS-24 TEAMS'!B72 -> 0.45833333 | C34: ='18U BOYS-24 TEAMS'!C72&"" -> EL TORO HS | D34: ='18U BOYS-24 TEAMS'!D72&"" -> 18B37 | E34: ='18U BOYS-24 TEAMS'!E72&"" -> L2(3rdE)-ROSE BOWL RED | F34: ='18U BOYS-24 TEAMS'!F72&"" -> 6 | G34: ='18U BOYS-24 TEAMS'!G72&"" -> L3(3rdF)-PATRIOT | H34: ='18U BOYS-24 TEAMS'!H72&"" -> 10 | I34: ='18U BOYS-24 TEAMS'!I72&"" -> L bracket L2,L3 | J34: ='18U BOYS-24 TEAMS'!J72&"" -> 18U_BOYS
A35: ='18U BOYS-24 TEAMS'!A73 -> 45725 | B35: ='18U BOYS-24 TEAMS'!B73 -> 0.5 | C35: ='18U BOYS-24 TEAMS'!C73&"" -> EL TORO HS | D35: ='18U BOYS-24 TEAMS'!D73&"" -> 18B40 | E35: ='18U BOYS-24 TEAMS'!E73&"" -> J2(2ndE-SOCAL BLACK | F35: ='18U BOYS-24 TEAMS'!F73&"" -> 9 | G35: ='18U BOYS-24 TEAMS'!G73&"" -> J3(2ndF)-TROJAN | H35: ='18U BOYS-24 TEAMS'!H73&"" -> 7 | I35: ='18U BOYS-24 TEAMS'!I73&"" -> J bracket J2,J3 | J35: ='18U BOYS-24 TEAMS'!J73&"" -> 18U_BOYS
A36: ='18U BOYS-24 TEAMS'!A74 -> 45725 | B36: ='18U BOYS-24 TEAMS'!B74 -> 0.54166667 | C36: ='18U BOYS-24 TEAMS'!C74&"" -> EL TORO HS | D36: ='18U BOYS-24 TEAMS'!D74&"" -> 18B43 | E36: ='18U BOYS-24 TEAMS'!E74&"" -> K2(3rdB)-IMPERIAL BLUE | F36: ='18U BOYS-24 TEAMS'!F74&"" -> 13 | G36: ='18U BOYS-24 TEAMS'!G74&"" -> K3(3rdC)-CHAWP | H36: ='18U BOYS-24 TEAMS'!H74&"" -> 9 | I36: ='18U BOYS-24 TEAMS'!I74&"" -> K bracket K2,K3 | J36: ='18U BOYS-24 TEAMS'!J74&"" -> 18U_BOYS
A37: ='18U BOYS-24 TEAMS'!A75 -> 45725 | B37: ='18U BOYS-24 TEAMS'!B75 -> 0.58333333 | C37: ='18U BOYS-24 TEAMS'!C75&"" -> EL TORO HS | D37: ='18U BOYS-24 TEAMS'!D75&"" -> 18B46 | E37: ='18U BOYS-24 TEAMS'!E75&"" -> L1(3rdD)-TEXAS THUNDER | F37: ='18U BOYS-24 TEAMS'!F75&"" -> 16 | G37: ='18U BOYS-24 TEAMS'!G75&"" -> L2(3rdE)-ROSE BOWL RED | H37: ='18U BOYS-24 TEAMS'!H75&"" -> 7 | I37: ='18U BOYS-24 TEAMS'!I75&"" -> L bracket L1,L2 | J37: ='18U BOYS-24 TEAMS'!J75&"" -> 18U_BOYS
A38: ='18U BOYS-24 TEAMS'!A76 -> 45725 | B38: ='18U BOYS-24 TEAMS'!B76 -> 0.625 | C38: ='18U BOYS-24 TEAMS'!C76&"" -> EL TORO HS | D38: ='18U BOYS-24 TEAMS'!D76&"" -> 18B48 | E38: ='18U BOYS-24 TEAMS'!E76&"" -> J1(2ndD)-NORTH IRVINE BEAST BOYS | F38: ='18U BOYS-24 TEAMS'!F76&"" -> 20 | G38: ='18U BOYS-24 TEAMS'!G76&"" -> J2(2ndE-SOCAL BLACK | H38: ='18U BOYS-24 TEAMS'!H76&"" -> 5 | I38: ='18U BOYS-24 TEAMS'!I76&"" -> J bracket J1,J2 | J38: ='18U BOYS-24 TEAMS'!J76&"" -> 18U_BOYS
A39: ='18U BOYS-24 TEAMS'!A77 -> 45725 | B39: ='18U BOYS-24 TEAMS'!B77 -> 0.66666667 | C39: ='18U BOYS-24 TEAMS'!C77&"" -> EL TORO HS | D39: ='18U BOYS-24 TEAMS'!D77&"" -> 18B50 | E39: ='18U BOYS-24 TEAMS'!E77&"" -> K1(3rdA)-LA PREMIER | F39: ='18U BOYS-24 TEAMS'!F77&"" -> 10 | G39: ='18U BOYS-24 TEAMS'!G77&"" -> K2(3rdB)-IMPERIAL BLUE | H39: ='18U BOYS-24 TEAMS'!H77&"" -> 13 | I39: ='18U BOYS-24 TEAMS'!I77&"" -> K bracket K1,K2 | J39: ='18U BOYS-24 TEAMS'!J77&"" -> 18U_BOYS
A40: ='16U BOYS PLATINUM-19 TEAMS'!A37 -> 45724 | B40: ='16U BOYS PLATINUM-19 TEAMS'!B37 -> 0.33333333 | C40: ='16U BOYS PLATINUM-19 TEAMS'!C37&"" -> ESTANCIA HS | D40: ='16U BOYS PLATINUM-19 TEAMS'!D37&"" -> 16Bpt02 | E40: ='16U BOYS PLATINUM-19 TEAMS'!E37&"" -> E1-MISSION A | F40: ='16U BOYS PLATINUM-19 TEAMS'!F37&"" -> 13 | G40: ='16U BOYS PLATINUM-19 TEAMS'!G37&"" -> E3-VANGUARD BLUE | H40: ='16U BOYS PLATINUM-19 TEAMS'!H37&"" -> 1 | I40: ='16U BOYS PLATINUM-19 TEAMS'!I37&"" -> E bracket E1,E3 | J40: ='16U BOYS PLATINUM-19 TEAMS'!J37&"" -> 16U_BOYS_PLATINUM
A41: ='16U BOYS PLATINUM-19 TEAMS'!A38 -> 45724 | B41: ='16U BOYS PLATINUM-19 TEAMS'!B38 -> 0.375 | C41: ='16U BOYS PLATINUM-19 TEAMS'!C38&"" -> ESTANCIA HS | D41: ='16U BOYS PLATINUM-19 TEAMS'!D38&"" -> 16Bpt04 | E41: ='16U BOYS PLATINUM-19 TEAMS'!E38&"" -> D1-CC UNITED BLACK | F41: ='16U BOYS PLATINUM-19 TEAMS'!F38&"" -> 15 | G41: ='16U BOYS PLATINUM-19 TEAMS'!G38&"" -> D3-PATRIOT | H41: ='16U BOYS PLATINUM-19 TEAMS'!H38&"" -> 7 | I41: ='16U BOYS PLATINUM-19 TEAMS'!I38&"" -> D bracket D1,D3 | J41: ='16U BOYS PLATINUM-19 TEAMS'!J38&"" -> 16U_BOYS_PLATINUM
A42: ='16U BOYS PLATINUM-19 TEAMS'!A39 -> 45724 | B42: ='16U BOYS PLATINUM-19 TEAMS'!B39 -> 0.41666667 | C42: ='16U BOYS PLATINUM-19 TEAMS'!C39&"" -> ESTANCIA HS | D42: ='16U BOYS PLATINUM-19 TEAMS'!D39&"" -> 16Bpt06 | E42: ='16U BOYS PLATINUM-19 TEAMS'!E39&"" -> F1-TROJAN | F42: ='16U BOYS PLATINUM-19 TEAMS'!F39&"" -> 10 | G42: ='16U BOYS PLATINUM-19 TEAMS'!G39&"" -> F4-FOOTHILL RED | H42: ='16U BOYS PLATINUM-19 TEAMS'!H39&"" -> 8 | I42: ='16U BOYS PLATINUM-19 TEAMS'!I39&"" -> W/L F1/F4 | J42: ='16U BOYS PLATINUM-19 TEAMS'!J39&"" -> 16U_BOYS_PLATINUM
A43: ='16U BOYS PLATINUM-19 TEAMS'!A40 -> 45724 | B43: ='16U BOYS PLATINUM-19 TEAMS'!B40 -> 0.45833333 | C43: ='16U BOYS PLATINUM-19 TEAMS'!C40&"" -> ESTANCIA HS | D43: ='16U BOYS PLATINUM-19 TEAMS'!D40&"" -> 16Bpt08 | E43: ='16U BOYS PLATINUM-19 TEAMS'!E40&"" -> E2-ATHERTON | F43: ='16U BOYS PLATINUM-19 TEAMS'!F40&"" -> 14 | G43: ='16U BOYS PLATINUM-19 TEAMS'!G40&"" -> E3-VANGUARD BLUE | H43: ='16U BOYS PLATINUM-19 TEAMS'!H40&"" -> 8 | I43: ='16U BOYS PLATINUM-19 TEAMS'!I40&"" -> E bracket E2,E3 | J43: ='16U BOYS PLATINUM-19 TEAMS'!J40&"" -> 16U_BOYS_PLATINUM
A44: ='16U BOYS PLATINUM-19 TEAMS'!A41 -> 45724 | B44: ='16U BOYS PLATINUM-19 TEAMS'!B41 -> 0.5 | C44: ='16U BOYS PLATINUM-19 TEAMS'!C41&"" -> ESTANCIA HS | D44: ='16U BOYS PLATINUM-19 TEAMS'!D41&"" -> 16Bpt10 | E44: ='16U BOYS PLATINUM-19 TEAMS'!E41&"" -> F2-SD SHORES BLACK | F44: ='16U BOYS PLATINUM-19 TEAMS'!F41&"" -> 13 | G44: ='16U BOYS PLATINUM-19 TEAMS'!G41&"" -> F3-TEXAS THUINDER | H44: ='16U BOYS PLATINUM-19 TEAMS'!H41&"" -> 7 | I44: ='16U BOYS PLATINUM-19 TEAMS'!I41&"" -> W/L F2/F3 | J44: ='16U BOYS PLATINUM-19 TEAMS'!J41&"" -> 16U_BOYS_PLATINUM
A45: ='16U BOYS PLATINUM-19 TEAMS'!A42 -> 45724 | B45: ='16U BOYS PLATINUM-19 TEAMS'!B42 -> 0.54166667 | C45: ='16U BOYS PLATINUM-19 TEAMS'!C42&"" -> ESTANCIA HS | D45: ='16U BOYS PLATINUM-19 TEAMS'!D42&"" -> 16Bpt12 | E45: ='16U BOYS PLATINUM-19 TEAMS'!E42&"" -> D2-NEWPORT | F45: ='16U BOYS PLATINUM-19 TEAMS'!F42&"" -> 11 | G45: ='16U BOYS PLATINUM-19 TEAMS'!G42&"" -> D3-PATRIOT | H45: ='16U BOYS PLATINUM-19 TEAMS'!H42&"" -> 6 | I45: ='16U BOYS PLATINUM-19 TEAMS'!I42&"" -> D bracket D2,D3 | J45: ='16U BOYS PLATINUM-19 TEAMS'!J42&"" -> 16U_BOYS_PLATINUM
A46: ='16U BOYS PLATINUM-19 TEAMS'!A43 -> 45724 | B46: ='16U BOYS PLATINUM-19 TEAMS'!B43 -> 0.58333333 | C46: ='16U BOYS PLATINUM-19 TEAMS'!C43&"" -> ESTANCIA HS | D46: ='16U BOYS PLATINUM-19 TEAMS'!D43&"" -> 16Bpt14 | E46: ='16U BOYS PLATINUM-19 TEAMS'!E43&"" -> E1-MISSION A | F46: ='16U BOYS PLATINUM-19 TEAMS'!F43&"" -> 8 | G46: ='16U BOYS PLATINUM-19 TEAMS'!G43&"" -> E2-ATHERTON | H46: ='16U BOYS PLATINUM-19 TEAMS'!H43&"" -> 5 | I46: ='16U BOYS PLATINUM-19 TEAMS'!I43&"" -> E bracket E1,E2 | J46: ='16U BOYS PLATINUM-19 TEAMS'!J43&"" -> 16U_BOYS_PLATINUM
A47: ='16U BOYS PLATINUM-19 TEAMS'!A44 -> 45724 | B47: ='16U BOYS PLATINUM-19 TEAMS'!B44 -> 0.625 | C47: ='16U BOYS PLATINUM-19 TEAMS'!C44&"" -> ESTANCIA HS | D47: ='16U BOYS PLATINUM-19 TEAMS'!D44&"" -> 16Bpt16 | E47: ='16U BOYS PLATINUM-19 TEAMS'!E44&"" -> W#6-TROJAN | F47: ='16U BOYS PLATINUM-19 TEAMS'!F44&"" -> 7 | G47: ='16U BOYS PLATINUM-19 TEAMS'!G44&"" -> W#10-SD SHORES BLACK | H47: ='16U BOYS PLATINUM-19 TEAMS'!H44&"" -> 9 | I47: ='16U BOYS PLATINUM-19 TEAMS'!I44&"" -> 1st/2ndF | J47: ='16U BOYS PLATINUM-19 TEAMS'!J44&"" -> 16U_BOYS_PLATINUM
A48: ='16U BOYS PLATINUM-19 TEAMS'!A45 -> 45724 | B48: ='16U BOYS PLATINUM-19 TEAMS'!B45 -> 0.66666667 | C48: ='16U BOYS PLATINUM-19 TEAMS'!C45&"" -> ESTANCIA HS | D48: ='16U BOYS PLATINUM-19 TEAMS'!D45&"" -> 16Bpt18 | E48: ='16U BOYS PLATINUM-19 TEAMS'!E45&"" -> L#6-FOOTHILL RED | F48: ='16U BOYS PLATINUM-19 TEAMS'!F45&"" -> 9 | G48: ='16U BOYS PLATINUM-19 TEAMS'!G45&"" -> L#10-TEXAS THUINDER | H48: ='16U BOYS PLATINUM-19 TEAMS'!H45&"" -> 10 | I48: ='16U BOYS PLATINUM-19 TEAMS'!I45&"" -> 3rd/4thF | J48: ='16U BOYS PLATINUM-19 TEAMS'!J45&"" -> 16U_BOYS_PLATINUM
A49: ='16U BOYS PLATINUM-19 TEAMS'!A46 -> 45724 | B49: ='16U BOYS PLATINUM-19 TEAMS'!B46 -> 0.70833333 | C49: ='16U BOYS PLATINUM-19 TEAMS'!C46&"" -> ESTANCIA HS | D49: ='16U BOYS PLATINUM-19 TEAMS'!D46&"" -> 16Bpt20 | E49: ='16U BOYS PLATINUM-19 TEAMS'!E46&"" -> D1-CC UNITED BLACK | F49: ='16U BOYS PLATINUM-19 TEAMS'!F46&"" -> 17 | G49: ='16U BOYS PLATINUM-19 TEAMS'!G46&"" -> D2-NEWPORT | H49: ='16U BOYS PLATINUM-19 TEAMS'!H46&"" -> 6 | I49: ='16U BOYS PLATINUM-19 TEAMS'!I46&"" -> D bracket D1,D2 | J49: ='16U BOYS PLATINUM-19 TEAMS'!J46&"" -> 16U_BOYS_PLATINUM
A50: ='16U BOYS PLATINUM-19 TEAMS'!A47 -> 45724 | B50: ='16U BOYS PLATINUM-19 TEAMS'!B47 -> 0.75 | C50: ='16U BOYS PLATINUM-19 TEAMS'!C47&"" -> ESTANCIA HS | D50: ='16U BOYS PLATINUM-19 TEAMS'!D47&"" -> 16Bpt21 | E50: ='16U BOYS PLATINUM-19 TEAMS'!E47&"" -> H2(1stE)-MISSION | F50: ='16U BOYS PLATINUM-19 TEAMS'!F47&"" -> 11 | G50: ='16U BOYS PLATINUM-19 TEAMS'!G47&"" -> H3(1stF)-SD SHORES BLACK | H50: ='16U BOYS PLATINUM-19 TEAMS'!H47&"" -> 8 | I50: ='16U BOYS PLATINUM-19 TEAMS'!I47&"" -> H bracket H2,H3 (1E,1F) | J50: ='16U BOYS PLATINUM-19 TEAMS'!J47&"" -> 16U_BOYS_PLATINUM
A51: ='18U BOYS-24 TEAMS'!A79 -> 45725 | B51: ='18U BOYS-24 TEAMS'!B79 -> 0.33333333 | C51: ='18U BOYS-24 TEAMS'!C79&"" -> ESTANCIA HS | D51: ='18U BOYS-24 TEAMS'!D79&"" -> 18B29 | E51: ='18U BOYS-24 TEAMS'!E79&"" -> M1(4thF)-MONARCHY | F51: ='18U BOYS-24 TEAMS'!F79&"" -> 6 | G51: ='18U BOYS-24 TEAMS'!G79&"" -> M3(4thD)-LA JOLLA UNITED NAVY | H51: ='18U BOYS-24 TEAMS'!H79&"" -> 10 | I51: ='18U BOYS-24 TEAMS'!I79&"" -> 19th-24th M1,M3 | J51: ='18U BOYS-24 TEAMS'!J79&"" -> 18U_BOYS
A52: ='18U BOYS-24 TEAMS'!A80 -> 45725 | B52: ='18U BOYS-24 TEAMS'!B80 -> 0.375 | C52: ='18U BOYS-24 TEAMS'!C80&"" -> ESTANCIA HS | D52: ='18U BOYS-24 TEAMS'!D80&"" -> 18B32 | E52: ='18U BOYS-24 TEAMS'!E80&"" -> N1(4thC)-FOOTHILL RED | F52: ='18U BOYS-24 TEAMS'!F80&"" -> 10 | G52: ='18U BOYS-24 TEAMS'!G80&"" -> N3(4thA)-NORTH IRVINE VEGAS | H52: ='18U BOYS-24 TEAMS'!H80&"" -> 9 | I52: ='18U BOYS-24 TEAMS'!I80&"" -> 19th-24th N1,N3 | J52: ='18U BOYS-24 TEAMS'!J80&"" -> 18U_BOYS
A53: ='18U BOYS-24 TEAMS'!A81 -> 45725 | B53: ='18U BOYS-24 TEAMS'!B81 -> 0.41666667 | C53: ='18U BOYS-24 TEAMS'!C81&"" -> ESTANCIA HS | D53: ='18U BOYS-24 TEAMS'!D81&"" -> 18B35 | E53: ='18U BOYS-24 TEAMS'!E81&"" -> M2(4thE)-DIABLO RED | F53: ='18U BOYS-24 TEAMS'!F81&"" -> 6 | G53: ='18U BOYS-24 TEAMS'!G81&"" -> M3(4thD)-LA JOLLA UNITED NAVY | H53: ='18U BOYS-24 TEAMS'!H81&"" -> 16 | I53: ='18U BOYS-24 TEAMS'!I81&"" -> 19th-24th M2,M3 | J53: ='18U BOYS-24 TEAMS'!J81&"" -> 18U_BOYS
A54: ='18U BOYS-24 TEAMS'!A82 -> 45725 | B54: ='18U BOYS-24 TEAMS'!B82 -> 0.45833333 | C54: ='18U BOYS-24 TEAMS'!C82&"" -> ESTANCIA HS | D54: ='18U BOYS-24 TEAMS'!D82&"" -> 18B38 | E54: ='18U BOYS-24 TEAMS'!E82&"" -> N2(4thB)-ORANGE COUNTY WPC BLUE | F54: ='18U BOYS-24 TEAMS'!F82&"" -> 10 | G54: ='18U BOYS-24 TEAMS'!G82&"" -> N3(4thA)-NORTH IRVINE VEGAS | H54: ='18U BOYS-24 TEAMS'!H82&"" -> 12 | I54: ='18U BOYS-24 TEAMS'!I82&"" -> 19th-24th N2,N3 | J54: ='18U BOYS-24 TEAMS'!J82&"" -> 18U_BOYS
A55: ='18U BOYS-24 TEAMS'!A83 -> 45725 | B55: ='18U BOYS-24 TEAMS'!B83 -> 0.5 | C55: ='18U BOYS-24 TEAMS'!C83&"" -> ESTANCIA HS | D55: ='18U BOYS-24 TEAMS'!D83&"" -> 18B41 | E55: ='18U BOYS-24 TEAMS'!E83&"" -> M1(4thF)-MONARCHY | F55: ='18U BOYS-24 TEAMS'!F83&"" -> 10 | G55: ='18U BOYS-24 TEAMS'!G83&"" -> M2(4thE)-DIABLO RED | H55: ='18U BOYS-24 TEAMS'!H83&"" -> 12 | I55: ='18U BOYS-24 TEAMS'!I83&"" -> 19th-24th M1,M2 | J55: ='18U BOYS-24 TEAMS'!J83&"" -> 18U_BOYS
A56: ='18U BOYS-24 TEAMS'!A84 -> 45725 | B56: ='18U BOYS-24 TEAMS'!B84 -> 0.54166667 | C56: ='18U BOYS-24 TEAMS'!C84&"" -> ESTANCIA HS | D56: ='18U BOYS-24 TEAMS'!D84&"" -> 18B44 | E56: ='18U BOYS-24 TEAMS'!E84&"" -> N1(4thC)-FOOTHILL RED | F56: ='18U BOYS-24 TEAMS'!F84&"" -> 13 | G56: ='18U BOYS-24 TEAMS'!G84&"" -> N2(4thB)-ORANGE COUNTY WPC BLUE | H56: ='18U BOYS-24 TEAMS'!H84&"" -> 11 | I56: ='18U BOYS-24 TEAMS'!I84&"" -> 19th-24th N1,N2 | J56: ='18U BOYS-24 TEAMS'!J84&"" -> 18U_BOYS
A57: ='18U BOYS-24 TEAMS'!A42 -> 45724 | B57: ='18U BOYS-24 TEAMS'!B42 -> 0.33333333 | C57: ='18U BOYS-24 TEAMS'!C42&"" -> MARINA HS | D57: ='18U BOYS-24 TEAMS'!D42&"" -> 18B02 | E57: ='18U BOYS-24 TEAMS'!E42&"" -> 2-NORTH IRVINE BEAST BOYS | F57: ='18U BOYS-24 TEAMS'!F42&"" -> 18 | G57: ='18U BOYS-24 TEAMS'!G42&"" -> 23-TEXAS THUNDER | H57: ='18U BOYS-24 TEAMS'!H42&"" -> 7 | I57: ='18U BOYS-24 TEAMS'!I42&"" -> W/L D1/D4 | J57: ='18U BOYS-24 TEAMS'!J42&"" -> 18U_BOYS
A58: ='18U BOYS-24 TEAMS'!A43 -> 45724 | B58: ='18U BOYS-24 TEAMS'!B43 -> 0.375 | C58: ='18U BOYS-24 TEAMS'!C43&"" -> MARINA HS | D58: ='18U BOYS-24 TEAMS'!D43&"" -> 18B04 | E58: ='18U BOYS-24 TEAMS'!E43&"" -> 11-STANFORD | F58: ='18U BOYS-24 TEAMS'!F43&"" -> 14 | G58: ='18U BOYS-24 TEAMS'!G43&"" -> 14-LA JOLLA UNITED NAVY | H58: ='18U BOYS-24 TEAMS'!H43&"" -> 6 | I58: ='18U BOYS-24 TEAMS'!I43&"" -> W/L D2/D3 | J58: ='18U BOYS-24 TEAMS'!J43&"" -> 18U_BOYS
A59: ='18U BOYS-24 TEAMS'!A30 -> 45724 | B59: ='18U BOYS-24 TEAMS'!B30 -> 0.41666667 | C59: ='18U BOYS-24 TEAMS'!C30&"" -> MARINA HS | D59: ='18U BOYS-24 TEAMS'!D30&"" -> 18B11 | E59: ='18U BOYS-24 TEAMS'!E30&"" -> 9-SAN FRANCISCO | F59: ='18U BOYS-24 TEAMS'!F30&"" -> 13 | G59: ='18U BOYS-24 TEAMS'!G30&"" -> 16-IMPERIAL BLUE | H59: ='18U BOYS-24 TEAMS'!H30&"" -> 12 | I59: ='18U BOYS-24 TEAMS'!I30&"" -> W/L B2/B3 | J59: ='18U BOYS-24 TEAMS'!J30&"" -> 18U_BOYS
A60: ='16U BOYS PLATINUM-19 TEAMS'!A62 -> 45725 | B60: ='16U BOYS PLATINUM-19 TEAMS'!B62 -> 0.33333333 | C60: ='16U BOYS PLATINUM-19 TEAMS'!C62&"" -> MARINA HS | D60: ='16U BOYS PLATINUM-19 TEAMS'!D62&"" -> 16Bpt23 | E60: ='16U BOYS PLATINUM-19 TEAMS'!E62&"" -> J1(2ndD)-NEWPORT | F60: ='16U BOYS PLATINUM-19 TEAMS'!F62&"" -> 9.4 | G60: ='16U BOYS PLATINUM-19 TEAMS'!G62&"" -> J3(2ndF)-TROJAN | H60: ='16U BOYS PLATINUM-19 TEAMS'!H62&"" -> 9.3 | I60: ='16U BOYS PLATINUM-19 TEAMS'!I62&"" -> bracket J1,J3 | J60: ='16U BOYS PLATINUM-19 TEAMS'!J62&"" -> 16U_BOYS_PLATINUM
A61: ='16U BOYS PLATINUM-19 TEAMS'!A63 -> 45725 | B61: ='16U BOYS PLATINUM-19 TEAMS'!B63 -> 0.375 | C61: ='16U BOYS PLATINUM-19 TEAMS'!C63&"" -> MARINA HS | D61: ='16U BOYS PLATINUM-19 TEAMS'!D63&"" -> 16Bpt25 | E61: ='16U BOYS PLATINUM-19 TEAMS'!E63&"" -> K1(3rdA)-DIABLO RED | F61: ='16U BOYS PLATINUM-19 TEAMS'!F63&"" -> 8 | G61: ='16U BOYS PLATINUM-19 TEAMS'!G63&"" -> K3(3rdC)-CHAWP | H61: ='16U BOYS PLATINUM-19 TEAMS'!H63&"" -> 7 | I61: ='16U BOYS PLATINUM-19 TEAMS'!I63&"" -> bracket K1,K3 | J61: ='16U BOYS PLATINUM-19 TEAMS'!J63&"" -> 16U_BOYS_PLATINUM
A62: ='16U BOYS PLATINUM-19 TEAMS'!A64 -> 45725 | B62: ='16U BOYS PLATINUM-19 TEAMS'!B64 -> 0.41666667 | C62: ='16U BOYS PLATINUM-19 TEAMS'!C64&"" -> MARINA HS | D62: ='16U BOYS PLATINUM-19 TEAMS'!D64&"" -> 16Bpt27 | E62: ='16U BOYS PLATINUM-19 TEAMS'!E64&"" -> L1(3rdD)-PATRIOT | F62: ='16U BOYS PLATINUM-19 TEAMS'!F64&"" -> 12 | G62: ='16U BOYS PLATINUM-19 TEAMS'!G64&"" -> L4(4thF)-FOOTHILL RED | H62: ='16U BOYS PLATINUM-19 TEAMS'!H64&"" -> 11 | I62: ='16U BOYS PLATINUM-19 TEAMS'!I64&"" -> W/L L1/L4 | J62: ='16U BOYS PLATINUM-19 TEAMS'!J64&"" -> 16U_BOYS_PLATINUM
A63: ='16U BOYS PLATINUM-19 TEAMS'!A65 -> 45725 | B63: ='16U BOYS PLATINUM-19 TEAMS'!B65 -> 0.45833333 | C63: ='16U BOYS PLATINUM-19 TEAMS'!C65&"" -> MARINA HS | D63: ='16U BOYS PLATINUM-19 TEAMS'!D65&"" -> 16Bpt29 | E63: ='16U BOYS PLATINUM-19 TEAMS'!E65&"" -> L2(3rdE)-VANGUARD BLUE | F63: ='16U BOYS PLATINUM-19 TEAMS'!F65&"" -> 13 | G63: ='16U BOYS PLATINUM-19 TEAMS'!G65&"" -> L3(3rdF)-TEXAS THUINDER | H63: ='16U BOYS PLATINUM-19 TEAMS'!H65&"" -> 12 | I63: ='16U BOYS PLATINUM-19 TEAMS'!I65&"" -> W/L L2/L3 | J63: ='16U BOYS PLATINUM-19 TEAMS'!J65&"" -> 16U_BOYS_PLATINUM
A64: ='16U BOYS PLATINUM-19 TEAMS'!A66 -> 45725 | B64: ='16U BOYS PLATINUM-19 TEAMS'!B66 -> 0.5 | C64: ='16U BOYS PLATINUM-19 TEAMS'!C66&"" -> MARINA HS | D64: ='16U BOYS PLATINUM-19 TEAMS'!D66&"" -> 16Bpt31 | E64: ='16U BOYS PLATINUM-19 TEAMS'!E66&"" -> J2(2ndE)-ATHERTON | F64: ='16U BOYS PLATINUM-19 TEAMS'!F66&"" -> 14 | G64: ='16U BOYS PLATINUM-19 TEAMS'!G66&"" -> J3(2ndF)-TROJAN | H64: ='16U BOYS PLATINUM-19 TEAMS'!H66&"" -> 9 | I64: ='16U BOYS PLATINUM-19 TEAMS'!I66&"" -> bracket J2,J3 | J64: ='16U BOYS PLATINUM-19 TEAMS'!J66&"" -> 16U_BOYS_PLATINUM
A65: ='16U BOYS PLATINUM-19 TEAMS'!A67 -> 45725 | B65: ='16U BOYS PLATINUM-19 TEAMS'!B67 -> 0.54166667 | C65: ='16U BOYS PLATINUM-19 TEAMS'!C67&"" -> MARINA HS | D65: ='16U BOYS PLATINUM-19 TEAMS'!D67&"" -> 16Bpt33 | E65: ='16U BOYS PLATINUM-19 TEAMS'!E67&"" -> K2(3rdB)-ROSE BOWL RED | F65: ='16U BOYS PLATINUM-19 TEAMS'!F67&"" -> 19 | G65: ='16U BOYS PLATINUM-19 TEAMS'!G67&"" -> K3(3rdC)-CHAWP | H65: ='16U BOYS PLATINUM-19 TEAMS'!H67&"" -> 15 | I65: ='16U BOYS PLATINUM-19 TEAMS'!I67&"" -> bracket K2,K3 | J65: ='16U BOYS PLATINUM-19 TEAMS'!J67&"" -> 16U_BOYS_PLATINUM
A66: ='16U BOYS PLATINUM-19 TEAMS'!A68 -> 45725 | B66: ='16U BOYS PLATINUM-19 TEAMS'!B68 -> 0.58333333 | C66: ='16U BOYS PLATINUM-19 TEAMS'!C68&"" -> MARINA HS | D66: ='16U BOYS PLATINUM-19 TEAMS'!D68&"" -> 16Bpt35 | E66: ='16U BOYS PLATINUM-19 TEAMS'!E68&"" -> PATRIOT | F66: ='16U BOYS PLATINUM-19 TEAMS'!F68&"" -> 12 | G66: ='16U BOYS PLATINUM-19 TEAMS'!G68&"" -> L#29-TEXAS THUINDER | H66: ='16U BOYS PLATINUM-19 TEAMS'!H68&"" -> 11 | I66: ='16U BOYS PLATINUM-19 TEAMS'!I68&"" -> 3rd/4thL | J66: ='16U BOYS PLATINUM-19 TEAMS'!J68&"" -> 16U_BOYS_PLATINUM
A67: ='16U BOYS PLATINUM-19 TEAMS'!A69 -> 45725 | B67: ='16U BOYS PLATINUM-19 TEAMS'!B69 -> 0.625 | C67: ='16U BOYS PLATINUM-19 TEAMS'!C69&"" -> MARINA HS | D67: ='16U BOYS PLATINUM-19 TEAMS'!D69&"" -> 16Bpt37 | E67: ='16U BOYS PLATINUM-19 TEAMS'!E69&"" -> FOOTHILL RED | F67: ='16U BOYS PLATINUM-19 TEAMS'!F69&"" -> 8 | G67: ='16U BOYS PLATINUM-19 TEAMS'!G69&"" -> W#29-VANGUARD BLUE | H67: ='16U BOYS PLATINUM-19 TEAMS'!H69&"" -> 12 | I67: ='16U BOYS PLATINUM-19 TEAMS'!I69&"" -> 1st/2ndL | J67: ='16U BOYS PLATINUM-19 TEAMS'!J69&"" -> 16U_BOYS_PLATINUM
A68: ='16U BOYS PLATINUM-19 TEAMS'!A70 -> 45725 | B68: ='16U BOYS PLATINUM-19 TEAMS'!B70 -> 0.66666667 | C68: ='16U BOYS PLATINUM-19 TEAMS'!C70&"" -> MARINA HS | D68: ='16U BOYS PLATINUM-19 TEAMS'!D70&"" -> 16Bpt39 | E68: ='16U BOYS PLATINUM-19 TEAMS'!E70&"" -> J1(2ndD)-NEWPORT | F68: ='16U BOYS PLATINUM-19 TEAMS'!F70&"" -> 9 | G68: ='16U BOYS PLATINUM-19 TEAMS'!G70&"" -> J2(2ndE)-ATHERTON | H68: ='16U BOYS PLATINUM-19 TEAMS'!H70&"" -> 10 | I68: ='16U BOYS PLATINUM-19 TEAMS'!I70&"" -> bracket J1,J2 | J68: ='16U BOYS PLATINUM-19 TEAMS'!J70&"" -> 16U_BOYS_PLATINUM
A69: ='16U BOYS PLATINUM-19 TEAMS'!A71 -> 45725 | B69: ='16U BOYS PLATINUM-19 TEAMS'!B71 -> 0.70833333 | C69: ='16U BOYS PLATINUM-19 TEAMS'!C71&"" -> MARINA HS | D69: ='16U BOYS PLATINUM-19 TEAMS'!D71&"" -> 16Bpt41 | E69: ='16U BOYS PLATINUM-19 TEAMS'!E71&"" -> K1(3rdA)-DIABLO RED | F69: ='16U BOYS PLATINUM-19 TEAMS'!F71&"" -> 14 | G69: ='16U BOYS PLATINUM-19 TEAMS'!G71&"" -> K2(3rdB)-ROSE BOWL RED | H69: ='16U BOYS PLATINUM-19 TEAMS'!H71&"" -> 13 | I69: ='16U BOYS PLATINUM-19 TEAMS'!I71&"" -> bracket K1,K2 | J69: ='16U BOYS PLATINUM-19 TEAMS'!J71&"" -> 16U_BOYS_PLATINUM
A70: ='18U BOYS-24 TEAMS'!A44 -> 45724 | B70: ='18U BOYS-24 TEAMS'!B44 -> 0.375 | C70: ='18U BOYS-24 TEAMS'!C44&"" -> TUSTIN HS | D70: ='18U BOYS-24 TEAMS'!D44&"" -> 18B08 | E70: ='18U BOYS-24 TEAMS'!E44&"" -> 10-SOCAL BLACK | F70: ='18U BOYS-24 TEAMS'!F44&"" -> 14 | G70: ='18U BOYS-24 TEAMS'!G44&"" -> 15-DIABLO RED | H70: ='18U BOYS-24 TEAMS'!H44&"" -> 6 | I70: ='18U BOYS-24 TEAMS'!I44&"" -> W/L E2/E3 | J70: ='18U BOYS-24 TEAMS'!J45&"" -> 18U_BOYS
A71: ='18U BOYS-24 TEAMS'!A45 -> 45724 | B71: ='18U BOYS-24 TEAMS'!B45 -> 0.41666667 | C71: ='18U BOYS-24 TEAMS'!C45&"" -> TUSTIN HS | D71: ='18U BOYS-24 TEAMS'!D45&"" -> 18B06 | E71: ='18U BOYS-24 TEAMS'!E45&"" -> 3-DEL MAR | F71: ='18U BOYS-24 TEAMS'!F45&"" -> 13 | G71: ='18U BOYS-24 TEAMS'!G45&"" -> 22-ROSE BOWL RED | H71: ='18U BOYS-24 TEAMS'!H45&"" -> 5 | I71: ='18U BOYS-24 TEAMS'!I45&"" -> W/L E1/E4 | J71: ='18U BOYS-24 TEAMS'!J44&"" -> 18U_BOYS
A72: ='18U BOYS-24 TEAMS'!A46 -> 45724 | B72: ='18U BOYS-24 TEAMS'!B46 -> 0.45833333 | C72: ='18U BOYS-24 TEAMS'!C46&"" -> TUSTIN HS | D72: ='18U BOYS-24 TEAMS'!D46&"" -> 18B10 | E72: ='18U BOYS-24 TEAMS'!E46&"" -> 6-CHANNEL ISLANDS UNITED GOLD | F72: ='18U BOYS-24 TEAMS'!F46&"" -> 10 | G72: ='18U BOYS-24 TEAMS'!G46&"" -> 19-MONARCHY | H72: ='18U BOYS-24 TEAMS'!H46&"" -> 4 | I72: ='18U BOYS-24 TEAMS'!I46&"" -> W/L F1/F4 | J72: ='18U BOYS-24 TEAMS'!J46&"" -> 18U_BOYS
A73: ='18U BOYS-24 TEAMS'!A47 -> 45724 | B73: ='18U BOYS-24 TEAMS'!B47 -> 0.5 | C73: ='18U BOYS-24 TEAMS'!C47&"" -> TUSTIN HS | D73: ='18U BOYS-24 TEAMS'!D47&"" -> 18B12 | E73: ='18U BOYS-24 TEAMS'!E47&"" -> 7-TROJAN | F73: ='18U BOYS-24 TEAMS'!F47&"" -> 12 | G73: ='18U BOYS-24 TEAMS'!G47&"" -> 18-PATRIOT | H73: ='18U BOYS-24 TEAMS'!H47&"" -> 10 | I73: ='18U BOYS-24 TEAMS'!I47&"" -> W/L F2/F3 | J73: ='18U BOYS-24 TEAMS'!J47&"" -> 18U_BOYS
A74: ='18U BOYS-24 TEAMS'!A48 -> 45724 | B74: ='18U BOYS-24 TEAMS'!B48 -> 0.54166667 | C74: ='18U BOYS-24 TEAMS'!C48&"" -> TUSTIN HS | D74: ='18U BOYS-24 TEAMS'!D48&"" -> 18B14 | E74: ='18U BOYS-24 TEAMS'!E48&"" -> L#2-TEXAS THUNDER | F74: ='18U BOYS-24 TEAMS'!F48&"" -> 5.5 | G74: ='18U BOYS-24 TEAMS'!G48&"" -> L#4-LA JOLLA UNITED NAVY | H74: ='18U BOYS-24 TEAMS'!H48&"" -> 5.4 | I74: ='18U BOYS-24 TEAMS'!I48&"" -> 3rd/4thD | J74: ='18U BOYS-24 TEAMS'!J48&"" -> 18U_BOYS
A75: ='18U BOYS-24 TEAMS'!A49 -> 45724 | B75: ='18U BOYS-24 TEAMS'!B49 -> 0.58333333 | C75: ='18U BOYS-24 TEAMS'!C49&"" -> TUSTIN HS | D75: ='18U BOYS-24 TEAMS'!D49&"" -> 18B16 | E75: ='18U BOYS-24 TEAMS'!E49&"" -> W#2-NORTH IRVINE BEAST BOYS | F75: ='18U BOYS-24 TEAMS'!F49&"" -> 10 | G75: ='18U BOYS-24 TEAMS'!G49&"" -> W#4-STANFORD | H75: ='18U BOYS-24 TEAMS'!H49&"" -> 13 | I75: ='18U BOYS-24 TEAMS'!I49&"" -> 1st/2ndD | J75: ='18U BOYS-24 TEAMS'!J49&"" -> 18U_BOYS
A76: ='18U BOYS-24 TEAMS'!A50 -> 45724 | B76: ='18U BOYS-24 TEAMS'!B50 -> 0.625 | C76: ='18U BOYS-24 TEAMS'!C50&"" -> TUSTIN HS | D76: ='18U BOYS-24 TEAMS'!D50&"" -> 18B20 | E76: ='18U BOYS-24 TEAMS'!E50&"" -> W#6-DEL MAR | F76: ='18U BOYS-24 TEAMS'!F50&"" -> 10 | G76: ='18U BOYS-24 TEAMS'!G50&"" -> W#8-SOCAL BLACK | H76: ='18U BOYS-24 TEAMS'!H50&"" -> 9 | I76: ='18U BOYS-24 TEAMS'!I50&"" -> 1st/2nd E | J76: ='18U BOYS-24 TEAMS'!J50&"" -> 18U_BOYS
A77: ='18U BOYS-24 TEAMS'!A52 -> 45724 | B77: ='18U BOYS-24 TEAMS'!B52 -> 0.66666667 | C77: ='18U BOYS-24 TEAMS'!C52&"" -> TUSTIN HS | D77: ='18U BOYS-24 TEAMS'!D52&"" -> 18B22 | E77: ='18U BOYS-24 TEAMS'!E52&"" -> L#10-MONARCHY | F77: ='18U BOYS-24 TEAMS'!F52&"" -> 10.3 | G77: ='18U BOYS-24 TEAMS'!G52&"" -> L#12-PATRIOT | H77: ='18U BOYS-24 TEAMS'!H52&"" -> 10.4 | I77: ='18U BOYS-24 TEAMS'!I52&"" -> 3rd/4th F | J77: ='18U BOYS-24 TEAMS'!J52&"" -> 18U_BOYS
A78: ='18U BOYS-24 TEAMS'!A53 -> 45724 | B78: ='18U BOYS-24 TEAMS'!B53 -> 0.70833333 | C78: ='18U BOYS-24 TEAMS'!C53&"" -> TUSTIN HS | D78: ='18U BOYS-24 TEAMS'!D53&"" -> 18B24 | E78: ='18U BOYS-24 TEAMS'!E53&"" -> W#10-CHANNEL ISLANDS UNITED GOLD | F78: ='18U BOYS-24 TEAMS'!F53&"" -> 9 | G78: ='18U BOYS-24 TEAMS'!G53&"" -> W#12-TROJAN | H78: ='18U BOYS-24 TEAMS'!H53&"" -> 8 | I78: ='18U BOYS-24 TEAMS'!I53&"" -> 1st/2nd F | J78: ='18U BOYS-24 TEAMS'!J53&"" -> 18U_BOYS
A79: ='18U BOYS-24 TEAMS'!A54 -> 45724 | B79: ='18U BOYS-24 TEAMS'!B54 -> 0.75 | C79: ='18U BOYS-24 TEAMS'!C54&"" -> TUSTIN HS | D79: ='18U BOYS-24 TEAMS'!D54&"" -> 18B26 | E79: ='18U BOYS-24 TEAMS'!E54&"" -> H1(1stD)-STANFORD | F79: ='18U BOYS-24 TEAMS'!F54&"" -> 13 | G79: ='18U BOYS-24 TEAMS'!G54&"" -> H2(1stE)-DEL MAR | H79: ='18U BOYS-24 TEAMS'!H54&"" -> 12 | I79: ='18U BOYS-24 TEAMS'!I54&"" -> H bracket 1D/1E | J79: ='18U BOYS-24 TEAMS'!J54&"" -> 18U_BOYS
A80: ='18U BOYS-24 TEAMS'!A58 -> 45725 | B80: ='18U BOYS-24 TEAMS'!B58 -> 0.33333333 | C80: ='18U BOYS-24 TEAMS'!C58&"" -> TUSTIN HS | D80: ='18U BOYS-24 TEAMS'!D58&"" -> 18B27 | E80: ='18U BOYS-24 TEAMS'!E58&"" -> I1(2ndA)-VANGUARD BLUE | F80: ='18U BOYS-24 TEAMS'!F58&"" -> 6 | G80: ='18U BOYS-24 TEAMS'!G58&"" -> I3(2ndC)-SD SHORES BLACK | H80: ='18U BOYS-24 TEAMS'!H58&"" -> 7 | I80: ='18U BOYS-24 TEAMS'!I58&"" -> I bracket I1,I3 | J80: ='18U BOYS-24 TEAMS'!J58&"" -> 18U_BOYS
A81: ='18U BOYS-24 TEAMS'!A59 -> 45725 | B81: ='18U BOYS-24 TEAMS'!B59 -> 0.375 | C81: ='18U BOYS-24 TEAMS'!C59&"" -> TUSTIN HS | D81: ='18U BOYS-24 TEAMS'!D59&"" -> 18B30 | E81: ='18U BOYS-24 TEAMS'!E59&"" -> G1(1stA)-LAMORINDA | F81: ='18U BOYS-24 TEAMS'!F59&"" -> 6 | G81: ='18U BOYS-24 TEAMS'!G59&"" -> G2(1stB)-NEWPORT | H81: ='18U BOYS-24 TEAMS'!H59&"" -> 7 | I81: ='18U BOYS-24 TEAMS'!I59&"" -> G bracket G1,G3 | J81: ='18U BOYS-24 TEAMS'!J59&"" -> 18U_BOYS
A82: ='18U BOYS-24 TEAMS'!A60 -> 45725 | B82: ='18U BOYS-24 TEAMS'!B60 -> 0.41666667 | C82: ='18U BOYS-24 TEAMS'!C60&"" -> TUSTIN HS | D82: ='18U BOYS-24 TEAMS'!D60&"" -> 18B33 | E82: ='18U BOYS-24 TEAMS'!E60&"" -> H1(1stD)-STANFORD | F82: ='18U BOYS-24 TEAMS'!F60&"" -> 10.3 | G82: ='18U BOYS-24 TEAMS'!G60&"" -> H3(1stF)-CHANNEL ISLANDS UNITED GOLD | H82: ='18U BOYS-24 TEAMS'!H60&"" -> 10.4 | I82: ='18U BOYS-24 TEAMS'!I60&"" -> H bracket H1,H3 | J82: ='18U BOYS-24 TEAMS'!J60&"" -> 18U_BOYS
A83: ='18U BOYS-24 TEAMS'!A61 -> 45725 | B83: ='18U BOYS-24 TEAMS'!B61 -> 0.45833333 | C83: ='18U BOYS-24 TEAMS'!C61&"" -> TUSTIN HS | D83: ='18U BOYS-24 TEAMS'!D61&"" -> 18B36 | E83: ='18U BOYS-24 TEAMS'!E61&"" -> I2(2ndB)-SAN FRANCISCO | F83: ='18U BOYS-24 TEAMS'!F61&"" -> 11 | G83: ='18U BOYS-24 TEAMS'!G61&"" -> I3(2ndC)-SD SHORES BLACK | H83: ='18U BOYS-24 TEAMS'!H61&"" -> 8 | I83: ='18U BOYS-24 TEAMS'!I61&"" -> I bracket I2,I3 | J83: ='18U BOYS-24 TEAMS'!J61&"" -> 18U_BOYS
A84: ='18U BOYS-24 TEAMS'!A62 -> 45725 | B84: ='18U BOYS-24 TEAMS'!B62 -> 0.5 | C84: ='18U BOYS-24 TEAMS'!C62&"" -> TUSTIN HS | D84: ='18U BOYS-24 TEAMS'!D62&"" -> 18B39 | E84: ='18U BOYS-24 TEAMS'!E62&"" -> G2(1stB)-NEWPORT | F84: ='18U BOYS-24 TEAMS'!F62&"" -> 13 | G84: ='18U BOYS-24 TEAMS'!G62&"" -> G2(1stC)-CC UNITED | H84: ='18U BOYS-24 TEAMS'!H62&"" -> 6 | I84: ='18U BOYS-24 TEAMS'!I62&"" -> G bracket G2,G3 | J84: ='18U BOYS-24 TEAMS'!J62&"" -> 18U_BOYS
A85: ='18U BOYS-24 TEAMS'!A63 -> 45725 | B85: ='18U BOYS-24 TEAMS'!B63 -> 0.54166667 | C85: ='18U BOYS-24 TEAMS'!C63&"" -> TUSTIN HS | D85: ='18U BOYS-24 TEAMS'!D63&"" -> 18B42 | E85: ='18U BOYS-24 TEAMS'!E63&"" -> H2(1stE)-DEL MAR | F85: ='18U BOYS-24 TEAMS'!F63&"" -> 10.1 | G85: ='18U BOYS-24 TEAMS'!G63&"" -> H3(1stF)-CHANNEL ISLANDS UNITED GOLD | H85: ='18U BOYS-24 TEAMS'!H63&"" -> 10.2 | I85: ='18U BOYS-24 TEAMS'!I63&"" -> H bracket H2,H3 | J85: ='18U BOYS-24 TEAMS'!J63&"" -> 18U_BOYS
A86: ='18U BOYS-24 TEAMS'!A64 -> 45725 | B86: ='18U BOYS-24 TEAMS'!B64 -> 0.58333333 | C86: ='18U BOYS-24 TEAMS'!C64&"" -> TUSTIN HS | D86: ='18U BOYS-24 TEAMS'!D64&"" -> 18B45 | E86: ='18U BOYS-24 TEAMS'!E64&"" -> I1(2ndA)-VANGUARD BLUE | F86: ='18U BOYS-24 TEAMS'!F64&"" -> 9 | G86: ='18U BOYS-24 TEAMS'!G64&"" -> I2(2ndB)-SAN FRANCISCO | H86: ='18U BOYS-24 TEAMS'!H64&"" -> 13 | I86: ='18U BOYS-24 TEAMS'!I64&"" -> I bracket I1,2 | J86: ='18U BOYS-24 TEAMS'!J64&"" -> 18U_BOYS
A87: ='18U BOYS-24 TEAMS'!A65 -> 45725 | B87: ='18U BOYS-24 TEAMS'!B65 -> 0.625 | C87: ='18U BOYS-24 TEAMS'!C65&"" -> TUSTIN HS | D87: ='18U BOYS-24 TEAMS'!D65&"" -> 18B47 | E87: ='18U BOYS-24 TEAMS'!E65&"" -> P1(3rdG)-CC UNITED | F87: ='18U BOYS-24 TEAMS'!F65&"" -> 6 | G87: ='18U BOYS-24 TEAMS'!G65&"" -> P2(3rdH)-DEL MAR | H87: ='18U BOYS-24 TEAMS'!H65&"" -> 8 | I87: ='18U BOYS-24 TEAMS'!I65&"" -> 5th 3G/3H | J87: ='18U BOYS-24 TEAMS'!J65&"" -> 18U_BOYS
A88: ='18U BOYS-24 TEAMS'!A66 -> 45725 | B88: ='18U BOYS-24 TEAMS'!B66 -> 0.66666667 | C88: ='18U BOYS-24 TEAMS'!C66&"" -> TUSTIN HS | D88: ='18U BOYS-24 TEAMS'!D66&"" -> 18B49 | E88: ='18U BOYS-24 TEAMS'!E66&"" -> N1(2ndG)-LAMORINDA | F88: ='18U BOYS-24 TEAMS'!F66&"" -> 11 | G88: ='18U BOYS-24 TEAMS'!G66&"" -> N2(2ndH)-STANFORD | H88: ='18U BOYS-24 TEAMS'!H66&"" -> 9 | I88: ='18U BOYS-24 TEAMS'!I66&"" -> 3rd 2G/2H | J88: ='18U BOYS-24 TEAMS'!J66&"" -> 18U_BOYS
A89: ='18U BOYS-24 TEAMS'!A67 -> 45725 | B89: ='18U BOYS-24 TEAMS'!B67 -> 0.70833333 | C89: ='18U BOYS-24 TEAMS'!C67&"" -> TUSTIN HS | D89: ='18U BOYS-24 TEAMS'!D67&"" -> 18B51 | E89: ='18U BOYS-24 TEAMS'!E67&"" -> O1(1stG)-NEWPORT | F89: ='18U BOYS-24 TEAMS'!F67&"" -> 12 | G89: ='18U BOYS-24 TEAMS'!G67&"" -> O2(1stH)-CHANNEL ISLANDS UNITED GOLD | H89: ='18U BOYS-24 TEAMS'!H67&"" -> 5 | I89: ='18U BOYS-24 TEAMS'!I67&"" -> 1st 1G/1H | J89: ='18U BOYS-24 TEAMS'!J67&"" -> 18U_BOYS
A90: ='16U BOYS PLATINUM-19 TEAMS'!A24 -> 45724 | B90: ='16U BOYS PLATINUM-19 TEAMS'!B24 -> 0.33333333 | C90: ='16U BOYS PLATINUM-19 TEAMS'!C24&"" -> WESTMINSTER HS | D90: ='16U BOYS PLATINUM-19 TEAMS'!D24&"" -> 16Bpt01 | E90: ='16U BOYS PLATINUM-19 TEAMS'!E24&"" -> C1-STANFORD | F90: ='16U BOYS PLATINUM-19 TEAMS'!F24&"" -> 18 | G90: ='16U BOYS PLATINUM-19 TEAMS'!G24&"" -> C3-CHAWP | H90: ='16U BOYS PLATINUM-19 TEAMS'!H24&"" -> 10 | I90: ='16U BOYS PLATINUM-19 TEAMS'!I24&"" -> C bracket C1,C3 | J90: ='16U BOYS PLATINUM-19 TEAMS'!J24&"" -> 16U_BOYS_PLATINUM
A91: ='16U BOYS PLATINUM-19 TEAMS'!A25 -> 45724 | B91: ='16U BOYS PLATINUM-19 TEAMS'!B25 -> 0.375 | C91: ='16U BOYS PLATINUM-19 TEAMS'!C25&"" -> WESTMINSTER HS | D91: ='16U BOYS PLATINUM-19 TEAMS'!D25&"" -> 16Bpt03 | E91: ='16U BOYS PLATINUM-19 TEAMS'!E25&"" -> A1-DEL MAR | F91: ='16U BOYS PLATINUM-19 TEAMS'!F25&"" -> 18 | G91: ='16U BOYS PLATINUM-19 TEAMS'!G25&"" -> A3-NORTH IRVINE BLACK | H91: ='16U BOYS PLATINUM-19 TEAMS'!H25&"" -> 9 | I91: ='16U BOYS PLATINUM-19 TEAMS'!I25&"" -> A bracket A1,A3 | J91: ='16U BOYS PLATINUM-19 TEAMS'!J25&"" -> 16U_BOYS_PLATINUM
A92: ='16U BOYS PLATINUM-19 TEAMS'!A26 -> 45724 | B92: ='16U BOYS PLATINUM-19 TEAMS'!B26 -> 0.41666667 | C92: ='16U BOYS PLATINUM-19 TEAMS'!C26&"" -> WESTMINSTER HS | D92: ='16U BOYS PLATINUM-19 TEAMS'!D26&"" -> 16Bpt05 | E92: ='16U BOYS PLATINUM-19 TEAMS'!E26&"" -> B2-ORANGE COUNTY WPC BLUE | F92: ='16U BOYS PLATINUM-19 TEAMS'!F26&"" -> 15 | G92: ='16U BOYS PLATINUM-19 TEAMS'!G26&"" -> B3-ROSE BOWL RED | H92: ='16U BOYS PLATINUM-19 TEAMS'!H26&"" -> 8 | I92: ='16U BOYS PLATINUM-19 TEAMS'!I26&"" -> B bracket B2,B3 | J92: ='16U BOYS PLATINUM-19 TEAMS'!J26&"" -> 16U_BOYS_PLATINUM
A93: ='18U BOYS-24 TEAMS'!A32 -> 45724 | B93: ='18U BOYS-24 TEAMS'!B32 -> 0.45833333 | C93: ='18U BOYS-24 TEAMS'!C32&"" -> WESTMINSTER HS | D93: ='18U BOYS-24 TEAMS'!D32&"" -> 18B09 | E93: ='18U BOYS-24 TEAMS'!E32&"" -> 4-NEWPORT | F93: ='18U BOYS-24 TEAMS'!F32&"" -> 10 | G93: ='18U BOYS-24 TEAMS'!G32&"" -> 21-ORANGE COUNTY WPC BLUE | H93: ='18U BOYS-24 TEAMS'!H32&"" -> 5 | I93: ='18U BOYS-24 TEAMS'!I32&"" -> W/L B1/B4 | J93: ='18U BOYS-24 TEAMS'!J32&"" -> 18U_BOYS
A94: ='16U BOYS PLATINUM-19 TEAMS'!A28 -> 45724 | B94: ='16U BOYS PLATINUM-19 TEAMS'!B28 -> 0.5 | C94: ='16U BOYS PLATINUM-19 TEAMS'!C28&"" -> WESTMINSTER HS | D94: ='16U BOYS PLATINUM-19 TEAMS'!D28&"" -> 16Bpt07 | E94: ='16U BOYS PLATINUM-19 TEAMS'!E28&"" -> C2-LA JOLLA UNITED NAVY | F94: ='16U BOYS PLATINUM-19 TEAMS'!F28&"" -> 15 | G94: ='16U BOYS PLATINUM-19 TEAMS'!G28&"" -> C3-CHAWP | H94: ='16U BOYS PLATINUM-19 TEAMS'!H28&"" -> 8 | I94: ='16U BOYS PLATINUM-19 TEAMS'!I28&"" -> C bracket C2,C3 | J94: ='16U BOYS PLATINUM-19 TEAMS'!J28&"" -> 16U_BOYS_PLATINUM
A95: ='16U BOYS PLATINUM-19 TEAMS'!A29 -> 45724 | B95: ='16U BOYS PLATINUM-19 TEAMS'!B29 -> 0.54166667 | C95: ='16U BOYS PLATINUM-19 TEAMS'!C29&"" -> WESTMINSTER HS | D95: ='16U BOYS PLATINUM-19 TEAMS'!D29&"" -> 16Bpt09 | E95: ='16U BOYS PLATINUM-19 TEAMS'!E29&"" -> A2-DIABLO RED | F95: ='16U BOYS PLATINUM-19 TEAMS'!F29&"" -> 8 | G95: ='16U BOYS PLATINUM-19 TEAMS'!G29&"" -> A3-NORTH IRVINE BLACK | H95: ='16U BOYS PLATINUM-19 TEAMS'!H29&"" -> 14 | I95: ='16U BOYS PLATINUM-19 TEAMS'!I29&"" -> A bracket A2,A3 | J95: ='16U BOYS PLATINUM-19 TEAMS'!J29&"" -> 16U_BOYS_PLATINUM
A96: ='16U BOYS PLATINUM-19 TEAMS'!A30 -> 45724 | B96: ='16U BOYS PLATINUM-19 TEAMS'!B30 -> 0.58333333 | C96: ='16U BOYS PLATINUM-19 TEAMS'!C30&"" -> WESTMINSTER HS | D96: ='16U BOYS PLATINUM-19 TEAMS'!D30&"" -> 16Bpt11 | E96: ='16U BOYS PLATINUM-19 TEAMS'!E30&"" -> B1-CHANNEL ISLANDS UNITED GOLD | F96: ='16U BOYS PLATINUM-19 TEAMS'!F30&"" -> 17 | G96: ='16U BOYS PLATINUM-19 TEAMS'!G30&"" -> B3-ROSE BOWL RED | H96: ='16U BOYS PLATINUM-19 TEAMS'!H30&"" -> 5 | I96: ='16U BOYS PLATINUM-19 TEAMS'!I30&"" -> B bracket B1,B3 | J96: ='16U BOYS PLATINUM-19 TEAMS'!J30&"" -> 16U_BOYS_PLATINUM
A97: ='16U BOYS PLATINUM-19 TEAMS'!A31 -> 45724 | B97: ='16U BOYS PLATINUM-19 TEAMS'!B31 -> 0.625 | C97: ='16U BOYS PLATINUM-19 TEAMS'!C31&"" -> WESTMINSTER HS | D97: ='16U BOYS PLATINUM-19 TEAMS'!D31&"" -> 16Bpt13 | E97: ='16U BOYS PLATINUM-19 TEAMS'!E31&"" -> C1-STANFORD | F97: ='16U BOYS PLATINUM-19 TEAMS'!F31&"" -> 17 | G97: ='16U BOYS PLATINUM-19 TEAMS'!G31&"" -> C2-LA JOLLA UNITED NAVY | H97: ='16U BOYS PLATINUM-19 TEAMS'!H31&"" -> 10 | I97: ='16U BOYS PLATINUM-19 TEAMS'!I31&"" -> C bracket C1,C2 | J97: ='16U BOYS PLATINUM-19 TEAMS'!J31&"" -> 16U_BOYS_PLATINUM
A98: ='16U BOYS PLATINUM-19 TEAMS'!A32 -> 45724 | B98: ='16U BOYS PLATINUM-19 TEAMS'!B32 -> 0.66666667 | C98: ='16U BOYS PLATINUM-19 TEAMS'!C32&"" -> WESTMINSTER HS | D98: ='16U BOYS PLATINUM-19 TEAMS'!D32&"" -> 16Bpt15 | E98: ='16U BOYS PLATINUM-19 TEAMS'!E32&"" -> A1-DEL MAR | F98: ='16U BOYS PLATINUM-19 TEAMS'!F32&"" -> 19 | G98: ='16U BOYS PLATINUM-19 TEAMS'!G32&"" -> A2-DIABLO RED | H98: ='16U BOYS PLATINUM-19 TEAMS'!H32&"" -> 5 | I98: ='16U BOYS PLATINUM-19 TEAMS'!I32&"" -> A bracket A1,A2 | J98: ='16U BOYS PLATINUM-19 TEAMS'!J32&"" -> 16U_BOYS_PLATINUM
A99: ='18U BOYS-24 TEAMS'!A51 -> 45724 | B99: ='18U BOYS-24 TEAMS'!B51 -> 0.70833333 | C99: ='18U BOYS-24 TEAMS'!C51&"" -> WESTMINSTER HS | D99: ='18U BOYS-24 TEAMS'!D51&"" -> 18B18 | E99: ='18U BOYS-24 TEAMS'!E51&"" -> L#6-ROSE BOWL RED | F99: ='18U BOYS-24 TEAMS'!F51&"" -> 14 | G99: ='18U BOYS-24 TEAMS'!G51&"" -> L#8-DIABLO RED | H99: ='18U BOYS-24 TEAMS'!H51&"" -> 10 | I99: ='18U BOYS-24 TEAMS'!I51&"" -> 3rd/4th E | J99: ='18U BOYS-24 TEAMS'!J51&"" -> 18U_BOYS
A100: ='16U BOYS PLATINUM-19 TEAMS'!A34 -> 45724 | B100: ='16U BOYS PLATINUM-19 TEAMS'!B34 -> 0.75 | C100: ='16U BOYS PLATINUM-19 TEAMS'!C34&"" -> WESTMINSTER HS | D100: ='16U BOYS PLATINUM-19 TEAMS'!D34&"" -> 16Bpt17 | E100: ='16U BOYS PLATINUM-19 TEAMS'!E34&"" -> B1-CHANNEL ISLANDS UNITED GOLD | F100: ='16U BOYS PLATINUM-19 TEAMS'!F34&"" -> 13 | G100: ='16U BOYS PLATINUM-19 TEAMS'!G34&"" -> B2-ORANGE COUNTY WPC BLUE | H100: ='16U BOYS PLATINUM-19 TEAMS'!H34&"" -> 10 | I100: ='16U BOYS PLATINUM-19 TEAMS'!I34&"" -> B bracket B1,B2 | J100: ='16U BOYS PLATINUM-19 TEAMS'!J34&"" -> 16U_BOYS_PLATINUM
...

Sheet CHICLETS
A1: 2025 NEWPORT SPRING INVITE
A2: CHICLETS MASTER | B2: 9:30am start | H2: Note 1st 3 games Newport Spring Invite | I2: 9am start | K2: COURSES
A3: SATURDAY, MARCH 8 | B3: COSTA MESA HS | E3: ESTANCIA HS | F3: EL TORO HS | G3: WESTMINSTER HS | H3: MARINA HS | I3: TUSTIN HS | K3: =COUNTA(B3:I3) -> 6
D4: 0.33333333 | E4: ='16U BOYS PLATINUM-19 TEAMS'!D37&"-"&'16U BOYS PLATINUM-19 TEAMS'!I37&"-"&TEXT('16U BOYS PLATINUM-19 TEAMS'!B37,"h:mm am/pm") -> 16Bpt02-E bracket E1,E3-8:00 AM | F4: ='18U BOYS-24 TEAMS'!D27&"-"&'18U BOYS-24 TEAMS'!I27&"-"&TEXT('18U BOYS-24 TEAMS'!B27,"h:mm am/pm") -> 18B01-W/L C1/C4-8:00 AM | G4: ='16U BOYS PLATINUM-19 TEAMS'!D24&"-"&'16U BOYS PLATINUM-19 TEAMS'!I24&"-"&TEXT('16U BOYS PLATINUM-19 TEAMS'!B24,"h:mm am/pm") -> 16Bpt01-C bracket C1,C3-8:00 AM | H4: ='18U BOYS-24 TEAMS'!D42&"-"&'18U BOYS-24 TEAMS'!I42&"-"&TEXT('18U BOYS-24 TEAMS'!B42,"h:mm am/pm") -> 18B02-W/L D1/D4-8:00 AM
A5: 0.39583333 | B5: ='16U BOYS GOLD-9 TEAMS'!D14&"-"&'16U BOYS GOLD-9 TEAMS'!I14&"-"&TEXT('16U BOYS GOLD-9 TEAMS'!B14,"h:mm am/pm") -> 16Bau01-A bracket A1,A3-9:30 AM | D5: 0.375 | E5: ='16U BOYS PLATINUM-19 TEAMS'!D38&"-"&'16U BOYS PLATINUM-19 TEAMS'!I38&"-"&TEXT('16U BOYS PLATINUM-19 TEAMS'!B38,"h:mm am/pm") -> 16Bpt04-D bracket D1,D3-9:00 AM | F5: ='18U BOYS-24 TEAMS'!D28&"-"&'18U BOYS-24 TEAMS'!I28&"-"&TEXT('18U BOYS-24 TEAMS'!B28,"h:mm am/pm") -> 18B03-W/L C2/C3-9:00 AM | G5: ='16U BOYS PLATINUM-19 TEAMS'!D25&"-"&'16U BOYS PLATINUM-19 TEAMS'!I25&"-"&TEXT('16U BOYS PLATINUM-19 TEAMS'!B25,"h:mm am/pm") -> 16Bpt03-A bracket A1,A3-9:00 AM | H5: ='18U BOYS-24 TEAMS'!D43&"-"&'18U BOYS-24 TEAMS'!I43&"-"&TEXT('18U BOYS-24 TEAMS'!B43,"h:mm am/pm") -> 18B04-W/L D2/D3-9:00 AM | I5: ='18U BOYS-24 TEAMS'!D44&"-"&'18U BOYS-24 TEAMS'!I44&"-"&TEXT('18U BOYS-24 TEAMS'!B44,"h:mm am/pm") -> 18B08-W/L E2/E3-9:00 AM
A6: 0.4375 | B6: ='16U BOYS GOLD-9 TEAMS'!D15&"-"&'16U BOYS GOLD-9 TEAMS'!I15&"-"&TEXT('16U BOYS GOLD-9 TEAMS'!B15,"h:mm am/pm") -> 16Bau02-B bracket B1,B3-10:30 AM | D6: 0.41666667 | E6: ='16U BOYS PLATINUM-19 TEAMS'!D39&"-"&'16U BOYS PLATINUM-19 TEAMS'!I39&"-"&TEXT('16U BOYS PLATINUM-19 TEAMS'!B39,"h:mm am/pm") -> 16Bpt06-W/L F1/F4-10:00 AM | F6: ='18U BOYS-24 TEAMS'!D29&"-"&'18U BOYS-24 TEAMS'!I29&"-"&TEXT('18U BOYS-24 TEAMS'!B29,"h:mm am/pm") -> 18B05-W/L A1/A4-10:00 AM | G6: ='16U BOYS PLATINUM-19 TEAMS'!D26&"-"&'16U BOYS PLATINUM-19 TEAMS'!I26&"-"&TEXT('16U BOYS PLATINUM-19 TEAMS'!B26,"h:mm am/pm") -> 16Bpt05-B bracket B2,B3-10:00 AM | H6: ='18U BOYS-24 TEAMS'!D32&"-"&'18U BOYS-24 TEAMS'!I32&"-"&TEXT('18U BOYS-24 TEAMS'!B30,"h:mm am/pm") -> 18B09-W/L B1/B4-10:00 AM | I6: ='18U BOYS-24 TEAMS'!D45&"-"&'18U BOYS-24 TEAMS'!I45&"-"&TEXT('18U BOYS-24 TEAMS'!B45,"h:mm am/pm") -> 18B06-W/L E1/E4-10:00 AM
A7: 0.47916667 | B7: ='16U BOYS GOLD-9 TEAMS'!D16&"-"&'16U BOYS GOLD-9 TEAMS'!I16&"-"&TEXT('16U BOYS GOLD-9 TEAMS'!B16,"h:mm am/pm") -> 16Bau03-C bracket C1,C2-11:30 AM | D7: 0.45833333 | E7: ='16U BOYS PLATINUM-19 TEAMS'!D40&"-"&'16U BOYS PLATINUM-19 TEAMS'!I40&"-"&TEXT('16U BOYS PLATINUM-19 TEAMS'!B40,"h:mm am/pm") -> 16Bpt08-E bracket E2,E3-11:00 AM | F7: ='18U BOYS-24 TEAMS'!D31&"-"&'18U BOYS-24 TEAMS'!I31&"-"&TEXT('18U BOYS-24 TEAMS'!B31,"h:mm am/pm") -> 18B07-W/L A2/A3-11:00 AM | G7: ='18U BOYS-24 TEAMS'!D30&"-"&'18U BOYS-24 TEAMS'!I30&"-"&TEXT('18U BOYS-24 TEAMS'!B32,"h:mm am/pm") -> 18B11-W/L B2/B3-11:00 AM | I7: ='18U BOYS-24 TEAMS'!D46&"-"&'18U BOYS-24 TEAMS'!I46&"-"&TEXT('18U BOYS-24 TEAMS'!B46,"h:mm am/pm") -> 18B10-W/L F1/F4-11:00 AM
A8: 0.52083333 | B8: ='16U BOYS GOLD-9 TEAMS'!D17&"-"&'16U BOYS GOLD-9 TEAMS'!I17&"-"&TEXT('16U BOYS GOLD-9 TEAMS'!B17,"h:mm am/pm") -> 16Bau04-A bracket A2,A3-12:30 PM | D8: 0.5 | E8: ='16U BOYS PLATINUM-19 TEAMS'!D41&"-"&'16U BOYS PLATINUM-19 TEAMS'!I41&"-"&TEXT('16U BOYS PLATINUM-19 TEAMS'!B41,"h:mm am/pm") -> 16Bpt10-W/L F2/F3-12:00 PM | F8: ='18U BOYS-24 TEAMS'!D33&"-"&'18U BOYS-24 TEAMS'!I33&"-"&TEXT('18U BOYS-24 TEAMS'!B33,"h:mm am/pm") -> 18B13-3rd/4thC-12:00 PM | G8: ='16U BOYS PLATINUM-19 TEAMS'!D28&"-"&'16U BOYS PLATINUM-19 TEAMS'!I28&"-"&TEXT('16U BOYS PLATINUM-19 TEAMS'!B28,"h:mm am/pm") -> 16Bpt07-C bracket C2,C3-12:00 PM | I8: ='18U BOYS-24 TEAMS'!D47&"-"&'18U BOYS-24 TEAMS'!I47&"-"&TEXT('18U BOYS-24 TEAMS'!B47,"h:mm am/pm") -> 18B12-W/L F2/F3-12:00 PM
A9: 0.5625 | B9: ='16U BOYS GOLD-9 TEAMS'!D18&"-"&'16U BOYS GOLD-9 TEAMS'!I18&"-"&TEXT('16U BOYS GOLD-9 TEAMS'!B18,"h:mm am/pm") -> 16Bau05-B bracket B1,B2-1:30 PM | D9: 0.54166667 | E9: ='16U BOYS PLATINUM-19 TEAMS'!D42&"-"&'16U BOYS PLATINUM-19 TEAMS'!I42&"-"&TEXT('16U BOYS PLATINUM-19 TEAMS'!B42,"h:mm am/pm") -> 16Bpt12-D bracket D2,D3-1:00 PM | F9: ='18U BOYS-24 TEAMS'!D34&"-"&'18U BOYS-24 TEAMS'!I34&"-"&TEXT('18U BOYS-24 TEAMS'!B34,"h:mm am/pm") -> 18B15-1st/2ndC-1:00 PM | G9: ='16U BOYS PLATINUM-19 TEAMS'!D29&"-"&'16U BOYS PLATINUM-19 TEAMS'!I29&"-"&TEXT('16U BOYS PLATINUM-19 TEAMS'!B29,"h:mm am/pm") -> 16Bpt09-A bracket A2,A3-1:00 PM | I9: ='18U BOYS-24 TEAMS'!D48&"-"&'18U BOYS-24 TEAMS'!I48&"-"&TEXT('18U BOYS-24 TEAMS'!B48,"h:mm am/pm") -> 18B14-3rd/4thD-1:00 PM
A10: 0.60416667 | B10: ='16U BOYS GOLD-9 TEAMS'!D19&"-"&'16U BOYS GOLD-9 TEAMS'!I19&"-"&TEXT('16U BOYS GOLD-9 TEAMS'!B19,"h:mm am/pm") -> 16Bau06-C bracket C2,C3-2:30 PM | D10: 0.58333333 | E10: ='16U BOYS PLATINUM-19 TEAMS'!D43&"-"&'16U BOYS PLATINUM-19 TEAMS'!I43&"-"&TEXT('16U BOYS PLATINUM-19 TEAMS'!B43,"h:mm am/pm") -> 16Bpt14-E bracket E1,E2-2:00 PM | F10: ='18U BOYS-24 TEAMS'!D35&"-"&'18U BOYS-24 TEAMS'!I35&"-"&TEXT('18U BOYS-24 TEAMS'!B35,"h:mm am/pm") -> 18B17-3rd/4thA-2:00 PM | G10: ='16U BOYS PLATINUM-19 TEAMS'!D30&"-"&'16U BOYS PLATINUM-19 TEAMS'!I30&"-"&TEXT('16U BOYS PLATINUM-19 TEAMS'!B30,"h:mm am/pm") -> 16Bpt11-B bracket B1,B3-2:00 PM | I10: ='18U BOYS-24 TEAMS'!D49&"-"&'18U BOYS-24 TEAMS'!I49&"-"&TEXT('18U BOYS-24 TEAMS'!B49,"h:mm am/pm") -> 18B16-1st/2ndD-2:00 PM
A11: 0.64583333 | B11: ='16U BOYS GOLD-9 TEAMS'!D20&"-"&'16U BOYS GOLD-9 TEAMS'!I20&"-"&TEXT('16U BOYS GOLD-9 TEAMS'!B20,"h:mm am/pm") -> 16Bau07-A bracket A1,A2-3:30 PM | D11: 0.625 | E11: ='16U BOYS PLATINUM-19 TEAMS'!D44&"-"&'16U BOYS PLATINUM-19 TEAMS'!I44&"-"&TEXT('16U BOYS PLATINUM-19 TEAMS'!B44,"h:mm am/pm") -> 16Bpt16-1st/2ndF-3:00 PM | F11: ='18U BOYS-24 TEAMS'!D36&"-"&'18U BOYS-24 TEAMS'!I36&"-"&TEXT('18U BOYS-24 TEAMS'!B36,"h:mm am/pm") -> 18B19-1st/2ndA-3:00 PM | G11: ='16U BOYS PLATINUM-19 TEAMS'!D31&"-"&'16U BOYS PLATINUM-19 TEAMS'!I31&"-"&TEXT('16U BOYS PLATINUM-19 TEAMS'!B31,"h:mm am/pm") -> 16Bpt13-C bracket C1,C2-3:00 PM | I11: ='18U BOYS-24 TEAMS'!D50&"-"&'18U BOYS-24 TEAMS'!I50&"-"&TEXT('18U BOYS-24 TEAMS'!B50,"h:mm am/pm") -> 18B20-1st/2nd E-3:00 PM
A12: 0.6875 | B12: ='16U BOYS GOLD-9 TEAMS'!D21&"-"&'16U BOYS GOLD-9 TEAMS'!I21&"-"&TEXT('16U BOYS GOLD-9 TEAMS'!B21,"h:mm am/pm") -> 16Bau08-B bracket B2,B3-4:30 PM | D12: 0.66666667 | E12: ='16U BOYS PLATINUM-19 TEAMS'!D45&"-"&'16U BOYS PLATINUM-19 TEAMS'!I45&"-"&TEXT('16U BOYS PLATINUM-19 TEAMS'!B45,"h:mm am/pm") -> 16Bpt18-3rd/4thF-4:00 PM | F12: ='18U BOYS-24 TEAMS'!D37&"-"&'18U BOYS-24 TEAMS'!I37&"-"&TEXT('18U BOYS-24 TEAMS'!B37,"h:mm am/pm") -> 18B21-3rd/4thB-4:00 PM | G12: ='16U BOYS PLATINUM-19 TEAMS'!D32&"-"&'16U BOYS PLATINUM-19 TEAMS'!I32&"-"&TEXT('16U BOYS PLATINUM-19 TEAMS'!B32,"h:mm am/pm") -> 16Bpt15-A bracket A1,A2-4:00 PM | I12: ='18U BOYS-24 TEAMS'!D52&"-"&'18U BOYS-24 TEAMS'!I52&"-"&TEXT('18U BOYS-24 TEAMS'!B52,"h:mm am/pm") -> 18B22-3rd/4th F-4:00 PM
A13: 0.72916667 | B13: ='16U BOYS GOLD-9 TEAMS'!D22&"-"&'16U BOYS GOLD-9 TEAMS'!I22&"-"&TEXT('16U BOYS GOLD-9 TEAMS'!B22,"h:mm am/pm") -> 16Bau09-C bracket C1,C3-5:30 PM | D13: 0.70833333 | E13: ='16U BOYS PLATINUM-19 TEAMS'!D46&"-"&'16U BOYS PLATINUM-19 TEAMS'!I46&"-"&TEXT('16U BOYS PLATINUM-19 TEAMS'!B46,"h:mm am/pm") -> 16Bpt20-D bracket D1,D2-5:00 PM | F13: ='18U BOYS-24 TEAMS'!D38&"-"&'18U BOYS-24 TEAMS'!I38&"-"&TEXT('18U BOYS-24 TEAMS'!B38,"h:mm am/pm") -> 18B23-1st/2ndB-5:00 PM | G13: ='18U BOYS-24 TEAMS'!D51&"-"&'18U BOYS-24 TEAMS'!I51&"-"&TEXT('18U BOYS-24 TEAMS'!B51,"h:mm am/pm") -> 18B18-3rd/4th E-5:00 PM | I13: ='18U BOYS-24 TEAMS'!D53&"-"&'18U BOYS-24 TEAMS'!I53&"-"&TEXT('18U BOYS-24 TEAMS'!B53,"h:mm am/pm") -> 18B24-1st/2nd F-5:00 PM
A14: 0.77083333 | D14: 0.75 | E14: ='16U BOYS PLATINUM-19 TEAMS'!D47&"-"&'16U BOYS PLATINUM-19 TEAMS'!I47&"-"&TEXT('16U BOYS PLATINUM-19 TEAMS'!B47,"h:mm am/pm") -> 16Bpt21-H bracket H2,H3 (1E,1F)-6:00 PM | F14: ='18U BOYS-24 TEAMS'!D39&"-"&'18U BOYS-24 TEAMS'!I39&"-"&TEXT('18U BOYS-24 TEAMS'!B39,"h:mm am/pm") -> 18B25-G bracket 1A,1C-6:00 PM | G14: ='16U BOYS PLATINUM-19 TEAMS'!D34&"-"&'16U BOYS PLATINUM-19 TEAMS'!I34&"-"&TEXT('16U BOYS PLATINUM-19 TEAMS'!B34,"h:mm am/pm") -> 16Bpt17-B bracket B1,B2-6:00 PM | I14: ='18U BOYS-24 TEAMS'!D54&"-"&'18U BOYS-24 TEAMS'!I54&"-"&TEXT('18U BOYS-24 TEAMS'!B54,"h:mm am/pm") -> 18B26-H bracket 1D/1E-6:00 PM
A15: 0.8125 | D15: 0.79166667 | G15: ='16U BOYS PLATINUM-19 TEAMS'!D35&"-"&'16U BOYS PLATINUM-19 TEAMS'!I35&"-"&TEXT('16U BOYS PLATINUM-19 TEAMS'!B35,"h:mm am/pm") -> 16Bpt19-G bracket G1,G3 (1A,1C)-7:00 PM
K16: Sat Games
B17: =COUNTA(B4:B16) -> 9 | E17: =COUNTA(E4:E16) -> 11 | F17: =COUNTA(F4:F16) -> 11 | G17: =COUNTA(G4:G16) -> 12 | H17: =COUNTA(H4:H16) -> 3 | I17: =COUNTA(I4:I16) -> 10 | K17: =SUM(B17:J17) -> 56
H18: Above in pink is Womens Nat'l League 11am on 1:10, last at 6pm
K20: COURSES
A21: SUNDAY, MARCH 9 | B21: COSTA MESA HS | E21: ESTANCIA HS | F21: EL TORO HS | G21: WESTMINSTER HS | H21: MARINA HS | I21: TUSTIN HS | K21: =COUNTA(B21:I21) -> 6
A22: 0.33333333 | B22: ='16U BOYS GOLD-9 TEAMS'!D26&"-"&'16U BOYS GOLD-9 TEAMS'!I26&"-"&TEXT('16U BOYS GOLD-9 TEAMS'!B26,"h:mm am/pm") -> 16Bau10-D bracket (7th-9th) D1,D3-8:00 AM | D22: 0.33333333 | E22: ='18U BOYS-24 TEAMS'!D79&"-"&'18U BOYS-24 TEAMS'!I79&"-"&TEXT('18U BOYS-24 TEAMS'!B79,"h:mm am/pm") -> 18B29-19th-24th M1,M3-8:00 AM | F22: ='18U BOYS-24 TEAMS'!D69&"-"&'18U BOYS-24 TEAMS'!I69&"-"&TEXT('18U BOYS-24 TEAMS'!B69,"h:mm am/pm") -> 18B28-L bracket L1,L3-8:00 AM | G22: ='16U BOYS PLATINUM-19 TEAMS'!D51&"-"&'16U BOYS PLATINUM-19 TEAMS'!I51&"-"&TEXT('16U BOYS PLATINUM-19 TEAMS'!B51,"h:mm am/pm") -> 16Bpt22-H bracket H1,H3 (1D,1F)-8:00 AM | H22: ='16U BOYS PLATINUM-19 TEAMS'!D62&"-"&'16U BOYS PLATINUM-19 TEAMS'!I62&"-"&TEXT('16U BOYS PLATINUM-19 TEAMS'!B62,"h:mm am/pm") -> 16Bpt23-bracket J1,J3-8:00 AM | I22: ='18U BOYS-24 TEAMS'!D58&"-"&'18U BOYS-24 TEAMS'!I58&"-"&TEXT('18U BOYS-24 TEAMS'!B58,"h:mm am/pm") -> 18B27-I bracket I1,I3-8:00 AM
A23: 0.375 | B23: ='16U BOYS GOLD-9 TEAMS'!D27&"-"&'16U BOYS GOLD-9 TEAMS'!I27&"-"&TEXT('16U BOYS GOLD-9 TEAMS'!B27,"h:mm am/pm") -> 16Bau12-E bracket (4th-6th) E1,E3-9:00 AM | D23: 0.375 | E23: ='18U BOYS-24 TEAMS'!D80&"-"&'18U BOYS-24 TEAMS'!I80&"-"&TEXT('18U BOYS-24 TEAMS'!B80,"h:mm am/pm") -> 18B32-19th-24th N1,N3-9:00 AM | F23: ='18U BOYS-24 TEAMS'!D70&"-"&'18U BOYS-24 TEAMS'!I70&"-"&TEXT('18U BOYS-24 TEAMS'!B70,"h:mm am/pm") -> 18B31-J bracket J1,J3-9:00 AM | G23: ='16U BOYS PLATINUM-19 TEAMS'!D52&"-"&'16U BOYS PLATINUM-19 TEAMS'!I52&"-"&TEXT('16U BOYS PLATINUM-19 TEAMS'!B52,"h:mm am/pm") -> 16Bpt24-I bracket I1,I3 (2A,2C)-9:00 AM | H23: ='16U BOYS PLATINUM-19 TEAMS'!D63&"-"&'16U BOYS PLATINUM-19 TEAMS'!I63&"-"&TEXT('16U BOYS PLATINUM-19 TEAMS'!B63,"h:mm am/pm") -> 16Bpt25-bracket K1,K3-9:00 AM | I23: ='18U BOYS-24 TEAMS'!D59&"-"&'18U BOYS-24 TEAMS'!I59&"-"&TEXT('18U BOYS-24 TEAMS'!B59,"h:mm am/pm") -> 18B30-G bracket G1,G3-9:00 AM
A24: 0.41666667 | B24: ='16U BOYS GOLD-9 TEAMS'!D28&"-"&'16U BOYS GOLD-9 TEAMS'!I28&"-"&TEXT('16U BOYS GOLD-9 TEAMS'!B28,"h:mm am/pm") -> 16Bau11-F bracket (1st-3rd) F1,F3-10:00 AM | D24: 0.41666667 | E24: ='18U BOYS-24 TEAMS'!D81&"-"&'18U BOYS-24 TEAMS'!I81&"-"&TEXT('18U BOYS-24 TEAMS'!B81,"h:mm am/pm") -> 18B35-19th-24th M2,M3-10:00 AM | F24: ='18U BOYS-24 TEAMS'!D71&"-"&'18U BOYS-24 TEAMS'!I71&"-"&TEXT('18U BOYS-24 TEAMS'!B71,"h:mm am/pm") -> 18B34-K bracket K1,K3-10:00 AM | G24: ='16U BOYS PLATINUM-19 TEAMS'!D53&"-"&'16U BOYS PLATINUM-19 TEAMS'!I53&"-"&TEXT('16U BOYS PLATINUM-19 TEAMS'!B53,"h:mm am/pm") -> 16Bpt26-G bracket G2,G3 (1B,1C)-10:00 AM | H24: ='16U BOYS PLATINUM-19 TEAMS'!D64&"-"&'16U BOYS PLATINUM-19 TEAMS'!I64&"-"&TEXT('16U BOYS PLATINUM-19 TEAMS'!B64,"h:mm am/pm") -> 16Bpt27-W/L L1/L4-10:00 AM | I24: ='18U BOYS-24 TEAMS'!D60&"-"&'18U BOYS-24 TEAMS'!I60&"-"&TEXT('18U BOYS-24 TEAMS'!B60,"h:mm am/pm") -> 18B33-H bracket H1,H3-10:00 AM
A25: 0.45833333 | B25: ='16U BOYS GOLD-9 TEAMS'!D29&"-"&'16U BOYS GOLD-9 TEAMS'!I29&"-"&TEXT('16U BOYS GOLD-9 TEAMS'!B29,"h:mm am/pm") -> 16Bau13-D bracket (7th-9th) D2,D3-11:00 AM | D25: 0.45833333 | E25: ='18U BOYS-24 TEAMS'!D82&"-"&'18U BOYS-24 TEAMS'!I82&"-"&TEXT('18U BOYS-24 TEAMS'!B82,"h:mm am/pm") -> 18B38-19th-24th N2,N3-11:00 AM | F25: ='18U BOYS-24 TEAMS'!D72&"-"&'18U BOYS-24 TEAMS'!I72&"-"&TEXT('18U BOYS-24 TEAMS'!B72,"h:mm am/pm") -> 18B37-L bracket L2,L3-11:00 AM | G25: ='16U BOYS PLATINUM-19 TEAMS'!D54&"-"&'16U BOYS PLATINUM-19 TEAMS'!I54&"-"&TEXT('16U BOYS PLATINUM-19 TEAMS'!B54,"h:mm am/pm") -> 16Bpt28-H bracket H1,H2 (1D.1E)-11:00 AM | H25: ='16U BOYS PLATINUM-19 TEAMS'!D65&"-"&'16U BOYS PLATINUM-19 TEAMS'!I65&"-"&TEXT('16U BOYS PLATINUM-19 TEAMS'!B65,"h:mm am/pm") -> 16Bpt29-W/L L2/L3-11:00 AM | I25: ='18U BOYS-24 TEAMS'!D61&"-"&'18U BOYS-24 TEAMS'!I61&"-"&TEXT('18U BOYS-24 TEAMS'!B61,"h:mm am/pm") -> 18B36-I bracket I2,I3-11:00 AM
A26: 0.5 | B26: ='16U BOYS GOLD-9 TEAMS'!D30&"-"&'16U BOYS GOLD-9 TEAMS'!I30&"-"&TEXT('16U BOYS GOLD-9 TEAMS'!B30,"h:mm am/pm") -> 16Bau14-E bracket (4th-6th) E2,E3-12:00 PM | D26: 0.5 | E26: ='18U BOYS-24 TEAMS'!D83&"-"&'18U BOYS-24 TEAMS'!I83&"-"&TEXT('18U BOYS-24 TEAMS'!B83,"h:mm am/pm") -> 18B41-19th-24th M1,M2-12:00 PM | F26: ='18U BOYS-24 TEAMS'!D73&"-"&'18U BOYS-24 TEAMS'!I73&"-"&TEXT('18U BOYS-24 TEAMS'!B73,"h:mm am/pm") -> 18B40-J bracket J2,J3-12:00 PM | G26: ='16U BOYS PLATINUM-19 TEAMS'!D55&"-"&'16U BOYS PLATINUM-19 TEAMS'!I55&"-"&TEXT('16U BOYS PLATINUM-19 TEAMS'!B55,"h:mm am/pm") -> 16Bpt30-I bracket I2,I3 (2B,2C)-12:00 PM | H26: ='16U BOYS PLATINUM-19 TEAMS'!D66&"-"&'16U BOYS PLATINUM-19 TEAMS'!I66&"-"&TEXT('16U BOYS PLATINUM-19 TEAMS'!B66,"h:mm am/pm") -> 16Bpt31-bracket J2,J3-12:00 PM | I26: ='18U BOYS-24 TEAMS'!D62&"-"&'18U BOYS-24 TEAMS'!I62&"-"&TEXT('18U BOYS-24 TEAMS'!B62,"h:mm am/pm") -> 18B39-G bracket G2,G3-12:00 PM
A27: 0.54166667 | B27: ='16U BOYS GOLD-9 TEAMS'!D31&"-"&'16U BOYS GOLD-9 TEAMS'!I31&"-"&TEXT('16U BOYS GOLD-9 TEAMS'!B31,"h:mm am/pm") -> 16Bau15-F bracket (1st-3rd) F2,F3-1:00 PM | D27: 0.54166667 | E27: ='18U BOYS-24 TEAMS'!D84&"-"&'18U BOYS-24 TEAMS'!I84&"-"&TEXT('18U BOYS-24 TEAMS'!B84,"h:mm am/pm") -> 18B44-19th-24th N1,N2-1:00 PM | F27: ='18U BOYS-24 TEAMS'!D74&"-"&'18U BOYS-24 TEAMS'!I74&"-"&TEXT('18U BOYS-24 TEAMS'!B74,"h:mm am/pm") -> 18B43-K bracket K2,K3-1:00 PM | G27: ='16U BOYS PLATINUM-19 TEAMS'!D56&"-"&'16U BOYS PLATINUM-19 TEAMS'!I56&"-"&TEXT('16U BOYS PLATINUM-19 TEAMS'!B56,"h:mm am/pm") -> 16Bpt32-G bracket G1,G2 (1A,1B)-1:00 PM | H27: ='16U BOYS PLATINUM-19 TEAMS'!D67&"-"&'16U BOYS PLATINUM-19 TEAMS'!I67&"-"&TEXT('16U BOYS PLATINUM-19 TEAMS'!B67,"h:mm am/pm") -> 16Bpt33-bracket K2,K3-1:00 PM | I27: ='18U BOYS-24 TEAMS'!D63&"-"&'18U BOYS-24 TEAMS'!I63&"-"&TEXT('18U BOYS-24 TEAMS'!B63,"h:mm am/pm") -> 18B42-H bracket H2,H3-1:00 PM
A28: 0.58333333 | B28: ='16U BOYS GOLD-9 TEAMS'!D32&"-"&'16U BOYS GOLD-9 TEAMS'!I32&"-"&TEXT('16U BOYS GOLD-9 TEAMS'!B32,"h:mm am/pm") -> 16Bau16-D bracket (7th-9th) D1,D2-2:00 PM | D28: 0.58333333 | F28: ='18U BOYS-24 TEAMS'!D75&"-"&'18U BOYS-24 TEAMS'!I75&"-"&TEXT('18U BOYS-24 TEAMS'!B75,"h:mm am/pm") -> 18B46-L bracket L1,L2-2:00 PM | G28: ='16U BOYS PLATINUM-19 TEAMS'!D57&"-"&'16U BOYS PLATINUM-19 TEAMS'!I57&"-"&TEXT('16U BOYS PLATINUM-19 TEAMS'!B57,"h:mm am/pm") -> 16Bpt34-I bracket I1,I2 (2A,2B)-2:00 PM | H28: ='16U BOYS PLATINUM-19 TEAMS'!D68&"-"&'16U BOYS PLATINUM-19 TEAMS'!I68&"-"&TEXT('16U BOYS PLATINUM-19 TEAMS'!B68,"h:mm am/pm") -> 16Bpt35-3rd/4thL-2:00 PM | I28: ='18U BOYS-24 TEAMS'!D64&"-"&'18U BOYS-24 TEAMS'!I64&"-"&TEXT('18U BOYS-24 TEAMS'!B64,"h:mm am/pm") -> 18B45-I bracket I1,2-2:00 PM
A29: 0.625 | B29: ='16U BOYS GOLD-9 TEAMS'!D33&"-"&'16U BOYS GOLD-9 TEAMS'!I33&"-"&TEXT('16U BOYS GOLD-9 TEAMS'!B33,"h:mm am/pm") -> 16Bau17-E bracket (4th-6th) E1,E2-3:00 PM | D29: 0.625 | F29: ='18U BOYS-24 TEAMS'!D76&"-"&'18U BOYS-24 TEAMS'!I76&"-"&TEXT('18U BOYS-24 TEAMS'!B76,"h:mm am/pm") -> 18B48-J bracket J1,J2-3:00 PM | G29: ='16U BOYS PLATINUM-19 TEAMS'!D58&"-"&'16U BOYS PLATINUM-19 TEAMS'!I58&"-"&TEXT('16U BOYS PLATINUM-19 TEAMS'!B58,"h:mm am/pm") -> 16Bpt36-5th 3G/3H-3:00 PM | H29: ='16U BOYS PLATINUM-19 TEAMS'!D69&"-"&'16U BOYS PLATINUM-19 TEAMS'!I69&"-"&TEXT('16U BOYS PLATINUM-19 TEAMS'!B69,"h:mm am/pm") -> 16Bpt37-1st/2ndL-3:00 PM | I29: ='18U BOYS-24 TEAMS'!D65&"-"&'18U BOYS-24 TEAMS'!I65&"-"&TEXT('18U BOYS-24 TEAMS'!B65,"h:mm am/pm") -> 18B47-5th 3G/3H-3:00 PM
A30: 0.66666667 | B30: ='16U BOYS GOLD-9 TEAMS'!D34&"-"&'16U BOYS GOLD-9 TEAMS'!I34&"-"&TEXT('16U BOYS GOLD-9 TEAMS'!B34,"h:mm am/pm") -> 16Bau18-F bracket (1st-3rd) F1,F2-4:00 PM | D30: 0.66666667 | F30: ='18U BOYS-24 TEAMS'!D77&"-"&'18U BOYS-24 TEAMS'!I77&"-"&TEXT('18U BOYS-24 TEAMS'!B77,"h:mm am/pm") -> 18B50-K bracket K1,K2-4:00 PM | G30: ='16U BOYS PLATINUM-19 TEAMS'!D59&"-"&'16U BOYS PLATINUM-19 TEAMS'!I59&"-"&TEXT('16U BOYS PLATINUM-19 TEAMS'!B59,"h:mm am/pm") -> 16Bpt38-3rd 2G/2H-4:00 PM | H30: ='16U BOYS PLATINUM-19 TEAMS'!D70&"-"&'16U BOYS PLATINUM-19 TEAMS'!I70&"-"&TEXT('16U BOYS PLATINUM-19 TEAMS'!B70,"h:mm am/pm") -> 16Bpt39-bracket J1,J2-4:00 PM | I30: ='18U BOYS-24 TEAMS'!D66&"-"&'18U BOYS-24 TEAMS'!I66&"-"&TEXT('18U BOYS-24 TEAMS'!B66,"h:mm am/pm") -> 18B49-3rd 2G/2H-4:00 PM
A31: 0.70833333 | D31: 0.70833333 | G31: ='16U BOYS PLATINUM-19 TEAMS'!D60&"-"&'16U BOYS PLATINUM-19 TEAMS'!I60&"-"&TEXT('16U BOYS PLATINUM-19 TEAMS'!B60,"h:mm am/pm") -> 16Bpt40-1st 1G/1H-5:00 PM | H31: ='16U BOYS PLATINUM-19 TEAMS'!D71&"-"&'16U BOYS PLATINUM-19 TEAMS'!I71&"-"&TEXT('16U BOYS PLATINUM-19 TEAMS'!B71,"h:mm am/pm") -> 16Bpt41-bracket K1,K2-5:00 PM | I31: ='18U BOYS-24 TEAMS'!D67&"-"&'18U BOYS-24 TEAMS'!I67&"-"&TEXT('18U BOYS-24 TEAMS'!B67,"h:mm am/pm") -> 18B51-1st 1G/1H-5:00 PM
K32: Sun Games
B33: =COUNTA(B22:B32) -> 9 | E33: =COUNTA(E22:E32) -> 6 | F33: =COUNTA(F22:F32) -> 9 | G33: =COUNTA(G22:G32) -> 10 | H33: =COUNTA(H22:H32) -> 10 | I33: =COUNTA(I22:I32) -> 10 | K33: =SUM(B33:J33) -> 54
F100: ='18U BOYS-24 TEAMS'!D85&"-"&'18U BOYS-24 TEAMS'!I85&"-"&TEXT('18U BOYS-24 TEAMS'!B85,"h:mm am/pm") -> --12:00 AM
F101: ='18U BOYS-24 TEAMS'!E86&"-"&'18U BOYS-24 TEAMS'!I86&"-"&TEXT('18U BOYS-24 TEAMS'!B86,"h:mm am/pm") -> G (1st-6th)--TOTAL POINTS
F102: ='18U BOYS-24 TEAMS'!E87&"-"&'18U BOYS-24 TEAMS'!I87&"-"&TEXT('18U BOYS-24 TEAMS'!B87,"h:mm am/pm") -> G1(1stA)-LAMORINDA-1st-12:00 AM
F103: ='18U BOYS-24 TEAMS'!E88&"-"&'18U BOYS-24 TEAMS'!I88&"-"&TEXT('18U BOYS-24 TEAMS'!B88,"h:mm am/pm") -> G2(1stB)-NEWPORT-2nd-12:00 AM
F104: ='18U BOYS-24 TEAMS'!E89&"-"&'18U BOYS-24 TEAMS'!I89&"-"&TEXT('18U BOYS-24 TEAMS'!B89,"h:mm am/pm") -> G2(1stC)-CC UNITED-3rd-12:00 AM
F105: ='18U BOYS-24 TEAMS'!E90&"-"&'18U BOYS-24 TEAMS'!I90&"-"&TEXT('18U BOYS-24 TEAMS'!B90,"h:mm am/pm") -> --12:00 AM
F106: ='18U BOYS-24 TEAMS'!#REF!&"-"&'18U BOYS-24 TEAMS'!I91&"-"&TEXT('18U BOYS-24 TEAMS'!B91,"h:mm am/pm") -> #REF!
F107: ='18U BOYS-24 TEAMS'!#REF!&"-"&'18U BOYS-24 TEAMS'!I92&"-"&TEXT('18U BOYS-24 TEAMS'!B92,"h:mm am/pm") -> #REF!
F108: ='18U BOYS-24 TEAMS'!#REF!&"-"&'18U BOYS-24 TEAMS'!I93&"-"&TEXT('18U BOYS-24 TEAMS'!B93,"h:mm am/pm") -> #REF!
F109: ='18U BOYS-24 TEAMS'!#REF!&"-"&'18U BOYS-24 TEAMS'!I94&"-"&TEXT('18U BOYS-24 TEAMS'!B94,"h:mm am/pm") -> #REF!
F110: ='18U BOYS-24 TEAMS'!D95&"-"&'18U BOYS-24 TEAMS'!I95&"-"&TEXT('18U BOYS-24 TEAMS'!B95,"h:mm am/pm") -> --12:00 AM
F111: ='18U BOYS-24 TEAMS'!D96&"-"&'18U BOYS-24 TEAMS'!I96&"-"&TEXT('18U BOYS-24 TEAMS'!B96,"h:mm am/pm") -> --12:00 AM
F112: ='18U BOYS-24 TEAMS'!D97&"-"&'18U BOYS-24 TEAMS'!I97&"-"&TEXT('18U BOYS-24 TEAMS'!B97,"h:mm am/pm") -> --12:00 AM
F113: ='18U BOYS-24 TEAMS'!D98&"-"&'18U BOYS-24 TEAMS'!I98&"-"&TEXT('18U BOYS-24 TEAMS'!B98,"h:mm am/pm") -> --12:00 AM
F114: ='18U BOYS-24 TEAMS'!D99&"-"&'18U BOYS-24 TEAMS'!I99&"-"&TEXT('18U BOYS-24 TEAMS'!B99,"h:mm am/pm") -> --12:00 AM
F115: ='18U BOYS-24 TEAMS'!D100&"-"&'18U BOYS-24 TEAMS'!I100&"-"&TEXT('18U BOYS-24 TEAMS'!B100,"h:mm am/pm") -> --12:00 AM
F116: ='18U BOYS-24 TEAMS'!D101&"-"&'18U BOYS-24 TEAMS'!I101&"-"&TEXT('18U BOYS-24 TEAMS'!B101,"h:mm am/pm") -> --12:00 AM
F117: ='18U BOYS-24 TEAMS'!D102&"-"&'18U BOYS-24 TEAMS'!I102&"-"&TEXT('18U BOYS-24 TEAMS'!B102,"h:mm am/pm") -> --12:00 AM
F118: ='18U BOYS-24 TEAMS'!D103&"-"&'18U BOYS-24 TEAMS'!I103&"-"&TEXT('18U BOYS-24 TEAMS'!B103,"h:mm am/pm") -> --12:00 AM
F119: ='18U BOYS-24 TEAMS'!D104&"-"&'18U BOYS-24 TEAMS'!I104&"-"&TEXT('18U BOYS-24 TEAMS'!B104,"h:mm am/pm") -> --12:00 AM
F120: ='18U BOYS-24 TEAMS'!D105&"-"&'18U BOYS-24 TEAMS'!I105&"-"&TEXT('18U BOYS-24 TEAMS'!B105,"h:mm am/pm") -> --12:00 AM
F121: ='18U BOYS-24 TEAMS'!D106&"-"&'18U BOYS-24 TEAMS'!I106&"-"&TEXT('18U BOYS-24 TEAMS'!B106,"h:mm am/pm") -> --12:00 AM
... F193: ='18U BOYS-24 TEAMS'!D178&"-"&'18U BOYS-24 TEAMS'!I178&"-"&TEXT('18U BOYS-24 TEAMS'!B178,"h:mm am/pm") -> --12:00 AM

Sheet CHICLETS NEW
A1: 2025 NEWPORT SPRING INVITE
A2: CHICLETS MASTER | B2: 9:30am start | H2: Note 1st 3 games Newport Spring Invite | I2: 9am start | K2: COURSES
A3: SATURDAY, MARCH 8 | B3: COSTA MESA HS | E3: ESTANCIA HS | F3: EL TORO HS | G3: WESTMINSTER HS | H3: MARINA HS | I3: TUSTIN HS | K3: =COUNTA(B3:I3) -> 6
D4: 0.33333333 | E4: ='16U BOYS PLATINUM-19 TEAMS'!D37&"-"&'16U BOYS PLATINUM-19 TEAMS'!I37&"-"&TEXT('16U BOYS PLATINUM-19 TEAMS'!B37,"h:mm am/pm") -> 16Bpt02-E bracket E1,E3-8:00 AM | F4: 18B11 | G4: 18B10 | H4: 18B20
A5: 0.39583333 | B5: ='16U BOYS GOLD-9 TEAMS'!D14&"-"&'16U BOYS GOLD-9 TEAMS'!I14&"-"&TEXT('16U BOYS GOLD-9 TEAMS'!B14,"h:mm am/pm") -> 16Bau01-A bracket A1,A3-9:30 AM | D5: 0.375 | E5: ='16U BOYS PLATINUM-19 TEAMS'!D38&"-"&'16U BOYS PLATINUM-19 TEAMS'!I38&"-"&TEXT('16U BOYS PLATINUM-19 TEAMS'!B38,"h:mm am/pm") -> 16Bpt04-D bracket D1,D3-9:00 AM | F5: 18B12 | G5: ='16U BOYS PLATINUM-19 TEAMS'!D24&"-"&'16U BOYS PLATINUM-19 TEAMS'!I24&"-"&TEXT('16U BOYS PLATINUM-19 TEAMS'!B24,"h:mm am/pm") -> 16Bpt01-C bracket C1,C3-8:00 AM | H5: 18B21 | I5: 18B01
A6: 0.4375 | B6: 18B23 | D6: 0.41666667 | E6: ='16U BOYS PLATINUM-19 TEAMS'!D39&"-"&'16U BOYS PLATINUM-19 TEAMS'!I39&"-"&TEXT('16U BOYS PLATINUM-19 TEAMS'!B39,"h:mm am/pm") -> 16Bpt06-W/L F1/F4-10:00 AM | F6: 18B13 | G6: ='16U BOYS PLATINUM-19 TEAMS'!D25&"-"&'16U BOYS PLATINUM-19 TEAMS'!I25&"-"&TEXT('16U BOYS PLATINUM-19 TEAMS'!B25,"h:mm am/pm") -> 16Bpt03-A bracket A1,A3-9:00 AM | H6: 18B22 | I6: 18B02
A7: 0.47916667 | B7: ='16U BOYS GOLD-9 TEAMS'!D15&"-"&'16U BOYS GOLD-9 TEAMS'!I15&"-"&TEXT('16U BOYS GOLD-9 TEAMS'!B15,"h:mm am/pm") -> 16Bau02-B bracket B1,B3-10:30 AM | D7: 0.45833333 | E7: ='16U BOYS PLATINUM-19 TEAMS'!D40&"-"&'16U BOYS PLATINUM-19 TEAMS'!I40&"-"&TEXT('16U BOYS PLATINUM-19 TEAMS'!B40,"h:mm am/pm") -> 16Bpt08-E bracket E2,E3-11:00 AM | F7: 18B14 | G7: ='16U BOYS PLATINUM-19 TEAMS'!D26&"-"&'16U BOYS PLATINUM-19 TEAMS'!I26&"-"&TEXT('16U BOYS PLATINUM-19 TEAMS'!B26,"h:mm am/pm") -> 16Bpt05-B bracket B2,B3-10:00 AM | I7: 18B03
A8: 0.52083333 | B8: ='16U BOYS GOLD-9 TEAMS'!D16&"-"&'16U BOYS GOLD-9 TEAMS'!I16&"-"&TEXT('16U BOYS GOLD-9 TEAMS'!B16,"h:mm am/pm") -> 16Bau03-C bracket C1,C2-11:30 AM | D8: 0.5 | E8: ='16U BOYS PLATINUM-19 TEAMS'!D41&"-"&'16U BOYS PLATINUM-19 TEAMS'!I41&"-"&TEXT('16U BOYS PLATINUM-19 TEAMS'!B41,"h:mm am/pm") -> 16Bpt10-W/L F2/F3-12:00 PM | F8: 18B15 | G8: ='16U BOYS PLATINUM-19 TEAMS'!D28&"-"&'16U BOYS PLATINUM-19 TEAMS'!I28&"-"&TEXT('16U BOYS PLATINUM-19 TEAMS'!B28,"h:mm am/pm") -> 16Bpt07-C bracket C2,C3-12:00 PM | I8: 18B04
A9: 0.5625 | B9: ='16U BOYS GOLD-9 TEAMS'!D17&"-"&'16U BOYS GOLD-9 TEAMS'!I17&"-"&TEXT('16U BOYS GOLD-9 TEAMS'!B17,"h:mm am/pm") -> 16Bau04-A bracket A2,A3-12:30 PM | D9: 0.54166667 | E9: ='16U BOYS PLATINUM-19 TEAMS'!D42&"-"&'16U BOYS PLATINUM-19 TEAMS'!I42&"-"&TEXT('16U BOYS PLATINUM-19 TEAMS'!B42,"h:mm am/pm") -> 16Bpt12-D bracket D2,D3-1:00 PM | F9: 18B16 | G9: ='16U BOYS PLATINUM-19 TEAMS'!D29&"-"&'16U BOYS PLATINUM-19 TEAMS'!I29&"-"&TEXT('16U BOYS PLATINUM-19 TEAMS'!B29,"h:mm am/pm") -> 16Bpt09-A bracket A2,A3-1:00 PM | I9: 18B05
A10: 0.60416667 | B10: 18B24 | D10: 0.58333333 | E10: ='16U BOYS PLATINUM-19 TEAMS'!D43&"-"&'16U BOYS PLATINUM-19 TEAMS'!I43&"-"&TEXT('16U BOYS PLATINUM-19 TEAMS'!B43,"h:mm am/pm") -> 16Bpt14-E bracket E1,E2-2:00 PM | F10: 18B17 | G10: ='16U BOYS PLATINUM-19 TEAMS'!D30&"-"&'16U BOYS PLATINUM-19 TEAMS'!I30&"-"&TEXT('16U BOYS PLATINUM-19 TEAMS'!B30,"h:mm am/pm") -> 16Bpt11-B bracket B1,B3-2:00 PM | I10: 18B06
A11: 0.64583333 | B11: ='16U BOYS GOLD-9 TEAMS'!D18&"-"&'16U BOYS GOLD-9 TEAMS'!I18&"-"&TEXT('16U BOYS GOLD-9 TEAMS'!B18,"h:mm am/pm") -> 16Bau05-B bracket B1,B2-1:30 PM | D11: 0.625 | E11: ='16U BOYS PLATINUM-19 TEAMS'!D44&"-"&'16U BOYS PLATINUM-19 TEAMS'!I44&"-"&TEXT('16U BOYS PLATINUM-19 TEAMS'!B44,"h:mm am/pm") -> 16Bpt16-1st/2ndF-3:00 PM | F11: 18B18 | G11: ='16U BOYS PLATINUM-19 TEAMS'!D31&"-"&'16U BOYS PLATINUM-19 TEAMS'!I31&"-"&TEXT('16U BOYS PLATINUM-19 TEAMS'!B31,"h:mm am/pm") -> 16Bpt13-C bracket C1,C2-3:00 PM | I11: 18B07
A12: 0.6875 | B12: ='16U BOYS GOLD-9 TEAMS'!D19&"-"&'16U BOYS GOLD-9 TEAMS'!I19&"-"&TEXT('16U BOYS GOLD-9 TEAMS'!B19,"h:mm am/pm") -> 16Bau06-C bracket C2,C3-2:30 PM | D12: 0.66666667 | E12: ='16U BOYS PLATINUM-19 TEAMS'!D45&"-"&'16U BOYS PLATINUM-19 TEAMS'!I45&"-"&TEXT('16U BOYS PLATINUM-19 TEAMS'!B45,"h:mm am/pm") -> 16Bpt18-3rd/4thF-4:00 PM | F12: 18B19 | G12: ='16U BOYS PLATINUM-19 TEAMS'!D32&"-"&'16U BOYS PLATINUM-19 TEAMS'!I32&"-"&TEXT('16U BOYS PLATINUM-19 TEAMS'!B32,"h:mm am/pm") -> 16Bpt15-A bracket A1,A2-4:00 PM | I12: 18B08
A13: 0.72916667 | B13: ='16U BOYS GOLD-9 TEAMS'!D20&"-"&'16U BOYS GOLD-9 TEAMS'!I20&"-"&TEXT('16U BOYS GOLD-9 TEAMS'!B20,"h:mm am/pm") -> 16Bau07-A bracket A1,A2-3:30 PM | D13: 0.70833333 | E13: ='16U BOYS PLATINUM-19 TEAMS'!D46&"-"&'16U BOYS PLATINUM-19 TEAMS'!I46&"-"&TEXT('16U BOYS PLATINUM-19 TEAMS'!B46,"h:mm am/pm") -> 16Bpt20-D bracket D1,D2-5:00 PM | F13: 18B26 | G13: 18B25 | I13: 18B09
A14: 0.77083333 | B14: ='16U BOYS GOLD-9 TEAMS'!D21&"-"&'16U BOYS GOLD-9 TEAMS'!I21&"-"&TEXT('16U BOYS GOLD-9 TEAMS'!B21,"h:mm am/pm") -> 16Bau08-B bracket B2,B3-4:30 PM | D14: 0.75 | E14: ='16U BOYS PLATINUM-19 TEAMS'!D47&"-"&'16U BOYS PLATINUM-19 TEAMS'!I47&"-"&TEXT('16U BOYS PLATINUM-19 TEAMS'!B47,"h:mm am/pm") -> 16Bpt21-H bracket H2,H3 (1E,1F)-6:00 PM | F14: 18B27 | G14: ='16U BOYS PLATINUM-19 TEAMS'!D34&"-"&'16U BOYS PLATINUM-19 TEAMS'!I34&"-"&TEXT('16U BOYS PLATINUM-19 TEAMS'!B34,"h:mm am/pm") -> 16Bpt17-B bracket B1,B2-6:00 PM | I14: 18B28
A15: 0.8125 | B15: ='16U BOYS GOLD-9 TEAMS'!D22&"-"&'16U BOYS GOLD-9 TEAMS'!I22&"-"&TEXT('16U BOYS GOLD-9 TEAMS'!B22,"h:mm am/pm") -> 16Bau09-C bracket C1,C3-5:30 PM | D15: 0.79166667 | E15: 18B30 | F15: 18B31 | G15: ='16U BOYS PLATINUM-19 TEAMS'!D35&"-"&'16U BOYS PLATINUM-19 TEAMS'!I35&"-"&TEXT('16U BOYS PLATINUM-19 TEAMS'!B35,"h:mm am/pm") -> 16Bpt19-G bracket G1,G3 (1A,1C)-7:00 PM | I15: 18B29
K16: Sat Games
B17: =COUNTA(B4:B16) -> 11 | E17: =COUNTA(E4:E16) -> 12 | F17: =COUNTA(F4:F16) -> 12 | G17: =COUNTA(G4:G16) -> 12 | H17: =COUNTA(H4:H16) -> 3 | I17: =COUNTA(I4:I16) -> 11 | K17: =SUM(B17:J17) -> 61
H18: Above in pink is Womens Nat'l League 11am on 1:10, last at 6pm
K20: COURSES
A21: SUNDAY, MARCH 9 | B21: COSTA MESA HS | E21: ESTANCIA HS | F21: EL TORO HS | G21: WESTMINSTER HS | H21: MARINA HS | I21: TUSTIN HS | K21: =COUNTA(B21:I21) -> 6
A22: 0.33333333 | B22: ='16U BOYS GOLD-9 TEAMS'!D26&"-"&'16U BOYS GOLD-9 TEAMS'!I26&"-"&TEXT('16U BOYS GOLD-9 TEAMS'!B26,"h:mm am/pm") -> 16Bau10-D bracket (7th-9th) D1,D3-8:00 AM | D22: 0.33333333 | E22: 18B40 | F22: 18B48 | G22: ='16U BOYS PLATINUM-19 TEAMS'!D51&"-"&'16U BOYS PLATINUM-19 TEAMS'!I51&"-"&TEXT('16U BOYS PLATINUM-19 TEAMS'!B51,"h:mm am/pm") -> 16Bpt22-H bracket H1,H3 (1D,1F)-8:00 AM | H22: ='16U BOYS PLATINUM-19 TEAMS'!D62&"-"&'16U BOYS PLATINUM-19 TEAMS'!I62&"-"&TEXT('16U BOYS PLATINUM-19 TEAMS'!B62,"h:mm am/pm") -> 16Bpt23-bracket J1,J3-8:00 AM | I22: 18B56
A23: 0.375 | B23: ='16U BOYS GOLD-9 TEAMS'!D27&"-"&'16U BOYS GOLD-9 TEAMS'!I27&"-"&TEXT('16U BOYS GOLD-9 TEAMS'!B27,"h:mm am/pm") -> 16Bau12-E bracket (4th-6th) E1,E3-9:00 AM | D23: 0.375 | E23: 18B41 | F23: 18B49 | G23: ='16U BOYS PLATINUM-19 TEAMS'!D52&"-"&'16U BOYS PLATINUM-19 TEAMS'!I52&"-"&TEXT('16U BOYS PLATINUM-19 TEAMS'!B52,"h:mm am/pm") -> 16Bpt24-I bracket I1,I3 (2A,2C)-9:00 AM | H23: ='16U BOYS PLATINUM-19 TEAMS'!D63&"-"&'16U BOYS PLATINUM-19 TEAMS'!I63&"-"&TEXT('16U BOYS PLATINUM-19 TEAMS'!B63,"h:mm am/pm") -> 16Bpt25-bracket K1,K3-9:00 AM | I23: 18B32
A24: 0.41666667 | B24: ='16U BOYS GOLD-9 TEAMS'!D28&"-"&'16U BOYS GOLD-9 TEAMS'!I28&"-"&TEXT('16U BOYS GOLD-9 TEAMS'!B28,"h:mm am/pm") -> 16Bau11-F bracket (1st-3rd) F1,F3-10:00 AM | D24: 0.41666667 | E24: 18B57 | F24: 18B50 | G24: ='16U BOYS PLATINUM-19 TEAMS'!D53&"-"&'16U BOYS PLATINUM-19 TEAMS'!I53&"-"&TEXT('16U BOYS PLATINUM-19 TEAMS'!B53,"h:mm am/pm") -> 16Bpt26-G bracket G2,G3 (1B,1C)-10:00 AM | H24: ='16U BOYS PLATINUM-19 TEAMS'!D64&"-"&'16U BOYS PLATINUM-19 TEAMS'!I64&"-"&TEXT('16U BOYS PLATINUM-19 TEAMS'!B64,"h:mm am/pm") -> 16Bpt27-W/L L1/L4-10:00 AM | I24: 18B33
A25: 0.45833333 | B25: ='16U BOYS GOLD-9 TEAMS'!D29&"-"&'16U BOYS GOLD-9 TEAMS'!I29&"-"&TEXT('16U BOYS GOLD-9 TEAMS'!B29,"h:mm am/pm") -> 16Bau13-D bracket (7th-9th) D2,D3-11:00 AM | D25: 0.45833333 | E25: 18B42 | F25: 18B51 | G25: ='16U BOYS PLATINUM-19 TEAMS'!D54&"-"&'16U BOYS PLATINUM-19 TEAMS'!I54&"-"&TEXT('16U BOYS PLATINUM-19 TEAMS'!B54,"h:mm am/pm") -> 16Bpt28-H bracket H1,H2 (1D.1E)-11:00 AM | H25: ='16U BOYS PLATINUM-19 TEAMS'!D65&"-"&'16U BOYS PLATINUM-19 TEAMS'!I65&"-"&TEXT('16U BOYS PLATINUM-19 TEAMS'!B65,"h:mm am/pm") -> 16Bpt29-W/L L2/L3-11:00 AM | I25: 18B34
A26: 0.5 | B26: ='16U BOYS GOLD-9 TEAMS'!D30&"-"&'16U BOYS GOLD-9 TEAMS'!I30&"-"&TEXT('16U BOYS GOLD-9 TEAMS'!B30,"h:mm am/pm") -> 16Bau14-E bracket (4th-6th) E2,E3-12:00 PM | D26: 0.5 | E26: 18B43 | F26: 18B52 | G26: ='16U BOYS PLATINUM-19 TEAMS'!D55&"-"&'16U BOYS PLATINUM-19 TEAMS'!I55&"-"&TEXT('16U BOYS PLATINUM-19 TEAMS'!B55,"h:mm am/pm") -> 16Bpt30-I bracket I2,I3 (2B,2C)-12:00 PM | H26: ='16U BOYS PLATINUM-19 TEAMS'!D66&"-"&'16U BOYS PLATINUM-19 TEAMS'!I66&"-"&TEXT('16U BOYS PLATINUM-19 TEAMS'!B66,"h:mm am/pm") -> 16Bpt31-bracket J2,J3-12:00 PM | I26: 18B35
A27: 0.54166667 | B27: ='16U BOYS GOLD-9 TEAMS'!D31&"-"&'16U BOYS GOLD-9 TEAMS'!I31&"-"&TEXT('16U BOYS GOLD-9 TEAMS'!B31,"h:mm am/pm") -> 16Bau15-F bracket (1st-3rd) F2,F3-1:00 PM | D27: 0.54166667 | E27: 18B44 | F27: 18B58 | G27: ='16U BOYS PLATINUM-19 TEAMS'!D56&"-"&'16U BOYS PLATINUM-19 TEAMS'!I56&"-"&TEXT('16U BOYS PLATINUM-19 TEAMS'!B56,"h:mm am/pm") -> 16Bpt32-G bracket G1,G2 (1A,1B)-1:00 PM | H27: ='16U BOYS PLATINUM-19 TEAMS'!D67&"-"&'16U BOYS PLATINUM-19 TEAMS'!I67&"-"&TEXT('16U BOYS PLATINUM-19 TEAMS'!B67,"h:mm am/pm") -> 16Bpt33-bracket K2,K3-1:00 PM | I27: 18B36
A28: 0.58333333 | B28: ='16U BOYS GOLD-9 TEAMS'!D32&"-"&'16U BOYS GOLD-9 TEAMS'!I32&"-"&TEXT('16U BOYS GOLD-9 TEAMS'!B32,"h:mm am/pm") -> 16Bau16-D bracket (7th-9th) D1,D2-2:00 PM | D28: 0.58333333 | E28: 18B45 | F28: 18B53 | G28: ='16U BOYS PLATINUM-19 TEAMS'!D57&"-"&'16U BOYS PLATINUM-19 TEAMS'!I57&"-"&TEXT('16U BOYS PLATINUM-19 TEAMS'!B57,"h:mm am/pm") -> 16Bpt34-I bracket I1,I2 (2A,2B)-2:00 PM | H28: ='16U BOYS PLATINUM-19 TEAMS'!D68&"-"&'16U BOYS PLATINUM-19 TEAMS'!I68&"-"&TEXT('16U BOYS PLATINUM-19 TEAMS'!B68,"h:mm am/pm") -> 16Bpt35-3rd/4thL-2:00 PM | I28: 18B37
A29: 0.625 | B29: ='16U BOYS GOLD-9 TEAMS'!D33&"-"&'16U BOYS GOLD-9 TEAMS'!I33&"-"&TEXT('16U BOYS GOLD-9 TEAMS'!B33,"h:mm am/pm") -> 16Bau17-E bracket (4th-6th) E1,E2-3:00 PM | D29: 0.625 | E29: 18B46 | F29: 18B54 | G29: ='16U BOYS PLATINUM-19 TEAMS'!D58&"-"&'16U BOYS PLATINUM-19 TEAMS'!I58&"-"&TEXT('16U BOYS PLATINUM-19 TEAMS'!B58,"h:mm am/pm") -> 16Bpt36-5th 3G/3H-3:00 PM | H29: ='16U BOYS PLATINUM-19 TEAMS'!D69&"-"&'16U BOYS PLATINUM-19 TEAMS'!I69&"-"&TEXT('16U BOYS PLATINUM-19 TEAMS'!B69,"h:mm am/pm") -> 16Bpt37-1st/2ndL-3:00 PM | I29: 18B38
A30: 0.66666667 | B30: ='16U BOYS GOLD-9 TEAMS'!D34&"-"&'16U BOYS GOLD-9 TEAMS'!I34&"-"&TEXT('16U BOYS GOLD-9 TEAMS'!B34,"h:mm am/pm") -> 16Bau18-F bracket (1st-3rd) F1,F2-4:00 PM | D30: 0.66666667 | E30: 18B47 | F30: 18B55 | G30: ='16U BOYS PLATINUM-19 TEAMS'!D59&"-"&'16U BOYS PLATINUM-19 TEAMS'!I59&"-"&TEXT('16U BOYS PLATINUM-19 TEAMS'!B59,"h:mm am/pm") -> 16Bpt38-3rd 2G/2H-4:00 PM | H30: ='16U BOYS PLATINUM-19 TEAMS'!D70&"-"&'16U BOYS PLATINUM-19 TEAMS'!I70&"-"&TEXT('16U BOYS PLATINUM-19 TEAMS'!B70,"h:mm am/pm") -> 16Bpt39-bracket J1,J2-4:00 PM | I30: 18B39
A31: 0.70833333 | D31: 0.70833333 | G31: ='16U BOYS PLATINUM-19 TEAMS'!D60&"-"&'16U BOYS PLATINUM-19 TEAMS'!I60&"-"&TEXT('16U BOYS PLATINUM-19 TEAMS'!B60,"h:mm am/pm") -> 16Bpt40-1st 1G/1H-5:00 PM | H31: ='16U BOYS PLATINUM-19 TEAMS'!D71&"-"&'16U BOYS PLATINUM-19 TEAMS'!I71&"-"&TEXT('16U BOYS PLATINUM-19 TEAMS'!B71,"h:mm am/pm") -> 16Bpt41-bracket K1,K2-5:00 PM
K32: Sun Games
B33: =COUNTA(B22:B32) -> 9 | E33: =COUNTA(E22:E32) -> 9 | F33: =COUNTA(F22:F32) -> 9 | G33: =COUNTA(G22:G32) -> 10 | H33: =COUNTA(H22:H32) -> 10 | I33: =COUNTA(I22:I32) -> 9 | K33: =SUM(B33:J33) -> 56

Sheet 16U BOYS GOLD-9 TEAMS
A1: 16U BOYS GOLD | B1: 9 teams | C1: 7 min. qrtrs. | D1: 9+9
A2: HOT! RESULTS | B2: RESULTS FEED | C2: SUBMIT SCORES LOGIN
A3: A | B3: B | C3: C
A4: A1-SAN FRANCISCO | B4: B1-LA PREMIER | C4: C1-TROJAN
A5: A2-MISSION B | B5: B2-PEGASUS WP | C5: C2-CC UNITED BLUE
A6: A3-FOOTHILL BLACK | B6: B3-OCWP RED | C6: C3-SD SHORES GOLD
A8: D | B8: E | C8: F
A9: D1(3rdA)-FOOTHILL BLACK | B9: E1(2ndA)-MISSION B | C9: F1(1stA)-SAN FRANCISCO
A10: D2(3rdB)-OCWP RED | B10: E2(2ndB)-PEGASUS | C10: F2(1stB)-LA PREMIER
A11: D3(3rdC)-TROJAN | B11: E3(2ndC)-SD SHORES GOLD | C11: F3(1stC)-CC UNITED BLUE
A13: DATE | B13: TIME | C13: LOCATION | D13: GAME ID | E13: WHITE TEAM | F13: S | G13: DARK TEAM | H13: S | I13: COMMENTS | J13: DIVISION
A14: 45724 | B14: =CHICLETS!A5 -> 0.39583333 | C14: =CHICLETS!$B$3 -> COSTA MESA HS | D14: 16Bau01 | E14: =A4 -> A1-SAN FRANCISCO | F14: 17 | G14: =A6 -> A3-FOOTHILL BLACK | H14: 1 | I14: A bracket A1,A3 | J14: 16U_BOYS_GOLD
A15: 45724 | B15: =CHICLETS!A6 -> 0.4375 | C15: =CHICLETS!$B$3 -> COSTA MESA HS | D15: 16Bau02 | E15: =B4 -> B1-LA PREMIER | F15: 15 | G15: =B6 -> B3-OCWP RED | H15: 9 | I15: B bracket B1,B3 | J15: 16U_BOYS_GOLD
A16: 45724 | B16: =CHICLETS!A7 -> 0.47916667 | C16: =CHICLETS!$B$3 -> COSTA MESA HS | D16: 16Bau03 | E16: =C4 -> C1-TROJAN | F16: 2 | G16: =C5 -> C2-CC UNITED BLUE | H16: 9 | I16: C bracket C1,C2 | J16: 16U_BOYS_GOLD
A17: 45724 | B17: =CHICLETS!A8 -> 0.52083333 | C17: =CHICLETS!$B$3 -> COSTA MESA HS | D17: 16Bau04 | E17: =A5 -> A2-MISSION B | F17: 14 | G17: =A6 -> A3-FOOTHILL BLACK | H17: 5 | I17: A bracket A2,A3 | J17: 16U_BOYS_GOLD
A18: 45724 | B18: =CHICLETS!A9 -> 0.5625 | C18: =CHICLETS!$B$3 -> COSTA MESA HS | D18: 16Bau05 | E18: =B4 -> B1-LA PREMIER | F18: 14 | G18: =B5 -> B2-PEGASUS WP | H18: 10 | I18: B bracket B1,B2 | J18: 16U_BOYS_GOLD
A19: 45724 | B19: =CHICLETS!A10 -> 0.60416667 | C19: =CHICLETS!$B$3 -> COSTA MESA HS | D19: 16Bau06 | E19: =C5 -> C2-CC UNITED BLUE | F19: 10 | G19: =C6 -> C3-SD SHORES GOLD | H19: 8 | I19: C bracket C2,C3 | J19: 16U_BOYS_GOLD
A20: 45724 | B20: =CHICLETS!A11 -> 0.64583333 | C20: =CHICLETS!$B$3 -> COSTA MESA HS | D20: 16Bau07 | E20: =A4 -> A1-SAN FRANCISCO | F20: 12 | G20: =A5 -> A2-MISSION B | H20: 6 | I20: A bracket A1,A2 | J20: 16U_BOYS_GOLD
A21: 45724 | B21: =CHICLETS!A12 -> 0.6875 | C21: =CHICLETS!$B$3 -> COSTA MESA HS | D21: 16Bau08 | E21: =B5 -> B2-PEGASUS WP | F21: 9 | G21: =B6 -> B3-OCWP RED | H21: 4 | I21: B bracket B2,B3 | J21: 16U_BOYS_GOLD
A22: 45724 | B22: =CHICLETS!A13 -> 0.72916667 | C22: =CHICLETS!$B$3 -> COSTA MESA HS | D22: 16Bau09 | E22: =C4 -> C1-TROJAN | F22: 5 | G22: =C6 -> C3-SD SHORES GOLD | H22: 10 | I22: C bracket C1,C3 | J22: 16U_BOYS_GOLD
A26: 45725 | B26: =CHICLETS!A22 -> 0.33333333 | C26: =CHICLETS!$B$21 -> COSTA MESA HS | D26: 16Bau10 | E26: =A9 -> D1(3rdA)-FOOTHILL BLACK | F26: 5 | G26: =A11 -> D3(3rdC)-TROJAN | H26: 12 | I26: D bracket (7th-9th) D1,D3 | J26: 16U_BOYS_GOLD
