Workbook

Sheet RAW ENTRIES
A1: RECORD | B1: CLUB | C1: CLUB# | D1: CONTACT | E1: CONTACT USWP# | F1: CELL | G1: EMAIL | H1: TEAM | I1: TEAM CONTACT | J1: DIV | K1: DUE | L1: COMMENTS
A2: 13 | B2: Capital | C2: 30226 | D2: miras jelic | E2: 575862 | F2: 8042181512 | G2: mirkesu@yahoo.com | H2: Capital | I2: miras jelic 804 2181512 | J2: 16U BOYS PLATINUM | K2: 1295
A3: 14 | B3: Capital | C3: 30226 | D3: miras jelic | E3: 575862 | F3: 8042181512 | G3: mirkesu@yahoo.com | H3: Capital | I3: miras jelic 804 2181512 | J3: 14U BOYS SILVER | K3: 1295
A4: 15 | B4: Capital | C4: 30226 | D4: miras jelic | E4: 575862 | F4: 8042181512 | G4: mirkesu@yahoo.com | H4: Capital | I4: miras jelic 804 2181512 | J4: 16U BOYS PLATINUM | K4: 1295
A5: 16 | B5: Shadow Water Polo Club | C5: Canadian | D5: Moataz Salem | E5: Canadian | F5: 4169909913 | G5: shadowboyswp@gmail.com | H5: Shadow Men | I5: Moataz Salem 416-990-9913 | J5: 19U BOYS PLATINUM | K5: 1295 | L5: Shadow water Polo 19U Men Team is a Canadian Team,
A6: 17 | B6: St. Louis Area Polo (SLAP) | C6: 12 | D6: Miguel Figueras | E6: 12585 | F6: 5153713146 | G6: eiznof@gmail.com | H6: St. Louis Area Polo (SLAP) | I6: Miguel Figueras 515-371-3146 | J6: 16U BOYS GOLD | K6: 1295 | L6: Per Brad's ok, we will have 4 players on the roster who will still be 16 at the time of the tournament but will turn 17 prior to August 1st, 2026
A7: 18 | B7: Davis Water Polo Club | C7: 79 | D7: Carolyn Walker | E7: 706176 | F7: 9257083783 | G7: Carolynkwalker@gmail.com | H7: Davis 10U Mix | I7: Ashley Macedo - 805-618-6788 | J7: 10U COED GOLD | K7: 1095
A8: 19 | B8: Davis Water Polo Club | C8: 79 | D8: Carolyn Walker | E8: 706176 | F8: 9257083783 | G8: Carolynkwalker@gmail.com | H8: Davis 12U Girls | I8: Carolyn Walker 925-708-3783 | J8: 12U GIRLS PLATINUM | K8: 1295
A9: 20 | B9: Davis Water Polo Club | C9: 79 | D9: Carolyn Walker | E9: 706176 | F9: 9257083783 | G9: Carolynkwalker@gmail.com | H9: Davis 12U Boys | I9: Scott Strong 916 -765-1792 | J9: 12U BOYS PLATINUM | K9: 1295
A10: 21 | B10: Davis Water Polo Club | C10: 79 | D10: Carolyn Walker | E10: 706176 | F10: 9257083783 | G10: Carolynkwalker@gmail.com | H10: 14U Girls | I10: Mary Rhodes 805-588-5002 | J10: 14U GIRLS PLATINUM | K10: 1295
A11: 22 | B11: Davis Water Polo Club | C11: 79 | D11: Carolyn Walker | E11: 706176 | F11: 9257083783 | G11: Carolynkwalker@gmail.com | H11: 14U Boys | I11: Nick Alden 408-821-9539 | J11: 14U BOYS GOLD | K11: 1295
A12: 23 | B12: Davis Water Polo Club | C12: 79 | D12: Carolyn Walker | E12: 706176 | F12: 9257083783 | G12: Carolynkwalker@gmail.com | H12: Davis 16U Blue | I12: Tracy Stapleton - 530-400-2167 | J12: 16U BOYS GOLD | K12: 1295
A13: 24 | B13: Davis Water Polo Club | C13: 79 | D13: Carolyn Walker | E13: 706176 | F13: 9257083783 | G13: Carolynkwalker@gmail.com | H13: Davis 16U White | I13: Tracy Stapleton - 530-400-2167 | J13: 16U BOYS SILVER | K13: 1295
A14: 25 | B14: Triton Aquatics | C14: 34352 | D14: Alex Lazzereschi | E14: 523427 | F14: 925.596.4746 | G14: alex@tritonaquatics.org | H14: Gold | I14: Alex Lazzereschi - 925.596.4746 | J14: 14U BOYS SILVER | K14: 1295
A15: 26 | B15: Triton Aquatics | C15: 34352 | D15: Alex Lazzereschi | E15: 523427 | F15: 925.596.4746 | G15: alex@tritonaquatics.org | H15: Gold | I15: Alex Lazzereschi - 925.596.4746 | J15: 16U BOYS SILVER | K15: 1295
A16: 27 | B16: Stanford | C16: 570 | D16: Emily Stiling | E16: 716532 | F16: 5593468971 | G16: estiling@stanfordwpc.com | H16: 10u Stanford Red | I16: Emily Stiling (559-346-8971) | J16: 10U BOYS | K16: 1095 | L16: 10u - 1 team 12u - 3 teams 14u - 2 teams We will be submitting 1x more 14u team + 2x 16u teams
A17: 28 | B17: Stanford | C17: 570 | D17: Emily Stiling | E17: 716532 | F17: 5593468971 | G17: estiling@stanfordwpc.com | H17: 12u Stanford Red | I17: Emily Stiling (559-346-8971) | J17: 12U BOYS PLATINUM | K17: 1295 | L17: 10u - 1 team 12u - 3 teams 14u - 2 teams We will be submitting 1x more 14u team + 2x 16u teams
A18: 29 | B18: Stanford | C18: 570 | D18: Emily Stiling | E18: 716532 | F18: 5593468971 | G18: estiling@stanfordwpc.com | H18: 12u Stanford Black | I18: Emily Stiling (559-346-8971) | J18: 12U BOYS GOLD | K18: 1295 | L18: 10u - 1 team 12u - 3 teams 14u - 2 teams We will be submitting 1x more 14u team + 2x 16u teams
A19: 30 | B19: Stanford | C19: 570 | D19: Emily Stiling | E19: 716532 | F19: 5593468971 | G19: estiling@stanfordwpc.com | H19: 12u Stanford White | I19: Emily Stiling (559-346-8971) | J19: 12U BOYS GOLD | K19: 1295 | L19: 10u - 1 team 12u - 3 teams 14u - 2 teams We will be submitting 1x more 14u team + 2x 16u teams
A20: 31 | B20: Stanford | C20: 570 | D20: Emily Stiling | E20: 716532 | F20: 5593468971 | G20: estiling@stanfordwpc.com | H20: 14u Stanford Red | I20: Emily Stiling (559-346-8971) | J20: 14U BOYS PLATINUM | K20: 1295 | L20: 10u - 1 team 12u - 3 teams 14u - 2 teams We will be submitting 1x more 14u team + 2x 16u teams
A21: 32 | B21: Stanford | C21: 570 | D21: Emily Stiling | E21: 716532 | F21: 5593468971 | G21: estiling@stanfordwpc.com | H21: 14u Stanford Black | I21: Emily Stiling (559-346-8971) | J21: 14U BOYS GOLD | K21: 1295 | L21: 10u - 1 team 12u - 3 teams 14u - 2 teams We will be submitting 1x more 14u team + 2x 16u teams
A22: 33 | B22: Stanford | C22: 570 | D22: Emily Stiling | E22: 716532 | F22: 5593468971 | G22: estiling@stanfordwpc.com | H22: 13's Stanford | I22: Emily Stiling (55)3468971 | J22: 14U BOYS GOLD | K22: 1295
A23: 34 | B23: Stanford | C23: 570 | D23: Emily Stiling | E23: 716532 | F23: 5593468971 | G23: estiling@stanfordwpc.com | H23: 16u Black Stanford | I23: Emily Stiling (55)3468971 | J23: 16U BOYS GOLD | K23: 1295
A24: 35 | B24: Stanford | C24: 570 | D24: Emily Stiling | E24: 716532 | F24: 5593468971 | G24: estiling@stanfordwpc.com | H24: 16u White Stanford | I24: Emily Stiling (55)3468971 | J24: 16U BOYS SILVER | K24: 1295
A25: 36 | B25: Stanford | C25: 570 | D25: Emily Stiling | E25: 716532 | F25: 5593468971 | G25: estiling@stanfordwpc.com | H25: 13's Stanford | I25: Emily Stiling (55)3468971 | J25: 14U BOYS GOLD | K25: 1295
A26: 37 | B26: Stanford | C26: 570 | D26: Emily Stiling | E26: 716532 | F26: 5593468971 | G26: estiling@stanfordwpc.com | H26: 16u Black Stanford | I26: Emily Stiling (55)3468971 | J26: 16U BOYS GOLD | K26: 1295
A27: 38 | B27: Stanford | C27: 570 | D27: Emily Stiling | E27: 716532 | F27: 5593468971 | G27: estiling@stanfordwpc.com | H27: 16u White Stanford | I27: Emily Stiling (55)3468971 | J27: 16U BOYS SILVER | K27: 1295
A28: 39 | B28: Mid-Pen WPC | C28: 24253 | D28: Steven Canalez | E28: 461255 | F28: (408) 616-9628 | G28: steven.canalez@gmail.com | H28: Mid-Pen 18U | I28: Bruno Antonino [Cell: (650) 713-1670] | J28: 19U BOYS GOLD | K28: 1295
A29: 40 | B29: Mid-Pen WPC | C29: 24253 | D29: Steven Canalez | E29: 461255 | F29: (408) 616-9628 | G29: steven.canalez@gmail.com | H29: Mid-Pen 16U | I29: Steven Canalez [Cell: (408) 616-9628] | J29: 16U BOYS SILVER | K29: 1295
A30: 41 | B30: Honolulu Water Polo | C30: 17214 | D30: Kale Ai | E30: 412736 | F30: 8082306053 | G30: kaleai@hnlwaterpolo.org | H30: HNLWP Blue | I30: Kale Ai 8082306053 | J30: 14U BOYS GOLD | K30: 1295 | L30: We are flying back to honolulu on Sunday 02/01/26 at 4:30pm from LAX. Kindly requesting our games finish by 1:00pm so we can safely make it to the airport on time.
A31: 42 | B31: Honolulu Water Polo | C31: 17214 | D31: Kale Ai | E31: 412736 | F31: 8082306053 | G31: kaleai@hnlwaterpolo.org | H31: HNLWP Green | I31: Kale Ai 8082306053 | J31: 14U BOYS SILVER | K31: 1295 | L31: We are flying back to honolulu on Sunday 02/01/26 at 4:30pm from LAX. Kindly requesting our games finish by 1:00pm so we can safely make it to the airport on time.
A32: 43 | B32: Honolulu Water Polo | C32: 17214 | D32: Kale Ai | E32: 412736 | F32: 8082306053 | G32: kaleai@hnlwaterpolo.org | H32: HNLWP | I32: Kale Ai 8082306053 | J32: 14U GIRLS GOLD | K32: 1295 | L32: We are flying back to honolulu on Sunday 02/01/26 at 4:30pm from LAX. Kindly requesting our games finish by 1:00pm so we can safely make it to the airport on time.
A33: 46 | B33: Pacific Valley Premier | C33: 34095 | D33: Eve Okamura | E33: 480121 | F33: 4085503356 | G33: eveeokamura@gmail.com | H33: Pacific Valley Premier | I33: 4085503356 | J33: HIGH SCHOOL GIRLS | K33: 1295
A34: 47 | B34: California Republic | C34: 26152 | D34: Tyson Frenn | E34: 396489 | F34: 7073197139 | G34: calrepublicwpc@gmail.com | H34: Cal Republic | I34: Damien Lawrence 209-406-6854 | J34: 16U BOYS GOLD | K34: 1295
A35: 48 | B35: CT Premier WPC | C35: 34969 | D35: Scott Schulte | E35: 15630 | F35: 917-562-9610 | G35: admin@ctpremierwpc.com | H35: CT Premier WPC 16U | I35: Gabriel Maldonado 203-543-8925 | J35: 16U BOYS GOLD | K35: 1295 | L35: We are not sure if we want to enter our 18U team in the Platinum or Gold division, we are still deciding.
A36: 49 | B36: CT Premier WPC | C36: 34969 | D36: Scott Schulte | E36: 15630 | F36: 917-562-9610 | G36: admin@ctpremierwpc.com | H36: CT Premier WPC 14U | I36: Valentin Horvath 929-610-3725 | J36: 14U BOYS GOLD | K36: 1295 | L36: We are not sure if we want to enter our 18U team in the Platinum or Gold division, we are still deciding.
A37: 50 | B37: CT Premier WPC | C37: 34969 | D37: Scott Schulte | E37: 15630 | F37: 917-562-9610 | G37: admin@ctpremierwpc.com | H37: CT Premier WPC 18U | I37: Scott Schulte 917-562-9610 | J37: 19U BOYS PLATINUM | K37: 1295 | L37: We are not sure if we want to enter our 18U team in the Platinum or Gold division, we are still deciding.
A38: 51 | B38: Yolo Polo | C38: 35474 | D38: Kevin Friedman | E38: 635 | F38: 415.871.6328 | G38: Kevin@YoloPolo.org | H38: Yolo 10u Mixed Black | I38: Kevin Friedman 415.871.6328 | J38: 10U COED PLATINUM | K38: 1095 | L38: Please share the DRAFT schedule / matchups. This will be the first travel tournament for a number of our families and we hope to have reasonable matchups in the appropriate flights. Last year, we did not receive a notification that there was a new
A39: 52 | B39: Yolo Polo | C39: 35474 | D39: Kevin Friedman | E39: 635 | F39: 415.871.6328 | G39: Kevin@YoloPolo.org | H39: Yolo 10u Mixed Yellow | I39: Trevor Rose 530.400.3128 | J39: 10U COED GOLD | K39: 1095 | L39: Please share the DRAFT schedule / matchups. This will be the first travel tournament for a number of our families and we hope to have reasonable matchups in the appropriate flights. Last year, we did not receive a notification that there was a new
A40: 53 | B40: Yolo Polo | C40: 35474 | D40: Kevin Friedman | E40: 635 | F40: 415.871.6328 | G40: Kevin@YoloPolo.org | H40: Yolo 12u Mixed Black | I40: Katie Walsh 510.406.1970 | J40: 12U COED | K40: 1295 | L40: Please share the DRAFT schedule / matchups. This will be the first travel tournament for a number of our families and we hope to have reasonable matchups in the appropriate flights. Last year, we did not receive a notification that there was a new
A41: 54 | B41: American River Water Polo Club | C41: 85 | D41: Zachary Koerner | E41: 19469 | F41: 9168128242 | G41: zackoerner@gmail.com | H41: 18 Blue | I41: Zachary Koerner (916)812-8242 | J41: 19U BOYS PLATINUM | K41: 1295
A42: 55 | B42: American River Water Polo Club | C42: 85 | D42: Zachary Koerner | E42: 19469 | F42: 9168128242 | G42: zackoerner@gmail.com | H42: 18 Gold | I42: Josh Ford 559-303-5400 | J42: 19U BOYS GOLD | K42: 1295
A43: 56 | B43: American River Water Polo Club | C43: 85 | D43: Zachary Koerner | E43: 19469 | F43: 9168128242 | G43: zackoerner@gmail.com | H43: 16 Blue | I43: Caleb Robertson 530-391-9463 | J43: 16U BOYS PLATINUM | K43: 1295
A44: 57 | B44: American River Water Polo Club | C44: 85 | D44: Zachary Koerner | E44: 19469 | F44: 9168128242 | G44: zackoerner@gmail.com | H44: 16 Gold | I44: Jake Bowers 916-597-3722 | J44: 16U BOYS GOLD | K44: 1295
A45: 58 | B45: American River Water Polo Club | C45: 85 | D45: Zachary Koerner | E45: 19469 | F45: 9168128242 | G45: zackoerner@gmail.com | H45: 14 Gold | I45: Ernesto Arias (707)718-1780 | J45: 14U BOYS SILVER | K45: 1295
A46: 59 | B46: American River Water Polo Club | C46: 85 | D46: Zachary Koerner | E46: 19469 | F46: 9168128242 | G46: zackoerner@gmail.com | H46: 14 Blue | I46: Rachel Ruano 916-730-9653 | J46: 14U BOYS GOLD | K46: 1295
A47: 60 | B47: American River Water Polo Club | C47: 85 | D47: Zachary Koerner | E47: 19469 | F47: 9168128242 | G47: zackoerner@gmail.com | H47: 12U Blue | I47: Logan Reilly (916)547-3555 | J47: 12U BOYS GOLD | K47: 1295
A48: 61 | B48: Berkeley WPC | C48: 35520 | D48: Ryan Feaver | E48: 13566 | F48: 9257865418 | G48: rfeaver@yahoo.com | H48: Berkeley WPC | I48: Ryan Feaver 925-786-5418 | J48: 19U BOYS PLATINUM | K48: 1295
A49: 62 | B49: WCAC United | C49: 30546 | D49: Mike K | E49: 604706 | F49: 2155656246 | G49: waterpolo@wcacswim.org | H49: WCAC United 18U | I49: Bobby Halligan, 610-533-9910 | J49: 19U BOYS PLATINUM | K49: 1295 | L49: Our 16U is a 16U / 14U mix who is looking forward to the experience of going out west but would definitely be best served by a lower flight if possible.
A50: 63 | B50: WCAC United | C50: 30546 | D50: Mike K | E50: 604706 | F50: 2155656246 | G50: waterpolo@wcacswim.org | H50: WCAC United 16U | I50: Bobby Halligan, 610-533-9910 | J50: 16U BOYS SILVER | K50: 1295 | L50: Our 16U is a 16U / 14U mix who is looking forward to the experience of going out west but would definitely be best served by a lower flight if possible.
A51: 64 | B51: PRIDE | C51: 26981 | D51: SERELA KAY | E51: 391447 | F51: 805-450-3368 | G51: serelakay@gmail.com | H51: PRIDE BLACK | I51: Ben Brown 619-245-8037 | J51: 14U BOYS PLATINUM | K51: 1295
A52: 65 | B52: PRIDE | C52: 26981 | D52: SERELA KAY | E52: 391447 | F52: 805-450-3368 | G52: serelakay@gmail.com | H52: PRIDE RED | I52: Ben Brown 619-245-8037 | J52: 14U BOYS GOLD | K52: 1295
A53: 66 | B53: CC United | C53: 19137 | D53: Kirk L Jensen | E53: 14837 | F53: 925-286 1081 | G53: ccupolo@gmail.com | H53: CC United Black | I53: Brodie Jasper 510-708-2463 | J53: 14U BOYS PLATINUM | K53: 1295
A54: 67 | B54: CC United | C54: 19137 | D54: Kirk L Jensen | E54: 14837 | F54: 925-286 1081 | G54: ccupolo@gmail.com | H54: CC United Black | I54: Tor Jensen 925-330-0967 | J54: 16U BOYS PLATINUM | K54: 1295
A55: 68 | B55: CC United | C55: 19137 | D55: Kirk L Jensen | E55: 14837 | F55: 925-286 1081 | G55: ccupolo@gmail.com | H55: CC United Black | I55: Nick Jordan 916-225-9128 | J55: 12U BOYS PLATINUM | K55: 1295
A56: 69 | B56: CC United | C56: 19137 | D56: Kirk L Jensen | E56: 14837 | F56: 925-286 1081 | G56: ccupolo@gmail.com | H56: CC United Black | I56: Andrew Churukian 650-274-1594 | J56: 10U BOYS | K56: 1095
A57: 70 | B57: CC United | C57: 19137 | D57: Kirk L Jensen | E57: 14837 | F57: 925-286 1081 | G57: ccupolo@gmail.com | H57: CC United Black | I57: Annika Jensen 925-323-8915 | J57: 14U GIRLS PLATINUM | K57: 1295
A58: 71 | B58: CC United | C58: 19137 | D58: Kirk L Jensen | E58: 14837 | F58: 925-286 1081 | G58: ccupolo@gmail.com | H58: CC United Blue | I58: Casey Hammond 925-822-2559 | J58: 19U BOYS PLATINUM | K58: 1295
A59: 72 | B59: CC United | C59: 19137 | D59: Kirk L Jensen | E59: 14837 | F59: 925-286 1081 | G59: ccupolo@gmail.com | H59: CC United Blue | I59: Tor Jensen 925-330-0967 | J59: 16U BOYS GOLD | K59: 1295 | L59: CC United Black - "A" team Blue- "B" team White-"C" team
A60: 73 | B60: CC United | C60: 19137 | D60: Kirk L Jensen | E60: 14837 | F60: 925-286 1081 | G60: ccupolo@gmail.com | H60: CC United Blue | I60: Brodie Jasper 510-708-2463 | J60: 14U BOYS GOLD | K60: 1295 | L60: CC United Black - "A" team Blue- "B" team White-"C" team
A61: 74 | B61: CC United | C61: 19137 | D61: Kirk L Jensen | E61: 14837 | F61: 925-286 1081 | G61: ccupolo@gmail.com | H61: CC United Blue | I61: Nick Jordan 916-225-9128 | J61: 12U BOYS GOLD | K61: 1295 | L61: CC United Black - "A" team Blue- "B" team White-"C" team
A62: 75 | B62: CC United | C62: 19137 | D62: Kirk L Jensen | E62: 14837 | F62: 925-286 1081 | G62: ccupolo@gmail.com | H62: CC United Blue | I62: Andrew churukian 650-274-1594 | J62: 10U BOYS | K62: 1095 | L62: CC United Black - "A" team Blue- "B" team White-"C" team
A63: 76 | B63: CC United | C63: 19137 | D63: Kirk L Jensen | E63: 14837 | F63: 925-286 1081 | G63: ccupolo@gmail.com | H63: CC United White | I63: Tor Jensen 925-330-0967 | J63: 16U BOYS SILVER | K63: 1295 | L63: CC United Black - "A" team Blue- "B" team White-"C" team
A64: 77 | B64: Rogue 619 | C64: 35467 | D64: Zac Reiff | E64: 652464 | F64: 6198408120 | G64: zreiff@hotmail.com | H64: Rogue 619 14U Girls | I64: Zac Reiff 6198408120 | J64: 14U GIRLS PLATINUM | K64: 1295 | L64: Late day one game would be appreciated for travel from Imperial Beach.
A65: 78 | B65: Big Valley Water Polo Academy | C65: 29 | D65: Jeff Hoornaert | E65: 426652 | F65: 2094062354 | G65: hooey15@gmail.com | H65: Big Valley 19u | I65: Jeff Hoornaert | J65: 19U BOYS GOLD | K65: 1295
A66: 79 | B66: Big Valley Water Polo Academy | C66: 29 | D66: Jeff Hoornaert | E66: 426652 | F66: 2094062354 | G66: hooey15@gmail.com | H66: Big Valley 16u | I66: Jeff Hoornaert | J66: 16U BOYS GOLD | K66: 1295
A67: 80 | B67: Longhorn | C67: 20672 | D67: Jeff Green | E67: 14751 | F67: 3108929915 | G67: green.jeffrey.s@gmail.com | H67: Longhorn | I67: Jeff Green 3108929915 | J67: 19U BOYS GOLD | K67: 1295
A68: 81 | B68: Farallon Aquatics | C68: 35523 | D68: Zac Monsees | E68: 344238 | F68: 4087477219 | G68: zmonsees@gmail.com | H68: Farallon Aquatics | I68: Zac Monsees (408)747-7219 | J68: 19U BOYS GOLD | K68: 1295
A69: 82 | B69: Mission WPC | C69: 35012 | D69: Jon Barnea | E69: 4580 | F69: 650-269-8445 | G69: jbarnea@missionwpc.com | H69: Mission WPC | I69: Jon Barnea 650-269-8445 | J69: 14U BOYS PLATINUM | K69: 1295 | L69: No 7 am games. Thanks Nick!
A70: 83 | B70: Mission WPC | C70: 35012 | D70: Jon Barnea | E70: 4580 | F70: 650-269-8445 | G70: jbarnea@missionwpc.com | H70: Mission WPC | I70: Jon Millers ‭(949) 395-2590‬ | J70: 14U BOYS GOLD | K70: 1295 | L70: No 7 am games. Thanks Nick!
A71: 84 | B71: Mission WPC | C71: 35012 | D71: Jon Barnea | E71: 4580 | F71: 650-269-8445 | G71: jbarnea@missionwpc.com | H71: Mission WPC | I71: Brett Luch (831) 236-2256‬ | J71: 12U BOYS PLATINUM | K71: 1295 | L71: No 7 am games. Thanks Nick!
A72: 85 | B72: Mission WPC | C72: 35012 | D72: Jon Barnea | E72: 4580 | F72: 650-269-8445 | G72: jbarnea@missionwpc.com | H72: Mission WPC | I72: Sean Kern (949) 307-6625‬ | J72: 12U BOYS GOLD | K72: 1295 | L72: No 7 am games. Thanks Nick!
A73: 86 | B73: Gold Coast WPC | C73: 10 | D73: Mike Giles | E73: 32819 | F73: 8058071704 | G73: mdgilesaquatics@msn.com | H73: Gold Coast | I73: Michael Giles 805-807-1704 | J73: 14U GIRLS GOLD | K73: 1295 | L73: Not sure if the 12u girls are actually platinum...
A74: 87 | B74: Gold Coast WPC | C74: 10 | D74: Mike Giles | E74: 32819 | F74: 8058071704 | G74: mdgilesaquatics@msn.com | H74: Gold Coast | I74: Michael Giles 805-807-1704 | J74: 14U BOYS SILVER | K74: 1295 | L74: Not sure if the 12u girls are actually platinum...
A75: 88 | B75: Gold Coast WPC | C75: 10 | D75: Mike Giles | E75: 32819 | F75: 8058071704 | G75: mdgilesaquatics@msn.com | H75: Gold Coast | I75: Michael Giles 805-807-1704 | J75: 12U BOYS GOLD | K75: 1295 | L75: Not sure if the 12u girls are actually platinum...
A76: 89 | B76: Gold Coast WPC | C76: 10 | D76: Mike Giles | E76: 32819 | F76: 8058071704 | G76: mdgilesaquatics@msn.com | H76: Gold Coast | I76: Michael Giles 805-807-1704 | J76: 12U GIRLS PLATINUM | K76: 1295 | L76: Not sure if the 12u girls are actually platinum...
A77: 90 | B77: San Jose Express | C77: 25911 | D77: Davor Koret | E77: 591546 | F77: 4086279167 | G77: sjexpressaquatics@gmail.com | H77: San Jose Express Blue | I77: Davor Koret, sjexpressaquatics@gmail.com, 40862791 | J77: 16U BOYS GOLD | K77: 1295
A78: 91 | B78: San Jose Express | C78: 25911 | D78: Davor Koret | E78: 591546 | F78: 4086279167 | G78: sjexpressaquatics@gmail.com | H78: San Jose Express Gold | I78: Davor Koret, sjexpressaquatics@gmail.com, 40862791 | J78: 16U BOYS SILVER | K78: 1295
A79: 92 | B79: San Jose Express | C79: 25911 | D79: Davor Koret | E79: 591546 | F79: 4086279167 | G79: sjexpressaquatics@gmail.com | H79: San Jose Express Blue | I79: Davor Koret, sjexpressaquatics@gmail.com, 40862791 | J79: 19U BOYS PLATINUM | K79: 1295
A80: 93 | B80: San Jose Express | C80: 25911 | D80: Davor Koret | E80: 591546 | F80: 4086279167 | G80: sjexpressaquatics@gmail.com | H80: San Jose Express Gold | I80: Davor Koret, sjexpressaquatics@gmail.com, 40862791 | J80: 19U BOYS SILVER | K80: 1295
A81: 94 | B81: SD East County Aquatics | C81: 15152 | D81: Clint McLaughlin | E81: 15690 | F81: 619-985-7613 | G81: Eastcountyaquatics@gmail.com | H81: SD ECA | I81: Preston Burke | J81: 14U BOYS GOLD | K81: 1295
A82: 95 | B82: SD East County Aquatics | C82: 15152 | D82: Clint McLaughlin | E82: 15690 | F82: 619-985-7613 | G82: Eastcountyaquatics@gmail.com | H82: SD ECA | I82: Clint McLaughlin - 619-985-7613 | J82: 14U GIRLS SILVER | K82: 1295
A83: 96 | B83: SD East County Aquatics | C83: 15152 | D83: Clint McLaughlin | E83: 15690 | F83: 619-985-7613 | G83: Eastcountyaquatics@gmail.com | H83: SD ECA | I83: Dalton Collie | J83: 16U BOYS SILVER | K83: 1295
A84: 97 | B84: CC United | C84: 19137 | D84: Kirk L Jensen | E84: 14837 | F84: 925-286-1081 | G84: ccupolo@gmail.com | H84: CC United White | I84: Brodie Jasper 510-708-2463 | J84: 14U BOYS SILVER | K84: 1295 | L84: CCU White- "C" team
A85: 98 | B85: CC United | C85: 19137 | D85: Kirk L Jensen | E85: 14837 | F85: 925-286-1081 | G85: ccupolo@gmail.com | H85: CC United White | I85: Nick Jordan 916-225-9128 | J85: 12U BOYS GOLD | K85: 1295 | L85: CCU White- "C" team
A86: 99 | B86: SHAQ | C86: 18329 | D86: matt swanson | E86: 15806 | F86: 4156808205 | G86: sleepyhollowaquatics@gmail.com | H86: SHAQ BLUE | I86: matt swanson - 416-680-8205 | J86: 14U BOYS PLATINUM | K86: 1295
A87: 100 | B87: SHAQ | C87: 18329 | D87: matt swanson | E87: 15806 | F87: 4156808205 | G87: sleepyhollowaquatics@gmail.com | H87: SHAQ WHITE | I87: matt swanson - 416-680-8205 | J87: 14U BOYS GOLD | K87: 1295
A88: 101 | B88: SHAQ | C88: 18329 | D88: matt swanson | E88: 15806 | F88: 4156808205 | G88: sleepyhollowaquatics@gmail.com | H88: SHAQ | I88: matt swanson - 416-680-8205 | J88: 12U BOYS PLATINUM | K88: 1295
A89: 102 | B89: SHAQ | C89: 18329 | D89: matt swanson | E89: 15806 | F89: 4156808205 | G89: sleepyhollowaquatics@gmail.com | H89: SHAQ | I89: matt swanson - 416-680-8205 | J89: 16U BOYS PLATINUM | K89: 1295
A90: 103 | B90: SHAQ | C90: 18329 | D90: matt swanson | E90: 15806 | F90: 4156808205 | G90: sleepyhollowaquatics@gmail.com | H90: SHAQ | I90: matt swanson - 416-680-8205 | J90: 19U BOYS PLATINUM | K90: 1295
A91: 104 | B91: Asphalt Green | C91: 97 | D91: mguerrerio@gmail.com | E91: 16064 | F91: 6462836884 | G91: mguerrerio@asphaltgreen.org | H91: AGWPC 16 | I91: Ilija Duretic. 7186908211 | J91: 16U BOYS PLATINUM | K91: 1295
A92: 105 | B92: Northwest Water Polo Club | C92: 23472 | D92: Adam Jacobson | E92: 354615 | F92: 2062348350 | G92: adam@northwestwaterpoloclub.com | H92: Northwest | I92: Adam 2062348350 | J92: 19U BOYS GOLD | K92: 1295
A93: 106 | B93: Northwest Water Polo Club | C93: 23472 | D93: Adam Jacobson | E93: 354615 | F93: 2062348350 | G93: adam@northwestwaterpoloclub.com | H93: Northwest | I93: Adam 2062348350 | J93: 14U BOYS GOLD | K93: 1295
A94: 107 | B94: Northwest Water Polo Club | C94: 23472 | D94: Adam Jacobson | E94: 354615 | F94: 2062348350 | G94: adam@northwestwaterpoloclub.com | H94: Northwest | I94: Adam 2062348350 | J94: 14U GIRLS GOLD | K94: 1295
A95: 108 | B95: SHAQ | C95: 18329 | D95: matt swanson | E95: 15806 | F95: 4156808205 | G95: sleepyhollowaquatics@gmail.com | H95: SHAQ | I95: matt swanson 415-680-8205 | J95: 14U GIRLS GOLD | K95: 1295
A96: 109 | B96: SHAQ | C96: 18329 | D96: matt swanson | E96: 15806 | F96: 4156808205 | G96: sleepyhollowaquatics@gmail.com | H96: SHAQ | I96: matt swanson 415-680-8205 | J96: 12U GIRLS PLATINUM | K96: 1295
A97: 110 | B97: 680 Water Polo | C97: 37 | D97: Mike Agostino | E97: 472135 | F97: 9254084873 | G97: mike.agostino77@gmail.com | H97: 680 Red | I97: Mike Agostino, 925 408 4873 | J97: 10U BOYS | K97: 1095 | L97: For 10u "Blue" - can we put them in the Gold Division? 10u Boys "Red" should be in Platinum."
A98: 111 | B98: 680 Water Polo | C98: 37 | D98: Mike Agostino | E98: 472135 | F98: 9254084873 | G98: mike.agostino77@gmail.com | H98: 680 Red | I98: Mike Agostino, 925 408 4873 | J98: 10U GIRLS | K98: 1095 | L98: For 10u "Blue" - can we put them in the Gold Division? 10u Boys "Red" should be in Platinum."
A99: 112 | B99: 680 Water Polo | C99: 37 | D99: Mike Agostino | E99: 472135 | F99: 9254084873 | G99: mike.agostino77@gmail.com | H99: 680 Blue | I99: Mike Agostino, 925 408 4873 | J99: 10U BOYS | K99: 1095 | L99: For 10u "Blue" - can we put them in the Gold Division? 10u Boys "Red" should be in Platinum."
A100: 113 | B100: 680 Water Polo | C100: 37 | D100: Mike Agostino | E100: 472135 | F100: 9254084873 | G100: mike.agostino77@gmail.com | H100: 680 Red | I100: Mike Agostino, 925 408 4873 | J100: 12U GIRLS PLATINUM | K100: 1295 | L100: For 10u "Blue" - can we put them in the Gold Division? 10u Boys "Red" should be in Platinum."
...

Sheet MEDALS
A1: ='10U COED GOLD-16 TEAMS CUSTOM'!A9 -> DATE | B1: ='10U COED GOLD-16 TEAMS CUSTOM'!B9 -> TIME | C1: ='10U COED GOLD-16 TEAMS CUSTOM'!C9&"" -> LOCATION | D1: ='10U COED GOLD-16 TEAMS CUSTOM'!D9&"" -> GAME ID | E1: ='10U COED GOLD-16 TEAMS CUSTOM'!E9&"" -> WHITE TEAM | F1: ='10U COED GOLD-16 TEAMS CUSTOM'!F9&"" -> S | G1: ='10U COED GOLD-16 TEAMS CUSTOM'!G9&"" -> DARK TEAM | H1: ='10U COED GOLD-16 TEAMS CUSTOM'!H9&"" -> S | I1: ='10U COED GOLD-16 TEAMS CUSTOM'!I9&"" -> COMMENTS | J1: ='10U COED GOLD-16 TEAMS CUSTOM'!J9&"" -> DIVISION
L2: ='10U COED GOLD-16 TEAMS CUSTOM'!I46&"" -> 1st | M2: ='10U COED GOLD-16 TEAMS CUSTOM'!J46&"" -> DAVIS
A3: ='10U COED GOLD-16 TEAMS CUSTOM'!A40 -> 46054 | B3: ='10U COED GOLD-16 TEAMS CUSTOM'!B40 -> 0.52083333 | C3: ='10U COED GOLD-16 TEAMS CUSTOM'!C40&"" -> WOOLLETT FAR LEFT | D3: ='10U COED GOLD-16 TEAMS CUSTOM'!D40&"" -> 10Cau29 | E3: ='10U COED GOLD-16 TEAMS CUSTOM'!E40&"" -> L#21-YOLO YELLOW | F3: ='10U COED GOLD-16 TEAMS CUSTOM'!F40&"" -> 11.2 | G3: ='10U COED GOLD-16 TEAMS CUSTOM'!G40&"" -> L#22-SOUTH BAY UNITED | H3: ='10U COED GOLD-16 TEAMS CUSTOM'!H40&"" -> 11.1 | I3: ='10U COED GOLD-16 TEAMS CUSTOM'!I40&"" -> 3rd Coed | J3: ='10U COED GOLD-16 TEAMS CUSTOM'!J40&"" -> 10U_COED_GOLD | L3: ='10U COED GOLD-16 TEAMS CUSTOM'!I47&"" -> 2nd | M3: ='10U COED GOLD-16 TEAMS CUSTOM'!J47&"" -> LA JOLLA UNITED
A4: ='10U COED GOLD-16 TEAMS CUSTOM'!A42 -> 46054 | B4: ='10U COED GOLD-16 TEAMS CUSTOM'!B42 -> 0.55208333 | C4: ='10U COED GOLD-16 TEAMS CUSTOM'!C42&"" -> WOOLLETT FAR LEFT | D4: ='10U COED GOLD-16 TEAMS CUSTOM'!D42&"" -> 10Cau30 | E4: ='10U COED GOLD-16 TEAMS CUSTOM'!E42&"" -> W#21-LA JOLLA UNITED | F4: ='10U COED GOLD-16 TEAMS CUSTOM'!F42&"" -> 7 | G4: ='10U COED GOLD-16 TEAMS CUSTOM'!G42&"" -> W#22-DAVIS | H4: ='10U COED GOLD-16 TEAMS CUSTOM'!H42&"" -> 13 | I4: ='10U COED GOLD-16 TEAMS CUSTOM'!I42&"" -> 1st Coed | J4: ='10U COED GOLD-16 TEAMS CUSTOM'!J42&"" -> 10U_COED_GOLD | L4: ='10U COED GOLD-16 TEAMS CUSTOM'!I48&"" -> 3rd | M4: ='10U COED GOLD-16 TEAMS CUSTOM'!J48&"" -> YOLO YELLOW
M5: ='10U COED GOLD-16 TEAMS CUSTOM'!J50&""
A6: ='10U COED GOLD-16 TEAMS CUSTOM'!A14 -> 46053 | B6: ='10U COED GOLD-16 TEAMS CUSTOM'!B14 -> 0.45833333 | C6: ='10U COED GOLD-16 TEAMS CUSTOM'!C14&"" -> WOOLLETT FAR LEFT | D6: ='10U COED GOLD-16 TEAMS CUSTOM'!D14&"" -> 10Cau05 | E6: ='10U COED GOLD-16 TEAMS CUSTOM'!E14&"" -> G1-LAMORINDA BLUE (A) (girls) | F6: ='10U COED GOLD-16 TEAMS CUSTOM'!F14&"" -> 19 | G6: ='10U COED GOLD-16 TEAMS CUSTOM'!G14&"" -> G4-SAN CLEMENTE RED (girls) | H6: ='10U COED GOLD-16 TEAMS CUSTOM'!H14&"" -> 1 | I6: ='10U COED GOLD-16 TEAMS CUSTOM'!I14&"" -> girls 1st-4th | J6: 10U GIRLS | L6: ='10U COED GOLD-16 TEAMS CUSTOM'!I51&"" -> 1st | M6: ='10U COED GOLD-16 TEAMS CUSTOM'!J51&"" -> LAMORINDA BLUE (A) (girls)
A7: ='10U COED GOLD-16 TEAMS CUSTOM'!A16 -> 46053 | B7: ='10U COED GOLD-16 TEAMS CUSTOM'!B16 -> 0.48958333 | C7: ='10U COED GOLD-16 TEAMS CUSTOM'!C16&"" -> WOOLLETT FAR LEFT | D7: ='10U COED GOLD-16 TEAMS CUSTOM'!D16&"" -> 10Cau06 | E7: ='10U COED GOLD-16 TEAMS CUSTOM'!E16&"" -> G2-DEL MAR BLUE (girls) | F7: ='10U COED GOLD-16 TEAMS CUSTOM'!F16&"" -> 12 | G7: ='10U COED GOLD-16 TEAMS CUSTOM'!G16&"" -> G3-680 RED (girls) | H7: ='10U COED GOLD-16 TEAMS CUSTOM'!H16&"" -> 5 | I7: ='10U COED GOLD-16 TEAMS CUSTOM'!I16&"" -> girls 1st-4th | J7: 10U GIRLS | L7: ='10U COED GOLD-16 TEAMS CUSTOM'!I52&"" -> 2nd | M7: ='10U COED GOLD-16 TEAMS CUSTOM'!J52&"" -> DEL MAR BLUE (girls)
A8: ='10U COED GOLD-16 TEAMS CUSTOM'!A22 -> 46053 | B8: ='10U COED GOLD-16 TEAMS CUSTOM'!B22 -> 0.64583333 | C8: ='10U COED GOLD-16 TEAMS CUSTOM'!C22&"" -> WOOLLETT FAR LEFT | D8: ='10U COED GOLD-16 TEAMS CUSTOM'!D22&"" -> 10Cau11 | E8: ='10U COED GOLD-16 TEAMS CUSTOM'!E22&"" -> G1-LAMORINDA BLUE (A) (girls) | F8: ='10U COED GOLD-16 TEAMS CUSTOM'!F22&"" -> 17 | G8: ='10U COED GOLD-16 TEAMS CUSTOM'!G22&"" -> G3-680 RED (girls) | H8: ='10U COED GOLD-16 TEAMS CUSTOM'!H22&"" -> 3 | I8: ='10U COED GOLD-16 TEAMS CUSTOM'!I22&"" -> girls 1st-4th | J8: 10U GIRLS | L8: ='10U COED GOLD-16 TEAMS CUSTOM'!I53&"" -> 3rd | M8: ='10U COED GOLD-16 TEAMS CUSTOM'!J53&"" -> 680 RED (girls)
A9: ='10U COED GOLD-16 TEAMS CUSTOM'!A24 -> 46053 | B9: ='10U COED GOLD-16 TEAMS CUSTOM'!B24 -> 0.67708333 | C9: ='10U COED GOLD-16 TEAMS CUSTOM'!C24&"" -> WOOLLETT FAR LEFT | D9: ='10U COED GOLD-16 TEAMS CUSTOM'!D24&"" -> 10Cau12 | E9: ='10U COED GOLD-16 TEAMS CUSTOM'!E24&"" -> G2-DEL MAR BLUE (girls) | F9: ='10U COED GOLD-16 TEAMS CUSTOM'!F24&"" -> 17 | G9: ='10U COED GOLD-16 TEAMS CUSTOM'!G24&"" -> G4-SAN CLEMENTE RED (girls) | H9: ='10U COED GOLD-16 TEAMS CUSTOM'!H24&"" -> 4 | I9: ='10U COED GOLD-16 TEAMS CUSTOM'!I24&"" -> girls 1st-4th | J9: 10U GIRLS
A10: ='10U COED GOLD-16 TEAMS CUSTOM'!A29 -> 46054 | B10: ='10U COED GOLD-16 TEAMS CUSTOM'!B29 -> 0.33333333 | C10: ='10U COED GOLD-16 TEAMS CUSTOM'!C29&"" -> WOOLLETT FAR LEFT | D10: ='10U COED GOLD-16 TEAMS CUSTOM'!D29&"" -> 10Cau17 | E10: ='10U COED GOLD-16 TEAMS CUSTOM'!E29&"" -> G1-LAMORINDA BLUE (A) (girls) | F10: ='10U COED GOLD-16 TEAMS CUSTOM'!F29&"" -> 8 | G10: ='10U COED GOLD-16 TEAMS CUSTOM'!G29&"" -> G2-DEL MAR BLUE (girls) | H10: ='10U COED GOLD-16 TEAMS CUSTOM'!H29&"" -> 2 | I10: ='10U COED GOLD-16 TEAMS CUSTOM'!I29&"" -> girls 1st-4th | J10: 10U GIRLS
A11: ='10U COED GOLD-16 TEAMS CUSTOM'!A31 -> 46054 | B11: ='10U COED GOLD-16 TEAMS CUSTOM'!B31 -> 0.36458333 | C11: ='10U COED GOLD-16 TEAMS CUSTOM'!C31&"" -> WOOLLETT FAR LEFT | D11: ='10U COED GOLD-16 TEAMS CUSTOM'!D31&"" -> 10Cau18 | E11: ='10U COED GOLD-16 TEAMS CUSTOM'!E31&"" -> G3-680 RED (girls) | F11: ='10U COED GOLD-16 TEAMS CUSTOM'!F31&"" -> 11 | G11: ='10U COED GOLD-16 TEAMS CUSTOM'!G31&"" -> G4-SAN CLEMENTE RED (girls) | H11: ='10U COED GOLD-16 TEAMS CUSTOM'!H31&"" -> 8 | I11: ='10U COED GOLD-16 TEAMS CUSTOM'!I31&"" -> girls 1st-4th | J11: 10U GIRLS
J14: 2 sets medals here | L14: ='10U COED PLATINUM-8 TEAMS'!I32&"" -> 1st | M14: ='10U COED PLATINUM-8 TEAMS'!J32&"" -> NORTH IRVINE BLACK
A15: ='10U COED PLATINUM-8 TEAMS'!A29 -> 46054 | B15: ='10U COED PLATINUM-8 TEAMS'!B29 -> 0.64583333 | C15: ='10U COED PLATINUM-8 TEAMS'!C29&"" -> WOOLLETT FAR LEFT | D15: ='10U COED PLATINUM-8 TEAMS'!D29&"" -> 10Cpt15 | E15: ='10U COED PLATINUM-8 TEAMS'!E29&"" -> 2ndA-CHANNEL ISLANDS UNITED | F15: ='10U COED PLATINUM-8 TEAMS'!F29&"" -> 9 | G15: ='10U COED PLATINUM-8 TEAMS'!G29&"" -> 2ndB-CHULA VISTA PREMIER | H15: ='10U COED PLATINUM-8 TEAMS'!H29&"" -> 8 | I15: ='10U COED PLATINUM-8 TEAMS'!I29&"" -> 3rd | J15: ='10U COED PLATINUM-8 TEAMS'!J29&"" -> 10U_COED_PLATINUM | L15: ='10U COED PLATINUM-8 TEAMS'!I33&"" -> 2nd | M15: ='10U COED PLATINUM-8 TEAMS'!J33&"" -> ORANGE COUNTY WPC BLUE
A16: ='10U COED PLATINUM-8 TEAMS'!A30 -> 46054 | B16: ='10U COED PLATINUM-8 TEAMS'!B30 -> 0.67708333 | C16: ='10U COED PLATINUM-8 TEAMS'!C30&"" -> WOOLLETT FAR LEFT | D16: ='10U COED PLATINUM-8 TEAMS'!D30&"" -> 10Cpt16 | E16: ='10U COED PLATINUM-8 TEAMS'!E30&"" -> 1stA-NORTH IRVINE BLACK | F16: ='10U COED PLATINUM-8 TEAMS'!F30&"" -> 8 | G16: ='10U COED PLATINUM-8 TEAMS'!G30&"" -> 1stB-ORANGE COUNTY WPC BLUE | H16: ='10U COED PLATINUM-8 TEAMS'!H30&"" -> 4 | I16: ='10U COED PLATINUM-8 TEAMS'!I30&"" -> 1st | J16: ='10U COED PLATINUM-8 TEAMS'!J30&"" -> 10U_COED_PLATINUM | L16: ='10U COED PLATINUM-8 TEAMS'!I34&"" -> 3rd | M16: ='10U COED PLATINUM-8 TEAMS'!J34&"" -> CHANNEL ISLANDS UNITED
L19: ='10U BOYS-8 TEAMS'!I31&"" -> 1st | M19: ='10U BOYS-8 TEAMS'!J31&"" -> 680 RED
A20: ='10U BOYS-8 TEAMS'!A28 -> 46054 | B20: ='10U BOYS-8 TEAMS'!B28 -> 0.58333333 | C20: ='10U BOYS-8 TEAMS'!C28&"" -> WOOLLETT FAR LEFT | D20: ='10U BOYS-8 TEAMS'!D28&"" -> 10B15 | E20: ='10U BOYS-8 TEAMS'!E28&"" -> 2ndA-LAMORINDA BLUE (A) | F20: ='10U BOYS-8 TEAMS'!F28&"" -> 6 | G20: ='10U BOYS-8 TEAMS'!G28&"" -> 2ndB-SAN CLEMENTE RED | H20: ='10U BOYS-8 TEAMS'!H28&"" -> 14 | I20: ='10U BOYS-8 TEAMS'!I28&"" -> 3rd | J20: ='10U BOYS-8 TEAMS'!J28&"" -> 10U_BOYS | L20: ='10U BOYS-8 TEAMS'!I32&"" -> 2nd | M20: ='10U BOYS-8 TEAMS'!J32&"" -> CC UNITED BLACK
A21: ='10U BOYS-8 TEAMS'!A29 -> 46054 | B21: ='10U BOYS-8 TEAMS'!B29 -> 0.61458333 | C21: ='10U BOYS-8 TEAMS'!C29&"" -> WOOLLETT FAR LEFT | D21: ='10U BOYS-8 TEAMS'!D29&"" -> 10B16 | E21: ='10U BOYS-8 TEAMS'!E29&"" -> 1stA-680 RED | F21: ='10U BOYS-8 TEAMS'!F29&"" -> 6 | G21: ='10U BOYS-8 TEAMS'!G29&"" -> 1stB-CC UNITED BLACK | H21: ='10U BOYS-8 TEAMS'!H29&"" -> 3 | I21: ='10U BOYS-8 TEAMS'!I29&"" -> 1st | J21: ='10U BOYS-8 TEAMS'!J29&"" -> 10U_BOYS | L21: ='10U BOYS-8 TEAMS'!I33&"" -> 3rd | M21: ='10U BOYS-8 TEAMS'!J33&"" -> SAN CLEMENTE RED
L24: ='12U GIRLS PLATINUM-12 TEAMS'!I40&"" -> 1st | M24: ='12U GIRLS PLATINUM-12 TEAMS'!J40&"" -> 680 RED
A25: ='12U GIRLS PLATINUM-12 TEAMS'!A37 -> 46054 | B25: ='12U GIRLS PLATINUM-12 TEAMS'!B37 -> 0.63888889 | C25: ='12U GIRLS PLATINUM-12 TEAMS'!C37&"" -> WOOLLETT FAR RIGHT | D25: ='12U GIRLS PLATINUM-12 TEAMS'!D37&"" -> 12Gpt17 | E25: ='12U GIRLS PLATINUM-12 TEAMS'!E37&"" -> L#13-SHAQ | F25: ='12U GIRLS PLATINUM-12 TEAMS'!F37&"" -> 3 | G25: ='12U GIRLS PLATINUM-12 TEAMS'!G37&"" -> L#14-NEWPORT BEACH | H25: ='12U GIRLS PLATINUM-12 TEAMS'!H37&"" -> 2 | I25: ='12U GIRLS PLATINUM-12 TEAMS'!I37&"" -> 3rd | J25: ='12U GIRLS PLATINUM-12 TEAMS'!J37&"" -> 12U_GIRLS_PLATINUM | L25: ='12U GIRLS PLATINUM-12 TEAMS'!I41&"" -> 2nd | M25: ='12U GIRLS PLATINUM-12 TEAMS'!J41&"" -> BACK BAY NAVY
A26: ='12U GIRLS PLATINUM-12 TEAMS'!A38 -> 46054 | B26: ='12U GIRLS PLATINUM-12 TEAMS'!B38 -> 0.67361111 | C26: ='12U GIRLS PLATINUM-12 TEAMS'!C38&"" -> WOOLLETT FAR RIGHT | D26: ='12U GIRLS PLATINUM-12 TEAMS'!D38&"" -> 12Gpt18 | E26: ='12U GIRLS PLATINUM-12 TEAMS'!E38&"" -> W#13-BACK BAY NAVY | F26: ='12U GIRLS PLATINUM-12 TEAMS'!F38&"" -> 4 | G26: ='12U GIRLS PLATINUM-12 TEAMS'!G38&"" -> W#14-680 RED | H26: ='12U GIRLS PLATINUM-12 TEAMS'!H38&"" -> 13 | I26: ='12U GIRLS PLATINUM-12 TEAMS'!I38&"" -> 1st | J26: ='12U GIRLS PLATINUM-12 TEAMS'!J38&"" -> 12U_GIRLS_PLATINUM | L26: ='12U GIRLS PLATINUM-12 TEAMS'!I42&"" -> 3rd | M26: ='12U GIRLS PLATINUM-12 TEAMS'!J42&"" -> SHAQ
L29: ='12U BOYS GOLD-24 TEAMS'!I73&"" -> 1st | M29: ='12U BOYS GOLD-24 TEAMS'!J73&"" -> ORANGE COUNTY WPC BLUE
A30: ='12U BOYS GOLD-24 TEAMS'!A67 -> 46054 | B30: ='12U BOYS GOLD-24 TEAMS'!B67 -> 0.67361111 | C30: ='12U BOYS GOLD-24 TEAMS'!C67&"" -> BECKMAN HS 1 | D30: ='12U BOYS GOLD-24 TEAMS'!D67&"" -> 12Bau25 | E30: ='12U BOYS GOLD-24 TEAMS'!E67&"" -> L#24-SAN CLEMENTE BLACK | F30: ='12U BOYS GOLD-24 TEAMS'!F67&"" -> 8 | G30: ='12U BOYS GOLD-24 TEAMS'!G67&"" -> L#24A-680 BLUE | H30: ='12U BOYS GOLD-24 TEAMS'!H67&"" -> 6 | I30: ='12U BOYS GOLD-24 TEAMS'!I67&"" -> 3rd | J30: ='12U BOYS GOLD-24 TEAMS'!J67&"" -> 12U_BOYS_GOLD | L30: ='12U BOYS GOLD-24 TEAMS'!I74&"" -> 2nd | M30: ='12U BOYS GOLD-24 TEAMS'!J74&"" -> FOOTHILL RED
A31: ='12U BOYS GOLD-24 TEAMS'!A68 -> 46054 | B31: ='12U BOYS GOLD-24 TEAMS'!B68 -> 0.70833333 | C31: ='12U BOYS GOLD-24 TEAMS'!C68&"" -> BECKMAN HS 1 | D31: ='12U BOYS GOLD-24 TEAMS'!D68&"" -> 12Bau26 | E31: ='12U BOYS GOLD-24 TEAMS'!E68&"" -> W#24-ORANGE COUNTY WPC BLUE | F31: ='12U BOYS GOLD-24 TEAMS'!F68&"" -> 19 | G31: ='12U BOYS GOLD-24 TEAMS'!G68&"" -> W#24A-FOOTHILL RED | H31: ='12U BOYS GOLD-24 TEAMS'!H68&"" -> 5 | I31: ='12U BOYS GOLD-24 TEAMS'!I68&"" -> 1st | J31: ='12U BOYS GOLD-24 TEAMS'!J68&"" -> 12U_BOYS_GOLD | L31: ='12U BOYS GOLD-24 TEAMS'!I75&"" -> 3rd | M31: ='12U BOYS GOLD-24 TEAMS'!J75&"" -> SAN CLEMENTE BLACK
L34: ='12U BOYS PLATINUM-10 TEAMS'!I37&"" -> 1st | M34: ='12U BOYS PLATINUM-10 TEAMS'!J37&"" -> MISSION WPC A
A35: ='12U BOYS PLATINUM-10 TEAMS'!A32 -> 46054 | B35: ='12U BOYS PLATINUM-10 TEAMS'!B32 -> 0.53472222 | C35: ='12U BOYS PLATINUM-10 TEAMS'!C32&"" -> BECKMAN HS 1 | D35: ='12U BOYS PLATINUM-10 TEAMS'!D32&"" -> 12Bpt20 | E35: ='12U BOYS PLATINUM-10 TEAMS'!E32&"" -> L#15-ORWP A | F35: ='12U BOYS PLATINUM-10 TEAMS'!F32&"" -> 4 | G35: ='12U BOYS PLATINUM-10 TEAMS'!G32&"" -> L#16-CC UNITED BLACK | H35: ='12U BOYS PLATINUM-10 TEAMS'!H32&"" -> 16 | I35: ='12U BOYS PLATINUM-10 TEAMS'!I32&"" -> 3rd | J35: ='12U BOYS PLATINUM-10 TEAMS'!J32&"" -> 12U_BOYS_PLATINUM | L35: ='12U BOYS PLATINUM-10 TEAMS'!I38&"" -> 2nd | M35: ='12U BOYS PLATINUM-10 TEAMS'!J38&"" -> STANFORD RED
A36: ='12U BOYS PLATINUM-10 TEAMS'!A33 -> 46054 | B36: ='12U BOYS PLATINUM-10 TEAMS'!B33 -> 0.56944444 | C36: ='12U BOYS PLATINUM-10 TEAMS'!C33&"" -> BECKMAN HS 1 | D36: ='12U BOYS PLATINUM-10 TEAMS'!D33&"" -> 12Bpt21 | E36: ='12U BOYS PLATINUM-10 TEAMS'!E33&"" -> W#15-MISSION WPC A | F36: ='12U BOYS PLATINUM-10 TEAMS'!F33&"" -> 18 | G36: ='12U BOYS PLATINUM-10 TEAMS'!G33&"" -> W#16-STANFORD RED | H36: ='12U BOYS PLATINUM-10 TEAMS'!H33&"" -> 4 | I36: ='12U BOYS PLATINUM-10 TEAMS'!I33&"" -> 1st | J36: ='12U BOYS PLATINUM-10 TEAMS'!J33&"" -> 12U_BOYS_PLATINUM | L36: ='12U BOYS PLATINUM-10 TEAMS'!I39&"" -> 3rd | M36: ='12U BOYS PLATINUM-10 TEAMS'!J39&"" -> CC UNITED BLACK
L39: ='12U COED-7 TEAMS'!I33&"" -> 1st | M39: ='12U COED-7 TEAMS'!J33&"" -> YOLO BLACK
A40: ='12U COED-7 TEAMS'!A31 -> 46054 | B40: ='12U COED-7 TEAMS'!B31 -> 0.74305556 | C40: ='12U COED-7 TEAMS'!C31&"" -> WOOLLETT FAR RIGHT | D40: ='12U COED-7 TEAMS'!D31&"" -> 12C14 | E40: ='12U COED-7 TEAMS'!E31&"" -> L#11-LA CITY UNITED | F40: ='12U COED-7 TEAMS'!F31&"" -> 15 | G40: ='12U COED-7 TEAMS'!G31&"" -> L#12-PALOS VERDES | H40: ='12U COED-7 TEAMS'!H31&"" -> 8 | I40: ='12U COED-7 TEAMS'!I31&"" -> 3rd | J40: ='12U COED-7 TEAMS'!J31&"" -> 12U_COED | L40: ='12U COED-7 TEAMS'!I34&"" -> 2nd | M40: ='12U COED-7 TEAMS'!J34&"" -> SET
A41: ='12U COED-7 TEAMS'!A30 -> 46054 | B41: ='12U COED-7 TEAMS'!B30 -> 0.70833333 | C41: ='12U COED-7 TEAMS'!C30&"" -> WOOLLETT FAR RIGHT | D41: ='12U COED-7 TEAMS'!D30&"" -> 12C15 | E41: ='12U COED-7 TEAMS'!E30&"" -> W#11-SET | F41: ='12U COED-7 TEAMS'!F30&"" -> 7 | G41: ='12U COED-7 TEAMS'!G30&"" -> W#12-YOLO BLACK | H41: ='12U COED-7 TEAMS'!H30&"" -> 21 | I41: ='12U COED-7 TEAMS'!I30&"" -> 1st | J41: ='12U COED-7 TEAMS'!J30&"" -> 12U_COED | L41: ='12U COED-7 TEAMS'!I35&"" -> 3rd | M41: ='12U COED-7 TEAMS'!J35&"" -> LA CITY UNITED
L44: ='14U GIRLS GOLD-14 TEAMS'!I43&"" -> 1st | M44: ='14U GIRLS GOLD-14 TEAMS'!J43&"" -> GOLD COAST
A45: ='14U GIRLS GOLD-14 TEAMS'!A39 -> 46054 | B45: ='14U GIRLS GOLD-14 TEAMS'!B39 -> 0.63888889 | C45: ='14U GIRLS GOLD-14 TEAMS'!C39&"" -> SAN CLEMENTE HS | D45: ='14U GIRLS GOLD-14 TEAMS'!D39&"" -> 14Gau21 | E45: ='14U GIRLS GOLD-14 TEAMS'!E39&"" -> L#15-NORTH IRVINE | F45: ='14U GIRLS GOLD-14 TEAMS'!F39&"" -> 9 | G45: ='14U GIRLS GOLD-14 TEAMS'!G39&"" -> L#17-ROGUE 619 | H45: ='14U GIRLS GOLD-14 TEAMS'!H39&"" -> 18 | I45: ='14U GIRLS GOLD-14 TEAMS'!I39&"" -> 3rd | J45: ='14U GIRLS GOLD-14 TEAMS'!J39&"" -> 14U_GIRLS_GOLD | L45: ='14U GIRLS GOLD-14 TEAMS'!I44&"" -> 2nd | M45: ='14U GIRLS GOLD-14 TEAMS'!J44&"" -> PASADENA AC
A46: ='14U GIRLS GOLD-14 TEAMS'!A40 -> 46054 | B46: ='14U GIRLS GOLD-14 TEAMS'!B40 -> 0.67361111 | C46: ='14U GIRLS GOLD-14 TEAMS'!C40&"" -> SAN CLEMENTE HS | D46: ='14U GIRLS GOLD-14 TEAMS'!D40&"" -> 14Gau22 | E46: ='14U GIRLS GOLD-14 TEAMS'!E40&"" -> W#15-PASADENA AC | F46: ='14U GIRLS GOLD-14 TEAMS'!F40&"" -> 9 | G46: ='14U GIRLS GOLD-14 TEAMS'!G40&"" -> W#17-GOLD COAST | H46: ='14U GIRLS GOLD-14 TEAMS'!H40&"" -> 16 | I46: ='14U GIRLS GOLD-14 TEAMS'!I40&"" -> 1st | J46: ='14U GIRLS GOLD-14 TEAMS'!J40&"" -> 14U_GIRLS_GOLD | L46: ='14U GIRLS GOLD-14 TEAMS'!I45&"" -> 3rd | M46: ='14U GIRLS GOLD-14 TEAMS'!J45&"" -> ROGUE 619
L49: ='14U GIRLS PLATINUM-10 TEAMS'!I36&"" -> 1st | M49: ='14U GIRLS PLATINUM-10 TEAMS'!J36&"" -> SANTA CRUZ BLACK
A50: ='14U GIRLS PLATINUM-10 TEAMS'!A31 -> 46054 | B50: ='14U GIRLS PLATINUM-10 TEAMS'!B31 -> 0.56944444 | C50: ='14U GIRLS PLATINUM-10 TEAMS'!C31&"" -> ALISO NIGUEL HS | D50: ='14U GIRLS PLATINUM-10 TEAMS'!D31&"" -> 14Gpt20 | E50: ='14U GIRLS PLATINUM-10 TEAMS'!E31&"" -> L#15-SOUTH COAST RED (A) | F50: ='14U GIRLS PLATINUM-10 TEAMS'!F31&"" -> 6.2 | G50: ='14U GIRLS PLATINUM-10 TEAMS'!G31&"" -> L#16-PATRIOT RED | H50: ='14U GIRLS PLATINUM-10 TEAMS'!H31&"" -> 6.1 | I50: ='14U GIRLS PLATINUM-10 TEAMS'!I31&"" -> 3rd | J50: ='14U GIRLS PLATINUM-10 TEAMS'!J31&"" -> 14U_GIRLS_PLATINUM | L50: ='14U GIRLS PLATINUM-10 TEAMS'!I37&"" -> 2nd | M50: ='14U GIRLS PLATINUM-10 TEAMS'!J37&"" -> CDM PINK
A51: ='14U GIRLS PLATINUM-10 TEAMS'!A32 -> 46054 | B51: ='14U GIRLS PLATINUM-10 TEAMS'!B32 -> 0.60416667 | C51: ='14U GIRLS PLATINUM-10 TEAMS'!C32&"" -> ALISO NIGUEL HS | D51: ='14U GIRLS PLATINUM-10 TEAMS'!D32&"" -> 14Gpt21 | E51: ='14U GIRLS PLATINUM-10 TEAMS'!E32&"" -> W#15-CDM PINK | F51: ='14U GIRLS PLATINUM-10 TEAMS'!F32&"" -> 5 | G51: ='14U GIRLS PLATINUM-10 TEAMS'!G32&"" -> W#16-SANTA CRUZ BLACK | H51: ='14U GIRLS PLATINUM-10 TEAMS'!H32&"" -> 6 | I51: ='14U GIRLS PLATINUM-10 TEAMS'!I32&"" -> 1st | J51: ='14U GIRLS PLATINUM-10 TEAMS'!J32&"" -> 14U_GIRLS_PLATINUM | L51: ='14U GIRLS PLATINUM-10 TEAMS'!I38&"" -> 3rd | M51: ='14U GIRLS PLATINUM-10 TEAMS'!J38&"" -> SOUTH COAST RED (A)
L54: ='14U BOYS SILVER-18 TEAMS'!I68&"" -> 1st | M54: ='14U BOYS SILVER-18 TEAMS'!J68&"" -> POWAY VALLEY BLACK
A55: ='14U BOYS SILVER-18 TEAMS'!A53 -> 46054 | B55: ='14U BOYS SILVER-18 TEAMS'!B53 -> 0.63888889 | C55: ='14U BOYS SILVER-18 TEAMS'!C53&"" -> COSTA MESA HS 1 | D55: ='14U BOYS SILVER-18 TEAMS'!D53&"" -> 14Bag37 | E55: ='14U BOYS SILVER-18 TEAMS'!E53&"" -> 2ndG-PASADENA AC | F55: ='14U BOYS SILVER-18 TEAMS'!F53&"" -> 15 | G55: ='14U BOYS SILVER-18 TEAMS'!G53&"" -> 2ndH-SAND CANYON | H55: ='14U BOYS SILVER-18 TEAMS'!H53&"" -> 14 | I55: ='14U BOYS SILVER-18 TEAMS'!I53&"" -> overall 3rd | J55: ='14U BOYS SILVER-18 TEAMS'!J53&"" -> 14U_BOYS_SILVER | L55: ='14U BOYS SILVER-18 TEAMS'!I69&"" -> 2nd | M55: ='14U BOYS SILVER-18 TEAMS'!J69&"" -> GOLD COAST
A56: ='14U BOYS SILVER-18 TEAMS'!A54 -> 46054 | B56: ='14U BOYS SILVER-18 TEAMS'!B54 -> 0.67361111 | C56: ='14U BOYS SILVER-18 TEAMS'!C54&"" -> COSTA MESA HS 1 | D56: ='14U BOYS SILVER-18 TEAMS'!D54&"" -> 14Bag38 | E56: ='14U BOYS SILVER-18 TEAMS'!E54&"" -> 1stG-POWAY VALLEY BLACK | F56: ='14U BOYS SILVER-18 TEAMS'!F54&"" -> 11 | G56: ='14U BOYS SILVER-18 TEAMS'!G54&"" -> 1stH-GOLD COAST | H56: ='14U BOYS SILVER-18 TEAMS'!H54&"" -> 6 | I56: ='14U BOYS SILVER-18 TEAMS'!I54&"" -> overall 1st | J56: ='14U BOYS SILVER-18 TEAMS'!J54&"" -> 14U_BOYS_SILVER | L56: ='14U BOYS SILVER-18 TEAMS'!I70&"" -> 3rd | M56: ='14U BOYS SILVER-18 TEAMS'!J70&"" -> PASADENA AC
L59: ='14U BOYS GOLD-26 TEAMS'!I89&"" -> 1st | M59: ='14U BOYS GOLD-26 TEAMS'!J89&"" -> MISSION WPC B
A60: ='14U BOYS GOLD-26 TEAMS'!A64 -> 46054 | B60: ='14U BOYS GOLD-26 TEAMS'!B64 -> 0.60416667 | C60: ='14U BOYS GOLD-26 TEAMS'!C64&"" -> ESTANCIA HS 2 | D60: ='14U BOYS GOLD-26 TEAMS'!D64&"" -> 14Bau35 | E60: ='14U BOYS GOLD-26 TEAMS'!E64&"" -> Q1(2ndJ)-NORTHWEST | F60: ='14U BOYS GOLD-26 TEAMS'!F64&"" -> 13 | G60: ='14U BOYS GOLD-26 TEAMS'!G64&"" -> Q2(2ndK)-VANGUARD SILVER | H60: ='14U BOYS GOLD-26 TEAMS'!H64&"" -> 14 | I60: ='14U BOYS GOLD-26 TEAMS'!I64&"" -> overall 3rd | J60: ='14U BOYS GOLD-26 TEAMS'!J64&"" -> 14U_BOYS_GOLD | L60: ='14U BOYS GOLD-26 TEAMS'!I90&"" -> 2nd | M60: ='14U BOYS GOLD-26 TEAMS'!J90&"" -> SHORE AQUATICS
A61: ='14U BOYS GOLD-26 TEAMS'!A65 -> 46054 | B61: ='14U BOYS GOLD-26 TEAMS'!B65 -> 0.63888889 | C61: ='14U BOYS GOLD-26 TEAMS'!C65&"" -> ESTANCIA HS 2 | D61: ='14U BOYS GOLD-26 TEAMS'!D65&"" -> 14Bau36 | E61: ='14U BOYS GOLD-26 TEAMS'!E65&"" -> R1(1stJ)-SHORE AQUATICS | F61: ='14U BOYS GOLD-26 TEAMS'!F65&"" -> 6 | G61: ='14U BOYS GOLD-26 TEAMS'!G65&"" -> R2(1stK)-MISSION WPC B | H61: ='14U BOYS GOLD-26 TEAMS'!H65&"" -> 7 | I61: ='14U BOYS GOLD-26 TEAMS'!I65&"" -> overall 1st | J61: ='14U BOYS GOLD-26 TEAMS'!J65&"" -> 14U_BOYS_GOLD | L61: ='14U BOYS GOLD-26 TEAMS'!I91&"" -> 3rd | M61: ='14U BOYS GOLD-26 TEAMS'!J91&"" -> VANGUARD SILVER
L64: ='14U BOYS PLATINUM-20 TEAMS'!I73&"" -> 1st | M64: ='14U BOYS PLATINUM-20 TEAMS'!J73&"" -> LA JOLLA UNITED NAVY
A65: ='14U BOYS PLATINUM-20 TEAMS'!A58 -> 46054 | B65: ='14U BOYS PLATINUM-20 TEAMS'!B58 -> 0.67361111 | C65: ='14U BOYS PLATINUM-20 TEAMS'!C58&"" -> EL TORO HS 1 | D65: ='14U BOYS PLATINUM-20 TEAMS'!D58&"" -> 14Bpt31 | E65: ='14U BOYS PLATINUM-20 TEAMS'!E58&"" -> 2ndG-VANGUARD BLUE | F65: ='14U BOYS PLATINUM-20 TEAMS'!F58&"" -> 8 | G65: ='14U BOYS PLATINUM-20 TEAMS'!G58&"" -> 2ndJ-PATRIOT NAVY | H65: ='14U BOYS PLATINUM-20 TEAMS'!H58&"" -> 13 | I65: ='14U BOYS PLATINUM-20 TEAMS'!I58&"" -> 3rd | J65: ='14U BOYS PLATINUM-20 TEAMS'!J58&"" -> 14U_BOYS_PLATINUM | L65: ='14U BOYS PLATINUM-20 TEAMS'!I74&"" -> 2nd | M65: ='14U BOYS PLATINUM-20 TEAMS'!J74&"" -> MISSION WPC A
A66: ='14U BOYS PLATINUM-20 TEAMS'!A59 -> 46054 | B66: ='14U BOYS PLATINUM-20 TEAMS'!B59 -> 0.70833333 | C66: ='14U BOYS PLATINUM-20 TEAMS'!C59&"" -> EL TORO HS 1 | D66: ='14U BOYS PLATINUM-20 TEAMS'!D59&"" -> 14Bpt32 | E66: ='14U BOYS PLATINUM-20 TEAMS'!E59&"" -> 1stG-MISSION WPC A | F66: ='14U BOYS PLATINUM-20 TEAMS'!F59&"" -> 8 | G66: ='14U BOYS PLATINUM-20 TEAMS'!G59&"" -> 1stJ-LA JOLLA UNITED NAVY | H66: ='14U BOYS PLATINUM-20 TEAMS'!H59&"" -> 12 | I66: ='14U BOYS PLATINUM-20 TEAMS'!I59&"" -> 1st | J66: ='14U BOYS PLATINUM-20 TEAMS'!J59&"" -> 14U_BOYS_PLATINUM | L66: ='14U BOYS PLATINUM-20 TEAMS'!I75&"" -> 3rd | M66: ='14U BOYS PLATINUM-20 TEAMS'!J75&"" -> PATRIOT NAVY
L69: ='16U BOYS SILVER-20 TEAMS'!I73&"" -> 1st | M69: ='16U BOYS SILVER-20 TEAMS'!J73&"" -> LA JOLLA UNITED WHITE
A70: ='16U BOYS SILVER-20 TEAMS'!A60 -> 46054 | B70: ='16U BOYS SILVER-20 TEAMS'!B60 -> 0.66666667 | C70: ='16U BOYS SILVER-20 TEAMS'!C60&"" -> SONORA HS | D70: ='16U BOYS SILVER-20 TEAMS'!D60&"" -> 16Bag31 | E70: ='16U BOYS SILVER-20 TEAMS'!E60&"" -> 2ndG-SANTA CRUZ | F70: ='16U BOYS SILVER-20 TEAMS'!F60&"" -> 5 | G70: ='16U BOYS SILVER-20 TEAMS'!G60&"" -> 2ndJ-CC UNITED WHITE | H70: ='16U BOYS SILVER-20 TEAMS'!H60&"" -> 4 | I70: ='16U BOYS SILVER-20 TEAMS'!I60&"" -> 3rd | J70: ='16U BOYS SILVER-20 TEAMS'!J60&"" -> 16U_BOYS_SILVER | L70: ='16U BOYS SILVER-20 TEAMS'!I74&"" -> 2nd | M70: ='16U BOYS SILVER-20 TEAMS'!J74&"" -> LAMORINDA B
A71: ='16U BOYS SILVER-20 TEAMS'!A61 -> 46054 | B71: ='16U BOYS SILVER-20 TEAMS'!B61 -> 0.70833333 | C71: ='16U BOYS SILVER-20 TEAMS'!C61&"" -> SONORA HS | D71: ='16U BOYS SILVER-20 TEAMS'!D61&"" -> 16Bag32 | E71: ='16U BOYS SILVER-20 TEAMS'!E61&"" -> 1stG-LAMORINDA B | F71: ='16U BOYS SILVER-20 TEAMS'!F61&"" -> 12 | G71: ='16U BOYS SILVER-20 TEAMS'!G61&"" -> 1stJ-LA JOLLA UNITED WHITE | H71: ='16U BOYS SILVER-20 TEAMS'!H61&"" -> 15 | I71: ='16U BOYS SILVER-20 TEAMS'!I61&"" -> 1st | J71: ='16U BOYS SILVER-20 TEAMS'!J61&"" -> 16U_BOYS_SILVER | L71: ='16U BOYS SILVER-20 TEAMS'!I75&"" -> 3rd | M71: ='16U BOYS SILVER-20 TEAMS'!J75&"" -> SANTA CRUZ
L74: ='16U BOYS GOLD-19 TEAMS'!I71&"" -> 1st | M74: ='16U BOYS GOLD-19 TEAMS'!J71&"" -> LA JOLLA UNITED GOLD
A75: ='16U BOYS GOLD-19 TEAMS'!A57 -> 46054 | B75: ='16U BOYS GOLD-19 TEAMS'!B57 -> 0.66666667 | C75: ='16U BOYS GOLD-19 TEAMS'!C57&"" -> SAN JUAN HILLS HS | D75: ='16U BOYS GOLD-19 TEAMS'!D57&"" -> 16Bau29 | E75: ='16U BOYS GOLD-19 TEAMS'!E57&"" -> N1(2ndG)-SAN JOSE EXPRESS BLUE | F75: ='16U BOYS GOLD-19 TEAMS'!F57&"" -> 8 | G75: ='16U BOYS GOLD-19 TEAMS'!G57&"" -> N2(2ndH)-CT PREMIER | H75: ='16U BOYS GOLD-19 TEAMS'!H57&"" -> 10 | I75: ='16U BOYS GOLD-19 TEAMS'!I57&"" -> 3rd 2ndG/2ndH | J75: ='16U BOYS GOLD-19 TEAMS'!J57&"" -> 16U_BOYS_GOLD | L75: ='16U BOYS GOLD-19 TEAMS'!I72&"" -> 2nd | M75: ='16U BOYS GOLD-19 TEAMS'!J72&"" -> SOUTH COAST WHITE (B)
A76: ='16U BOYS GOLD-19 TEAMS'!A58 -> 46054 | B76: ='16U BOYS GOLD-19 TEAMS'!B58 -> 0.70833333 | C76: ='16U BOYS GOLD-19 TEAMS'!C58&"" -> SAN JUAN HILLS HS | D76: ='16U BOYS GOLD-19 TEAMS'!D58&"" -> 16Bau30 | E76: ='16U BOYS GOLD-19 TEAMS'!E58&"" -> O1(1stG)-SOUTH COAST WHITE (B) | F76: ='16U BOYS GOLD-19 TEAMS'!F58&"" -> 4 | G76: ='16U BOYS GOLD-19 TEAMS'!G58&"" -> O2(1stH)-LA JOLLA UNITED GOLD | H76: ='16U BOYS GOLD-19 TEAMS'!H58&"" -> 10 | I76: ='16U BOYS GOLD-19 TEAMS'!I58&"" -> 1st 1stG/1stH | J76: ='16U BOYS GOLD-19 TEAMS'!J58&"" -> 16U_BOYS_GOLD | L76: ='16U BOYS GOLD-19 TEAMS'!I73&"" -> 3rd | M76: ='16U BOYS GOLD-19 TEAMS'!J73&"" -> CT PREMIER
L79: ='16U BOYS PLATINUM-18 TEAMS'!I67&"" -> 1st | M79: ='16U BOYS PLATINUM-18 TEAMS'!J67&"" -> CC UNITED BLACK
A80: ='16U BOYS PLATINUM-18 TEAMS'!A53 -> 46054 | B80: ='16U BOYS PLATINUM-18 TEAMS'!B53 -> 0.66666667 | C80: ='16U BOYS PLATINUM-18 TEAMS'!C53&"" -> WOOLLETT NEAR RIGHT | D80: ='16U BOYS PLATINUM-18 TEAMS'!D53&"" -> 16Bpt37 | E80: ='16U BOYS PLATINUM-18 TEAMS'!E53&"" -> 2ndG-IMPERIAL WPC | F80: ='16U BOYS PLATINUM-18 TEAMS'!F53&"" -> 13 | G80: ='16U BOYS PLATINUM-18 TEAMS'!G53&"" -> 2ndH-LAMORINDA A | H80: ='16U BOYS PLATINUM-18 TEAMS'!H53&"" -> 10 | I80: ='16U BOYS PLATINUM-18 TEAMS'!I53&"" -> overall 3rd | J80: ='16U BOYS PLATINUM-18 TEAMS'!J53&"" -> 16U_BOYS_PLATINUM | L80: ='16U BOYS PLATINUM-18 TEAMS'!I68&"" -> 2nd | M80: ='16U BOYS PLATINUM-18 TEAMS'!J68&"" -> CHANNEL ISLANDS UNITED GOLD
A81: ='16U BOYS PLATINUM-18 TEAMS'!A54 -> 46054 | B81: ='16U BOYS PLATINUM-18 TEAMS'!B54 -> 0.70833333 | C81: ='16U BOYS PLATINUM-18 TEAMS'!C54&"" -> WOOLLETT NEAR RIGHT | D81: ='16U BOYS PLATINUM-18 TEAMS'!D54&"" -> 16Bpt38 | E81: ='16U BOYS PLATINUM-18 TEAMS'!E54&"" -> 1stG-CC UNITED BLACK | F81: ='16U BOYS PLATINUM-18 TEAMS'!F54&"" -> 11 | G81: ='16U BOYS PLATINUM-18 TEAMS'!G54&"" -> 1stH-CHANNEL ISLANDS UNITED GOLD | H81: ='16U BOYS PLATINUM-18 TEAMS'!H54&"" -> 8 | I81: ='16U BOYS PLATINUM-18 TEAMS'!I54&"" -> overall 1st | J81: ='16U BOYS PLATINUM-18 TEAMS'!J54&"" -> 16U_BOYS_PLATINUM | L81: ='16U BOYS PLATINUM-18 TEAMS'!I69&"" -> 3rd | M81: ='16U BOYS PLATINUM-18 TEAMS'!J69&"" -> IMPERIAL WPC
L84: ='19U BOYS SILVER-6 TEAMS CUST'!I28&"" -> 1st | M84: ='19U BOYS SILVER-6 TEAMS CUST'!J28&"" -> SD ECA
A85: ='19U BOYS SILVER-6 TEAMS CUST'!A10 -> 46053 | B85: ='19U BOYS SILVER-6 TEAMS CUST'!B10 -> 0.52083333 | C85: ='19U BOYS SILVER-6 TEAMS CUST'!C10&"" -> SADDLEBACK COLLEGE | D85: ='19U BOYS SILVER-6 TEAMS CUST'!D10&"" -> 19Bag01 | E85: ='19U BOYS SILVER-6 TEAMS CUST'!E10&"" -> A1-SHORE AQUATICS | F85: ='19U BOYS SILVER-6 TEAMS CUST'!F10&"" -> 9 | G85: ='19U BOYS SILVER-6 TEAMS CUST'!G10&"" -> A3-SD ECA | H85: ='19U BOYS SILVER-6 TEAMS CUST'!H10&"" -> 11 | I85: ='19U BOYS SILVER-6 TEAMS CUST'!I10&"" -> A bracket A1,A3 | J85: ='19U BOYS SILVER-6 TEAMS CUST'!J10&"" -> 19U_BOYS_SILVER | L85: ='19U BOYS SILVER-6 TEAMS CUST'!I29&"" -> 2nd | M85: ='19U BOYS SILVER-6 TEAMS CUST'!J29&"" -> CHARGERS WHITE
A86: ='19U BOYS SILVER-6 TEAMS CUST'!A11 -> 46053 | B86: ='19U BOYS SILVER-6 TEAMS CUST'!B11 -> 0.5625 | C86: ='19U BOYS SILVER-6 TEAMS CUST'!C11&"" -> SADDLEBACK COLLEGE | D86: ='19U BOYS SILVER-6 TEAMS CUST'!D11&"" -> 19Bag02 | E86: ='19U BOYS SILVER-6 TEAMS CUST'!E11&"" -> B1-CHARGERS WHITE | F86: ='19U BOYS SILVER-6 TEAMS CUST'!F11&"" -> 9 | G86: ='19U BOYS SILVER-6 TEAMS CUST'!G11&"" -> B3-OHANA | H86: ='19U BOYS SILVER-6 TEAMS CUST'!H11&"" -> 6 | I86: ='19U BOYS SILVER-6 TEAMS CUST'!I11&"" -> B bracket B1,B3 | J86: ='19U BOYS SILVER-6 TEAMS CUST'!J11&"" -> 19U_BOYS_SILVER | L86: ='19U BOYS SILVER-6 TEAMS CUST'!I30&"" -> 3rd | M86: ='19U BOYS SILVER-6 TEAMS CUST'!J30&"" -> OHANA
A87: ='19U BOYS SILVER-6 TEAMS CUST'!A12 -> 46053 | B87: ='19U BOYS SILVER-6 TEAMS CUST'!B12 -> 0.60416667 | C87: ='19U BOYS SILVER-6 TEAMS CUST'!C12&"" -> SADDLEBACK COLLEGE | D87: ='19U BOYS SILVER-6 TEAMS CUST'!D12&"" -> 19Bag03 | E87: ='19U BOYS SILVER-6 TEAMS CUST'!E12&"" -> A2-OPA | F87: ='19U BOYS SILVER-6 TEAMS CUST'!F12&"" -> 6 | G87: ='19U BOYS SILVER-6 TEAMS CUST'!G12&"" -> A3-SD ECA | H87: ='19U BOYS SILVER-6 TEAMS CUST'!H12&"" -> 14 | I87: ='19U BOYS SILVER-6 TEAMS CUST'!I12&"" -> A bracket A2,A3 | J87: ='19U BOYS SILVER-6 TEAMS CUST'!J12&"" -> 19U_BOYS_SILVER
A88: ='19U BOYS SILVER-6 TEAMS CUST'!A13 -> 46053 | B88: ='19U BOYS SILVER-6 TEAMS CUST'!B13 -> 0.64583333 | C88: ='19U BOYS SILVER-6 TEAMS CUST'!C13&"" -> SADDLEBACK COLLEGE | D88: ='19U BOYS SILVER-6 TEAMS CUST'!D13&"" -> 19Bag04 | E88: ='19U BOYS SILVER-6 TEAMS CUST'!E13&"" -> B1-CHARGERS WHITE | F88: ='19U BOYS SILVER-6 TEAMS CUST'!F13&"" -> 10 | G88: ='19U BOYS SILVER-6 TEAMS CUST'!G13&"" -> B2-SAN JOSE EXPRESS GOLD | H88: ='19U BOYS SILVER-6 TEAMS CUST'!H13&"" -> 8 | I88: ='19U BOYS SILVER-6 TEAMS CUST'!I13&"" -> B bracket B1,B2 | J88: ='19U BOYS SILVER-6 TEAMS CUST'!J13&"" -> 19U_BOYS_SILVER
A89: ='19U BOYS SILVER-6 TEAMS CUST'!A14 -> 46053 | B89: ='19U BOYS SILVER-6 TEAMS CUST'!B14 -> 0.6875 | C89: ='19U BOYS SILVER-6 TEAMS CUST'!C14&"" -> SADDLEBACK COLLEGE | D89: ='19U BOYS SILVER-6 TEAMS CUST'!D14&"" -> 19Bag05 | E89: ='19U BOYS SILVER-6 TEAMS CUST'!E14&"" -> A1-SHORE AQUATICS | F89: ='19U BOYS SILVER-6 TEAMS CUST'!F14&"" -> 10 | G89: ='19U BOYS SILVER-6 TEAMS CUST'!G14&"" -> A2-OPA | H89: ='19U BOYS SILVER-6 TEAMS CUST'!H14&"" -> 8 | I89: ='19U BOYS SILVER-6 TEAMS CUST'!I14&"" -> A bracket A1,A2 | J89: ='19U BOYS SILVER-6 TEAMS CUST'!J14&"" -> 19U_BOYS_SILVER
A90: ='19U BOYS SILVER-6 TEAMS CUST'!A15 -> 46053 | B90: ='19U BOYS SILVER-6 TEAMS CUST'!B15 -> 0.72916667 | C90: ='19U BOYS SILVER-6 TEAMS CUST'!C15&"" -> SADDLEBACK COLLEGE | D90: ='19U BOYS SILVER-6 TEAMS CUST'!D15&"" -> 19Bag06 | E90: ='19U BOYS SILVER-6 TEAMS CUST'!E15&"" -> B2-SAN JOSE EXPRESS GOLD | F90: ='19U BOYS SILVER-6 TEAMS CUST'!F15&"" -> 5 | G90: ='19U BOYS SILVER-6 TEAMS CUST'!G15&"" -> B3-OHANA | H90: ='19U BOYS SILVER-6 TEAMS CUST'!H15&"" -> 15 | I90: ='19U BOYS SILVER-6 TEAMS CUST'!I15&"" -> B bracket B2,B3 | J90: ='19U BOYS SILVER-6 TEAMS CUST'!J15&"" -> 19U_BOYS_SILVER
A91: ='19U BOYS SILVER-6 TEAMS CUST'!A19 -> 46054 | B91: ='19U BOYS SILVER-6 TEAMS CUST'!B19 -> 0.33333333 | C91: ='19U BOYS SILVER-6 TEAMS CUST'!C19&"" -> ESTANCIA HS 1 | D91: ='19U BOYS SILVER-6 TEAMS CUST'!D19&"" -> 19Bag07 | E91: ='19U BOYS SILVER-6 TEAMS CUST'!E19&"" -> A1-SHORE AQUATICS | F91: ='19U BOYS SILVER-6 TEAMS CUST'!F19&"" -> 7 | G91: ='19U BOYS SILVER-6 TEAMS CUST'!G19&"" -> B2-SAN JOSE EXPRESS GOLD | H91: ='19U BOYS SILVER-6 TEAMS CUST'!H19&"" -> 8 | I91: ='19U BOYS SILVER-6 TEAMS CUST'!I19&"" -> A1,B2 | J91: ='19U BOYS SILVER-6 TEAMS CUST'!J19&"" -> 19U_BOYS_SILVER
A92: ='19U BOYS SILVER-6 TEAMS CUST'!A20 -> 46054 | B92: ='19U BOYS SILVER-6 TEAMS CUST'!B20 -> 0.375 | C92: ='19U BOYS SILVER-6 TEAMS CUST'!C20&"" -> ESTANCIA HS 1 | D92: ='19U BOYS SILVER-6 TEAMS CUST'!D20&"" -> 19Bag08 | E92: ='19U BOYS SILVER-6 TEAMS CUST'!E20&"" -> A2-OPA | F92: ='19U BOYS SILVER-6 TEAMS CUST'!F20&"" -> 7 | G92: ='19U BOYS SILVER-6 TEAMS CUST'!G20&"" -> B3-OHANA | H92: ='19U BOYS SILVER-6 TEAMS CUST'!H20&"" -> 10 | I92: ='19U BOYS SILVER-6 TEAMS CUST'!I20&"" -> A2,B3 | J92: ='19U BOYS SILVER-6 TEAMS CUST'!J20&"" -> 19U_BOYS_SILVER
A93: ='19U BOYS SILVER-6 TEAMS CUST'!A22 -> 46054 | B93: ='19U BOYS SILVER-6 TEAMS CUST'!B22 -> 0.5 | C93: ='19U BOYS SILVER-6 TEAMS CUST'!C22&"" -> ESTANCIA HS 1 | D93: ='19U BOYS SILVER-6 TEAMS CUST'!D22&"" -> 19Bag09 | E93: ='19U BOYS SILVER-6 TEAMS CUST'!E22&"" -> A3-SD ECA | F93: ='19U BOYS SILVER-6 TEAMS CUST'!F22&"" -> 15 | G93: ='19U BOYS SILVER-6 TEAMS CUST'!G22&"" -> B2-SAN JOSE EXPRESS GOLD | H93: ='19U BOYS SILVER-6 TEAMS CUST'!H22&"" -> 5 | I93: ='19U BOYS SILVER-6 TEAMS CUST'!I22&"" -> A3,B2 | J93: ='19U BOYS SILVER-6 TEAMS CUST'!J22&"" -> 19U_BOYS_SILVER
A94: ='19U BOYS SILVER-6 TEAMS CUST'!A23 -> 46054 | B94: ='19U BOYS SILVER-6 TEAMS CUST'!B23 -> 0.54166667 | C94: ='19U BOYS SILVER-6 TEAMS CUST'!C23&"" -> ESTANCIA HS 1 | D94: ='19U BOYS SILVER-6 TEAMS CUST'!D23&"" -> 19Bag10 | E94: ='19U BOYS SILVER-6 TEAMS CUST'!E23&"" -> A1-SHORE AQUATICS | F94: ='19U BOYS SILVER-6 TEAMS CUST'!F23&"" -> 5 | G94: ='19U BOYS SILVER-6 TEAMS CUST'!G23&"" -> B1-CHARGERS WHITE | H94: ='19U BOYS SILVER-6 TEAMS CUST'!H23&"" -> 9 | I94: ='19U BOYS SILVER-6 TEAMS CUST'!I23&"" -> A1,B1 | J94: ='19U BOYS SILVER-6 TEAMS CUST'!J23&"" -> 19U_BOYS_SILVER
A95: ='19U BOYS SILVER-6 TEAMS CUST'!A25 -> 46054 | B95: ='19U BOYS SILVER-6 TEAMS CUST'!B25 -> 0.66666667 | C95: ='19U BOYS SILVER-6 TEAMS CUST'!C25&"" -> ESTANCIA HS 1 | D95: ='19U BOYS SILVER-6 TEAMS CUST'!D25&"" -> 19Bag11 | E95: ='19U BOYS SILVER-6 TEAMS CUST'!E25&"" -> A2-OPA | F95: ='19U BOYS SILVER-6 TEAMS CUST'!F25&"" -> 5 | G95: ='19U BOYS SILVER-6 TEAMS CUST'!G25&"" -> B1-CHARGERS WHITE | H95: ='19U BOYS SILVER-6 TEAMS CUST'!H25&"" -> 16 | I95: ='19U BOYS SILVER-6 TEAMS CUST'!I25&"" -> A2,B1 | J95: ='19U BOYS SILVER-6 TEAMS CUST'!J25&"" -> 19U_BOYS_SILVER
A96: ='19U BOYS SILVER-6 TEAMS CUST'!A26 -> 46054 | B96: ='19U BOYS SILVER-6 TEAMS CUST'!B26 -> 0.70833333 | C96: ='19U BOYS SILVER-6 TEAMS CUST'!C26&"" -> ESTANCIA HS 1 | D96: ='19U BOYS SILVER-6 TEAMS CUST'!D26&"" -> 19Bag12 | E96: ='19U BOYS SILVER-6 TEAMS CUST'!E26&"" -> A3-SD ECA | F96: ='19U BOYS SILVER-6 TEAMS CUST'!F26&"" -> 17 | G96: ='19U BOYS SILVER-6 TEAMS CUST'!G26&"" -> B3-OHANA | H96: ='19U BOYS SILVER-6 TEAMS CUST'!H26&"" -> 12 | I96: ='19U BOYS SILVER-6 TEAMS CUST'!I26&"" -> A3,B3 | J96: ='19U BOYS SILVER-6 TEAMS CUST'!J26&"" -> 19U_BOYS_SILVER
L99: ='19U BOYS GOLD-16 TEAMS'!I46&"" -> 1st | M99: ='19U BOYS GOLD-16 TEAMS'!J46&"" -> LONGHORN
A100: ='19U BOYS GOLD-16 TEAMS'!A43 -> 46054 | B100: ='19U BOYS GOLD-16 TEAMS'!B43 -> 0.75 | C100: ='19U BOYS GOLD-16 TEAMS'!C43&"" -> WOOLLETT NEAR RIGHT | D100: ='19U BOYS GOLD-16 TEAMS'!D43&"" -> 19Bau23 | E100: ='19U BOYS GOLD-16 TEAMS'!E43&"" -> L#19-HIELAND | F100: ='19U BOYS GOLD-16 TEAMS'!F43&"" -> 9 | G100: ='19U BOYS GOLD-16 TEAMS'!G43&"" -> L#20-ORANGE COUNTY WPC BLUE | H100: ='19U BOYS GOLD-16 TEAMS'!H43&"" -> 10 | I100: ='19U BOYS GOLD-16 TEAMS'!I43&"" -> 3rd | J100: ='19U BOYS GOLD-16 TEAMS'!J43&"" -> 19U_BOYS_GOLD | L100: ='19U BOYS GOLD-16 TEAMS'!I47&"" -> 2nd | M100: ='19U BOYS GOLD-16 TEAMS'!J47&"" -> MISSION WPC
A101: ='19U BOYS GOLD-16 TEAMS'!A44 -> 46054 | B101: ='19U BOYS GOLD-16 TEAMS'!B44 -> 0.75 | C101: ='19U BOYS GOLD-16 TEAMS'!C44&"" -> WOOLLETT NEAR LEFT | D101: ='19U BOYS GOLD-16 TEAMS'!D44&"" -> 19Bau24 | E101: ='19U BOYS GOLD-16 TEAMS'!E44&"" -> W#19-LONGHORN | F101: ='19U BOYS GOLD-16 TEAMS'!F44&"" -> 12 | G101: ='19U BOYS GOLD-16 TEAMS'!G44&"" -> W#20-MISSON WPC | H101: ='19U BOYS GOLD-16 TEAMS'!H44&"" -> 9 | I101: ='19U BOYS GOLD-16 TEAMS'!I44&"" -> 1st | J101: ='19U BOYS GOLD-16 TEAMS'!J44&"" -> 19U_BOYS_GOLD | L101: ='19U BOYS GOLD-16 TEAMS'!I48&"" -> 3rd | M101: ='19U BOYS GOLD-16 TEAMS'!J48&"" -> ORANGE COUNTY WPC BLUE
L104: ='19U BOYS PLATINUM-27 TEAMS'!I93&"" -> 1st | M104: ='19U BOYS PLATINUM-27 TEAMS'!J93&"" -> CC UNITED BLACK
A105: ='19U BOYS PLATINUM-27 TEAMS'!A69 -> 46054 | B105: ='19U BOYS PLATINUM-27 TEAMS'!B69 -> 0.70833333 | C105: ='19U BOYS PLATINUM-27 TEAMS'!C69&"" -> WOOLLETT NEAR LEFT | D105: ='19U BOYS PLATINUM-27 TEAMS'!D69&"" -> 19Bpt36 | E105: ='19U BOYS PLATINUM-27 TEAMS'!E69&"" -> Q1(2ndJ)-LA JOLLA UNITED NAVY | F105: ='19U BOYS PLATINUM-27 TEAMS'!F69&"" -> 12 | G105: ='19U BOYS PLATINUM-27 TEAMS'!G69&"" -> Q2(2ndK)-CHANNEL ISLANDS UNITED TEAL | H105: ='19U BOYS PLATINUM-27 TEAMS'!H69&"" -> 11 | I105: ='19U BOYS PLATINUM-27 TEAMS'!I69&"" -> overall 3rd | J105: ='19U BOYS PLATINUM-27 TEAMS'!J69&"" -> 19U_BOYS_PLATINUM | L105: ='19U BOYS PLATINUM-27 TEAMS'!I94&"" -> 2nd | M105: ='19U BOYS PLATINUM-27 TEAMS'!J94&"" -> LAMORINDA A
A106: ='19U BOYS PLATINUM-27 TEAMS'!A68 -> 46054 | B106: ='19U BOYS PLATINUM-27 TEAMS'!B68 -> 0.66666667 | C106: ='19U BOYS PLATINUM-27 TEAMS'!C68&"" -> WOOLLETT NEAR LEFT | D106: ='19U BOYS PLATINUM-27 TEAMS'!D68&"" -> 19Bpt37 | E106: ='19U BOYS PLATINUM-27 TEAMS'!E68&"" -> R1(1stJ)-CC UNITED BLACK | F106: ='19U BOYS PLATINUM-27 TEAMS'!F68&"" -> 12.4 | G106: ='19U BOYS PLATINUM-27 TEAMS'!G68&"" -> R2(1stK)-LAMORINDA A | H106: ='19U BOYS PLATINUM-27 TEAMS'!H68&"" -> 12.3 | I106: ='19U BOYS PLATINUM-27 TEAMS'!I68&"" -> overall 1st | J106: ='19U BOYS PLATINUM-27 TEAMS'!J68&"" -> 19U_BOYS_PLATINUM | L106: ='19U BOYS PLATINUM-27 TEAMS'!I95&"" -> 3rd | M106: ='19U BOYS PLATINUM-27 TEAMS'!J95&"" -> LA JOLLA UNITED NAVY
A107: ='19U BOYS PLATINUM-27 TEAMS'!A92 -> 0 | B107: ='19U BOYS PLATINUM-27 TEAMS'!B92 -> 0 | C107: ='19U BOYS PLATINUM-27 TEAMS'!C92&"" | D107: ='19U BOYS PLATINUM-27 TEAMS'!D92&"" | E107: ='19U BOYS PLATINUM-27 TEAMS'!E92&"" | F107: ='19U BOYS PLATINUM-27 TEAMS'!F92&"" | G107: ='19U BOYS PLATINUM-27 TEAMS'!G92&"" | H107: ='19U BOYS PLATINUM-27 TEAMS'!H92&"" | I107: ='19U BOYS PLATINUM-27 TEAMS'!I92&"" | J107: ='19U BOYS PLATINUM-27 TEAMS'!J92&""
A108: ='19U BOYS PLATINUM-27 TEAMS'!A93 -> 0 | B108: ='19U BOYS PLATINUM-27 TEAMS'!B93 -> 0
A109: ='19U BOYS PLATINUM-27 TEAMS'!A94 -> 0 | B109: ='19U BOYS PLATINUM-27 TEAMS'!B94 -> 0 | C109: ='19U BOYS PLATINUM-27 TEAMS'!C94&"" | D109: ='19U BOYS PLATINUM-27 TEAMS'!D94&"" | E109: ='19U BOYS PLATINUM-27 TEAMS'!E94&"" | F109: ='19U BOYS PLATINUM-27 TEAMS'!F94&"" | G109: ='19U BOYS PLATINUM-27 TEAMS'!G94&"" | H109: ='19U BOYS PLATINUM-27 TEAMS'!H94&""
A110: ='19U BOYS PLATINUM-27 TEAMS'!A95 -> 0 | B110: ='19U BOYS PLATINUM-27 TEAMS'!B95 -> 0 | C110: ='19U BOYS PLATINUM-27 TEAMS'!C95&"" | D110: ='19U BOYS PLATINUM-27 TEAMS'!D95&"" | E110: ='19U BOYS PLATINUM-27 TEAMS'!E95&"" | F110: ='19U BOYS PLATINUM-27 TEAMS'!F95&"" | G110: ='19U BOYS PLATINUM-27 TEAMS'!G95&"" | H110: ='19U BOYS PLATINUM-27 TEAMS'!H95&""

Sheet TEAM LISTING AND BRACKETS
A1: TEAM | B1: DIV | G1: 3rdA | H1: 3rdD
A2: See Below and ADVISE BY WED Jan 20 5pm! | D2: G (girls) | E2: GIRLS, RR THEN FOR MEDALS | G2: 3rdB | H2: 3rdC
A3: 680 RED (girls) | B3: 10U_COED_GOLD | D3: G1-LAMORINDA BLUE (A) (girls) | E3: THEN INTERACT WITH COED GOLD
A4: DEL MAR BLUE (girls) | B4: 10U_COED_GOLD | D4: G2-DEL MAR BLUE (girls) | G4: G1 | H4: 3rdD
A5: LAMORINDA BLUE (A) (girls) | B5: 10U_COED_GOLD | D5: G3-680 RED (girls) | G5: G2 | H5: 3rdC
A6: SAN CLEMENTE RED (girls) | B6: 10U_COED_GOLD | C6: 4 | D6: G4-SAN CLEMENTE RED (girls) | G6: G3 | H6: 3rdB
D7: CUSTOM COMBO | G7: G4 | H7: 3rdA
A8: DAVIS | B8: 10U_COED_GOLD | D8: A | E8: B | F8: C | G8: D
A9: DEL MAR WHITE | B9: 10U_COED_GOLD | D9: A1-LA JOLLA UNITED | E9: B1-DAVIS | F9: C1-SOUTH COAST RED | G9: D1-TROJAN
A10: LA JOLLA UNITED | B10: 10U_COED_GOLD | D10: A2-LOYOLA WPC | E10: B2-ORANGE COUNTY WPC RED | F10: C2-SOUTH BAY UNITED | G10: D2-PATRIOT WHITE
A11: LAMORINDA C | B11: 10U_COED_GOLD | D11: A3-LAMORINDA C | E11: B3-DEL MAR WHITE | F11: C3-SAN CLEMENTE BLACK | G11: D3-YOLO YELLOW
A12: LOYOLA WPC | B12: 10U_COED_GOLD
A13: ORANGE COUNTY WPC RED | B13: 10U_COED_GOLD
A14: PATRIOT WHITE | B14: 10U_COED_GOLD
A15: SAN CLEMENTE BLACK | B15: 10U_COED_GOLD
A16: SOUTH BAY UNITED | B16: 10U_COED_GOLD
A17: SOUTH COAST RED | B17: 10U_COED_GOLD
A18: TROJAN | B18: 10U_COED_GOLD
A19: YOLO YELLOW | B19: 10U_COED_GOLD | C19: 12
A21: CHANNEL ISLANDS UNITED | B21: 10U_COED_PLATINUM | D21: A | E21: B
A22: CHULA VISTA PREMIER | B22: 10U_COED_PLATINUM | D22: A1-CHANNEL ISLANDS UNITED | E22: B1-ORANGE COUNTY WPC BLUE
A23: FOOTHILL RED | B23: 10U_COED_PLATINUM | D23: A2-FOOTHILL RED | E23: B2-CHULA VISTA PREMIER
A24: LAMORINDA GOLD (B) | B24: 10U_COED_PLATINUM | D24: A3-YOLO BLACK | E24: B3-PATRIOT RED
A25: NORTH IRVINE BLACK | B25: 10U_COED_PLATINUM | D25: A4-NORTH IRVINE BLACK | E25: B4-LAMORINDA GOLD (B)
A26: ORANGE COUNTY WPC BLUE | B26: 10U_COED_PLATINUM
A27: PATRIOT RED | B27: 10U_COED_PLATINUM
A28: YOLO BLACK | B28: 10U_COED_PLATINUM | C28: 8
A30: 680 BLUE | B30: 10U_BOYS | D30: avoid intra-club play on day 1, and 5-8
A31: 680 RED | B31: 10U_BOYS | D31: A | E31: B
A32: CC UNITED BLACK | B32: 10U_BOYS | D32: A1-LAMORINDA BLUE (A) | E32: B1-CC UNITED BLACK
A33: CC UNITED BLUE | B33: 10U_BOYS | D33: A2-680 RED | E33: B2-SAN CLEMENTE RED
A34: LA PREMIER | B34: 10U_BOYS | D34: A3-LA PREMIER | E34: B3-STANFORD RED
A35: LAMORINDA BLUE (A) | B35: 10U_BOYS | D35: A4-CC UNITED BLUE | E35: B4-680 BLUE
A36: SAN CLEMENTE RED | B36: 10U_BOYS
A37: STANFORD RED | B37: 10U_BOYS | C37: 8
A39: 680 RED | B39: 12U_GIRLS_PLATINUM | D39: A | E39: B | F39: C | G39: D
A40: BACK BAY NAVY | B40: 12U_GIRLS_PLATINUM | D40: A1-BACK BAY NAVY | E40: B1-680 RED | F40: C1-NEWPORT BEACH | G40: D1-SHAQ
A41: DAVIS | B41: 12U_GIRLS_PLATINUM | D41: A2-GOLD COAST | E41: B2-SOUTH COAST RED | F41: C2-DAVIS | G41: D2-LA JOLLA UNITED
A42: GOLD COAST | B42: 12U_GIRLS_PLATINUM | D42: A3-LAMORINDA C | E42: B3-ORANGE COUNTY WPC BLUE | F42: C3-LAMORINDA B | G42: D3-NORTH IRVINE
A43: LA JOLLA UNITED | B43: 12U_GIRLS_PLATINUM
A44: LAMORINDA B | B44: 12U_GIRLS_PLATINUM
A45: LAMORINDA C | B45: 12U_GIRLS_PLATINUM
A46: NEWPORT BEACH | B46: 12U_GIRLS_PLATINUM
A47: NORTH IRVINE | B47: 12U_GIRLS_PLATINUM
A48: ORANGE COUNTY WPC BLUE | B48: 12U_GIRLS_PLATINUM
A49: SHAQ | B49: 12U_GIRLS_PLATINUM
A50: SOUTH COAST RED | B50: 12U_GIRLS_PLATINUM | C50: 12
A52: 680 BLUE | B52: 12U_BOYS_GOLD | D52: A | E52: B | F52: C | G52: D | H52: E | I52: F
A53: 680 WHITE | B53: 12U_BOYS_GOLD | D53: 1 | E53: 4 | F53: 5 | G53: 2 | H53: 3 | I53: 6
A54: AMERICAN RIVER BLUE | B54: 12U_BOYS_GOLD | D54: 12 | E54: 9 | F54: 8 | G54: 11 | H54: 10 | I54: 7
A55: BACK BAY | B55: 12U_BOYS_GOLD | D55: 13 | E55: 16 | F55: 17 | G55: 14 | H55: 15 | I55: 18
A56: CC UNITED BLUE | B56: 12U_BOYS_GOLD | E56: 21 | F56: 20 | G56: 23 | H56: 22 | I56: 19
A57: CC UNITED WHITE | B57: 12U_BOYS_GOLD
A58: CMAC | B58: 12U_BOYS_GOLD | D58: A | E58: B | F58: C | G58: D | H58: E | I58: F | J58: G | K58: H
A59: FOOTHILL RED | B59: 12U_BOYS_GOLD | D59: A1(1)-ORANGE COUNTY WPC BLUE | E59: B1(4)-MARIN | F59: C1(5)-BACK BAY | G59: D1(8)-GOLD COAST | H59: E1(2)-TROJAN | I59: F1(3)-CMAC | J59: G1(6)-SAN MATEO | K59: H1(7)-FOOTHILL RED
A60: GOLD COAST | B60: 12U_BOYS_GOLD | D60: A2(16)-STANFORD BLACK | E60: B2(13)-SAN CLEMENTE BLACK | F60: C2(12)-CC UNITED BLUE | G60: D2(9)-NORTH IRVINE RED | H60: E2(15)-LA JOLLA UNITED GOLD | I60: F2(14)-680 BLUE | J60: G2(11)-SOUTH COAST RED | K60: H2(10)-AMERICAN RIVER BLUE
A61: LA JOLLA UNITED GOLD | B61: 12U_BOYS_GOLD | D61: A3(17)-680 WHITE | E61: B3(20)-LAMORINDA C | F61: C3(21)-MISSION WPC B | G61: D3(24)-LAMORINDA B | H61: E3(18)-CC UNITED WHITE | I61: F3(19)-PATRIOT 10 NAVY | J61: G3(22)-NORTH IRVINE WHITE | K61: H3(23)-STANFORD WHITE
A62: LAMORINDA B | B62: 12U_BOYS_GOLD
A63: LAMORINDA C | B63: 12U_BOYS_GOLD
A64: MARIN | B64: 12U_BOYS_GOLD
A65: MISSION WPC B | B65: 12U_BOYS_GOLD
A66: NORTH IRVINE RED | B66: 12U_BOYS_GOLD
A67: NORTH IRVINE WHITE | B67: 12U_BOYS_GOLD
A68: ORANGE COUNTY WPC BLUE | B68: 12U_BOYS_GOLD
A69: PATRIOT 10 NAVY | B69: 12U_BOYS_GOLD
A70: SAN CLEMENTE BLACK | B70: 12U_BOYS_GOLD
A71: SAN MATEO | B71: 12U_BOYS_GOLD
A72: SOUTH COAST RED | B72: 12U_BOYS_GOLD
A73: STANFORD BLACK | B73: 12U_BOYS_GOLD
A74: STANFORD WHITE | B74: 12U_BOYS_GOLD
A75: TROJAN | B75: 12U_BOYS_GOLD | C75: 24
A77: 680 RED | B77: 12U_BOYS_PLATINUM | D77: A | E77: B | F77: C
A78: CC UNITED BLACK | B78: 12U_BOYS_PLATINUM | D78: A1-MISSION WPC A | E78: B1-CC UNITED BLACK | F78: C1-STANFORD RED
A79: DAVIS | B79: 12U_BOYS_PLATINUM | D79: A2-LAMORINDA A | E79: B2-NORTH IRVINE BLACK | F79: C2-ORWP A
A80: LA JOLLA UNITED NAVY | B80: 12U_BOYS_PLATINUM | D80: A3-680 RED | E80: B3-LA JOLLA UNITED NAVY | F80: C3-SHAQ
A81: LAMORINDA A | B81: 12U_BOYS_PLATINUM | F81: C4-DAVIS
A82: MISSION WPC A | B82: 12U_BOYS_PLATINUM
A83: NORTH IRVINE BLACK | B83: 12U_BOYS_PLATINUM
A84: ORWP A | B84: 12U_BOYS_PLATINUM
A85: SHAQ | B85: 12U_BOYS_PLATINUM
A86: STANFORD RED | B86: 12U_BOYS_PLATINUM | C86: 10
A88: CMAC | B88: 12U_COED | D88: A | E88: B
A89: LA CITY UNITED | B89: 12U_COED | D89: A1-CMAC | E89: B1-POWAY VALLEY
A90: LOYOLA WPC | B90: 12U_COED | D90: A2-SET | E90: B2-LOYOLA WPC
A91: PALOS VERDES | B91: 12U_COED | D91: A3-PALOS VERDES | E91: B3-YOLO BLACK
A92: POWAY VALLEY | B92: 12U_COED | E92: B4-LA CITY UNITED
A93: SET | B93: 12U_COED
A94: YOLO BLACK | B94: 12U_COED | C94: 7
A96: BACK BAY | B96: 14U_GIRLS_GOLD | D96: A | E96: B | F96: C | G96: D
A97: CDM NAVY | B97: 14U_GIRLS_GOLD | D97: A1-LA JOLLA UNITED | E97: B1-HONOLULU | F97: C1-SHAQ | G97: D1-NORTHWEST
A98: GOLD COAST | B98: 14U_GIRLS_GOLD | D98: A2-SANTA CRUZ BLUE | E98: B2-ROGUE 619 | F98: C2-GOLD COAST | G98: D2-SD ECA
A99: HONOLULU | B99: 14U_GIRLS_GOLD | D99: A3-PASADENA AC | E99: B3-BACK BAY | F99: C3-PALOS VERDES | G99: D3-LAMORINDA C
A100: LA JOLLA UNITED | B100: 14U_GIRLS_GOLD | F100: C4-CDM NAVY | G100: D4-NORTH IRVINE
A101: LAMORINDA C | B101: 14U_GIRLS_GOLD
A102: NORTH IRVINE | B102: 14U_GIRLS_GOLD
A103: NORTHWEST | B103: 14U_GIRLS_GOLD
A104: PALOS VERDES | B104: 14U_GIRLS_GOLD
A105: PASADENA AC | B105: 14U_GIRLS_GOLD
A106: ROGUE 619 | B106: 14U_GIRLS_GOLD
A107: SANTA CRUZ BLUE | B107: 14U_GIRLS_GOLD
...

Sheet MASTER BY DIVISION
A1: ='10U COED GOLD-16 TEAMS CUSTOM'!A9 -> DATE | B1: ='10U COED GOLD-16 TEAMS CUSTOM'!B9 -> TIME | C1: ='10U COED GOLD-16 TEAMS CUSTOM'!C9&"" -> LOCATION | D1: ='10U COED GOLD-16 TEAMS CUSTOM'!D9&"" -> GAME ID | E1: ='10U COED GOLD-16 TEAMS CUSTOM'!E9&"" -> WHITE TEAM | F1: ='10U COED GOLD-16 TEAMS CUSTOM'!F9&"" -> S | G1: ='10U COED GOLD-16 TEAMS CUSTOM'!G9&"" -> DARK TEAM | H1: ='10U COED GOLD-16 TEAMS CUSTOM'!H9&"" -> S | I1: ='10U COED GOLD-16 TEAMS CUSTOM'!I9&"" -> COMMENTS | J1: ='10U COED GOLD-16 TEAMS CUSTOM'!J9&"" -> DIVISION | K1: SORTKEY
A2: ='10U COED GOLD-16 TEAMS CUSTOM'!A10 -> 46053 | B2: ='10U COED GOLD-16 TEAMS CUSTOM'!B10 -> 0.33333333 | C2: ='10U COED GOLD-16 TEAMS CUSTOM'!C10&"" -> EL TORO HS 2 | D2: ='10U COED GOLD-16 TEAMS CUSTOM'!D10&"" -> 10Cau01 | E2: ='10U COED GOLD-16 TEAMS CUSTOM'!E10&"" -> D1-TROJAN | F2: ='10U COED GOLD-16 TEAMS CUSTOM'!F10&"" -> 13 | G2: ='10U COED GOLD-16 TEAMS CUSTOM'!G10&"" -> D3-YOLO YELLOW | H2: ='10U COED GOLD-16 TEAMS CUSTOM'!H10&"" -> 15 | I2: ='10U COED GOLD-16 TEAMS CUSTOM'!I10&"" -> D bracket D1,D3 | J2: ='10U COED GOLD-16 TEAMS CUSTOM'!J10&"" -> 10U_COED_GOLD | K2: =TEXT(DATE(2025, MONTH(A2), DAY(A2)) + TIME(HOUR(B2), MINUTE(B2), 0), "yyyymmddhhmm") -> 202501310800
A3: ='10U COED GOLD-16 TEAMS CUSTOM'!A11 -> 46053 | B3: ='10U COED GOLD-16 TEAMS CUSTOM'!B11 -> 0.36458333 | C3: ='10U COED GOLD-16 TEAMS CUSTOM'!C11&"" -> EL TORO HS 2 | D3: ='10U COED GOLD-16 TEAMS CUSTOM'!D11&"" -> 10Cau02 | E3: ='10U COED GOLD-16 TEAMS CUSTOM'!E11&"" -> A1-LA JOLLA UNITED | F3: ='10U COED GOLD-16 TEAMS CUSTOM'!F11&"" -> 18 | G3: ='10U COED GOLD-16 TEAMS CUSTOM'!G11&"" -> A3-LAMORINDA C | H3: ='10U COED GOLD-16 TEAMS CUSTOM'!H11&"" -> 8 | I3: ='10U COED GOLD-16 TEAMS CUSTOM'!I11&"" -> A bracket A1,A3 | J3: ='10U COED GOLD-16 TEAMS CUSTOM'!J11&"" -> 10U_COED_GOLD | K3: =TEXT(DATE(2025, MONTH(A3), DAY(A3)) + TIME(HOUR(B3), MINUTE(B3), 0), "yyyymmddhhmm") -> 202501310845
A4: ='10U COED GOLD-16 TEAMS CUSTOM'!A12 -> 46053 | B4: ='10U COED GOLD-16 TEAMS CUSTOM'!B12 -> 0.39583333 | C4: ='10U COED GOLD-16 TEAMS CUSTOM'!C12&"" -> EL TORO HS 2 | D4: ='10U COED GOLD-16 TEAMS CUSTOM'!D12&"" -> 10Cau03 | E4: ='10U COED GOLD-16 TEAMS CUSTOM'!E12&"" -> B1-DAVIS | F4: ='10U COED GOLD-16 TEAMS CUSTOM'!F12&"" -> 16 | G4: ='10U COED GOLD-16 TEAMS CUSTOM'!G12&"" -> B3-DEL MAR WHITE | H4: ='10U COED GOLD-16 TEAMS CUSTOM'!H12&"" -> 5 | I4: ='10U COED GOLD-16 TEAMS CUSTOM'!I12&"" -> B bracket B1,B3 | J4: ='10U COED GOLD-16 TEAMS CUSTOM'!J12&"" -> 10U_COED_GOLD | K4: =TEXT(DATE(2026, MONTH(A4), DAY(A4)) + TIME(HOUR(B4), MINUTE(B4), 0), "yyyymmddhhmm") -> 202601310930
A5: ='10U COED GOLD-16 TEAMS CUSTOM'!A13 -> 46053 | B5: ='10U COED GOLD-16 TEAMS CUSTOM'!B13 -> 0.42708333 | C5: ='10U COED GOLD-16 TEAMS CUSTOM'!C13&"" -> EL TORO HS 2 | D5: ='10U COED GOLD-16 TEAMS CUSTOM'!D13&"" -> 10Cau04 | E5: ='10U COED GOLD-16 TEAMS CUSTOM'!E13&"" -> C1-SOUTH COAST RED | F5: ='10U COED GOLD-16 TEAMS CUSTOM'!F13&"" -> 6 | G5: ='10U COED GOLD-16 TEAMS CUSTOM'!G13&"" -> C3-SAN CLEMENTE BLACK | H5: ='10U COED GOLD-16 TEAMS CUSTOM'!H13&"" -> 18 | I5: ='10U COED GOLD-16 TEAMS CUSTOM'!I13&"" -> C bracket C1,C3 | J5: ='10U COED GOLD-16 TEAMS CUSTOM'!J13&"" -> 10U_COED_GOLD | K5: =TEXT(DATE(2026, MONTH(A5), DAY(A5)) + TIME(HOUR(B5), MINUTE(B5), 0), "yyyymmddhhmm") -> 202601311015
A6: ='10U COED GOLD-16 TEAMS CUSTOM'!A14 -> 46053 | B6: ='10U COED GOLD-16 TEAMS CUSTOM'!B14 -> 0.45833333 | C6: ='10U COED GOLD-16 TEAMS CUSTOM'!C14&"" -> WOOLLETT FAR LEFT | D6: ='10U COED GOLD-16 TEAMS CUSTOM'!D14&"" -> 10Cau05 | E6: ='10U COED GOLD-16 TEAMS CUSTOM'!E14&"" -> G1-LAMORINDA BLUE (A) (girls) | F6: ='10U COED GOLD-16 TEAMS CUSTOM'!F14&"" -> 19 | G6: ='10U COED GOLD-16 TEAMS CUSTOM'!G14&"" -> G4-SAN CLEMENTE RED (girls) | H6: ='10U COED GOLD-16 TEAMS CUSTOM'!H14&"" -> 1 | I6: ='10U COED GOLD-16 TEAMS CUSTOM'!I14&"" -> girls 1st-4th | J6: ='10U COED GOLD-16 TEAMS CUSTOM'!J14&"" -> 10U_COED_GOLD | K6: =TEXT(DATE(2026, MONTH(A6), DAY(A6)) + TIME(HOUR(B6), MINUTE(B6), 0), "yyyymmddhhmm") -> 202601311100
A7: ='10U COED GOLD-16 TEAMS CUSTOM'!A15 -> 46053 | B7: ='10U COED GOLD-16 TEAMS CUSTOM'!B15 -> 0.45833333 | C7: ='10U COED GOLD-16 TEAMS CUSTOM'!C15&"" -> EL TORO HS 2 | D7: ='10U COED GOLD-16 TEAMS CUSTOM'!D15&"" -> 10Cau07 | E7: ='10U COED GOLD-16 TEAMS CUSTOM'!E15&"" -> D2-PATRIOT WHITE | F7: ='10U COED GOLD-16 TEAMS CUSTOM'!F15&"" -> 5 | G7: ='10U COED GOLD-16 TEAMS CUSTOM'!G15&"" -> D3-YOLO YELLOW | H7: ='10U COED GOLD-16 TEAMS CUSTOM'!H15&"" -> 16 | I7: ='10U COED GOLD-16 TEAMS CUSTOM'!I15&"" -> D bracket D2,D3 | J7: ='10U COED GOLD-16 TEAMS CUSTOM'!J15&"" -> 10U_COED_GOLD | K7: =TEXT(DATE(2026, MONTH(A7), DAY(A7)) + TIME(HOUR(B7), MINUTE(B7), 0), "yyyymmddhhmm") -> 202601311100
A8: ='10U COED GOLD-16 TEAMS CUSTOM'!A16 -> 46053 | B8: ='10U COED GOLD-16 TEAMS CUSTOM'!B16 -> 0.48958333 | C8: ='10U COED GOLD-16 TEAMS CUSTOM'!C16&"" -> WOOLLETT FAR LEFT | D8: ='10U COED GOLD-16 TEAMS CUSTOM'!D16&"" -> 10Cau06 | E8: ='10U COED GOLD-16 TEAMS CUSTOM'!E16&"" -> G2-DEL MAR BLUE (girls) | F8: ='10U COED GOLD-16 TEAMS CUSTOM'!F16&"" -> 12 | G8: ='10U COED GOLD-16 TEAMS CUSTOM'!G16&"" -> G3-680 RED (girls) | H8: ='10U COED GOLD-16 TEAMS CUSTOM'!H16&"" -> 5 | I8: ='10U COED GOLD-16 TEAMS CUSTOM'!I16&"" -> girls 1st-4th | J8: ='10U COED GOLD-16 TEAMS CUSTOM'!J16&"" -> 10U_COED_GOLD | K8: =TEXT(DATE(2026, MONTH(A8), DAY(A8)) + TIME(HOUR(B8), MINUTE(B8), 0), "yyyymmddhhmm") -> 202601311145
A9: ='10U COED GOLD-16 TEAMS CUSTOM'!A17 -> 46053 | B9: ='10U COED GOLD-16 TEAMS CUSTOM'!B17 -> 0.48958333 | C9: ='10U COED GOLD-16 TEAMS CUSTOM'!C17&"" -> EL TORO HS 2 | D9: ='10U COED GOLD-16 TEAMS CUSTOM'!D17&"" -> 10Cau08 | E9: ='10U COED GOLD-16 TEAMS CUSTOM'!E17&"" -> A2-LOYOLA WPC | F9: ='10U COED GOLD-16 TEAMS CUSTOM'!F17&"" -> 17 | G9: ='10U COED GOLD-16 TEAMS CUSTOM'!G17&"" -> A3-LAMORINDA C | H9: ='10U COED GOLD-16 TEAMS CUSTOM'!H17&"" -> 1 | I9: ='10U COED GOLD-16 TEAMS CUSTOM'!I17&"" -> A bracket A2,A3 | J9: ='10U COED GOLD-16 TEAMS CUSTOM'!J17&"" -> 10U_COED_GOLD | K9: =TEXT(DATE(2026, MONTH(A9), DAY(A9)) + TIME(HOUR(B9), MINUTE(B9), 0), "yyyymmddhhmm") -> 202601311145
A10: ='10U COED GOLD-16 TEAMS CUSTOM'!A18 -> 46053 | B10: ='10U COED GOLD-16 TEAMS CUSTOM'!B18 -> 0.52083333 | C10: ='10U COED GOLD-16 TEAMS CUSTOM'!C18&"" -> EL TORO HS 2 | D10: ='10U COED GOLD-16 TEAMS CUSTOM'!D18&"" -> 10Cau09 | E10: ='10U COED GOLD-16 TEAMS CUSTOM'!E18&"" -> B2-ORANGE COUNTY WPC RED | F10: ='10U COED GOLD-16 TEAMS CUSTOM'!F18&"" -> 19 | G10: ='10U COED GOLD-16 TEAMS CUSTOM'!G18&"" -> B3-DEL MAR WHITE | H10: ='10U COED GOLD-16 TEAMS CUSTOM'!H18&"" -> 6 | I10: ='10U COED GOLD-16 TEAMS CUSTOM'!I18&"" -> B bracket B2,B3 | J10: ='10U COED GOLD-16 TEAMS CUSTOM'!J18&"" -> 10U_COED_GOLD | K10: =TEXT(DATE(2026, MONTH(A10), DAY(A10)) + TIME(HOUR(B10), MINUTE(B10), 0), "yyyymmddhhmm") -> 202601311230
A11: ='10U COED GOLD-16 TEAMS CUSTOM'!A19 -> 46053 | B11: ='10U COED GOLD-16 TEAMS CUSTOM'!B19 -> 0.55208333 | C11: ='10U COED GOLD-16 TEAMS CUSTOM'!C19&"" -> EL TORO HS 2 | D11: ='10U COED GOLD-16 TEAMS CUSTOM'!D19&"" -> 10Cau10 | E11: ='10U COED GOLD-16 TEAMS CUSTOM'!E19&"" -> C2-SOUTH BAY UNITED | F11: ='10U COED GOLD-16 TEAMS CUSTOM'!F19&"" -> 11 | G11: ='10U COED GOLD-16 TEAMS CUSTOM'!G19&"" -> C3-SAN CLEMENTE BLACK | H11: ='10U COED GOLD-16 TEAMS CUSTOM'!H19&"" -> 8 | I11: ='10U COED GOLD-16 TEAMS CUSTOM'!I19&"" -> C bracket C2,C3 | J11: ='10U COED GOLD-16 TEAMS CUSTOM'!J19&"" -> 10U_COED_GOLD | K11: =TEXT(DATE(2026, MONTH(A11), DAY(A11)) + TIME(HOUR(B11), MINUTE(B11), 0), "yyyymmddhhmm") -> 202601311315
A12: ='10U COED GOLD-16 TEAMS CUSTOM'!A20 -> 46053 | B12: ='10U COED GOLD-16 TEAMS CUSTOM'!B20 -> 0.58333333 | C12: ='10U COED GOLD-16 TEAMS CUSTOM'!C20&"" -> BECKMAN HS 2 | D12: ='10U COED GOLD-16 TEAMS CUSTOM'!D20&"" -> 10Cau13 | E12: ='10U COED GOLD-16 TEAMS CUSTOM'!E20&"" -> D1-TROJAN | F12: ='10U COED GOLD-16 TEAMS CUSTOM'!F20&"" -> 1 | G12: ='10U COED GOLD-16 TEAMS CUSTOM'!G20&"" -> D2-PATRIOT WHITE | H12: ='10U COED GOLD-16 TEAMS CUSTOM'!H20&"" -> 2 | I12: ='10U COED GOLD-16 TEAMS CUSTOM'!I20&"" -> D bracket D1,D2 | J12: ='10U COED GOLD-16 TEAMS CUSTOM'!J20&"" -> 10U_COED_GOLD | K12: =TEXT(DATE(2026, MONTH(A12), DAY(A12)) + TIME(HOUR(B12), MINUTE(B12), 0), "yyyymmddhhmm") -> 202601311400
A13: ='10U COED GOLD-16 TEAMS CUSTOM'!A21 -> 46053 | B13: ='10U COED GOLD-16 TEAMS CUSTOM'!B21 -> 0.61458333 | C13: ='10U COED GOLD-16 TEAMS CUSTOM'!C21&"" -> BECKMAN HS 2 | D13: ='10U COED GOLD-16 TEAMS CUSTOM'!D21&"" -> 10Cau14 | E13: ='10U COED GOLD-16 TEAMS CUSTOM'!E21&"" -> A1-LA JOLLA UNITED | F13: ='10U COED GOLD-16 TEAMS CUSTOM'!F21&"" -> 9 | G13: ='10U COED GOLD-16 TEAMS CUSTOM'!G21&"" -> A2-LOYOLA WPC | H13: ='10U COED GOLD-16 TEAMS CUSTOM'!H21&"" -> 7 | I13: ='10U COED GOLD-16 TEAMS CUSTOM'!I21&"" -> A bracket A1,A2 | J13: ='10U COED GOLD-16 TEAMS CUSTOM'!J21&"" -> 10U_COED_GOLD | K13: =TEXT(DATE(2026, MONTH(A13), DAY(A13)) + TIME(HOUR(B13), MINUTE(B13), 0), "yyyymmddhhmm") -> 202601311445
A14: ='10U COED GOLD-16 TEAMS CUSTOM'!A22 -> 46053 | B14: ='10U COED GOLD-16 TEAMS CUSTOM'!B22 -> 0.64583333 | C14: ='10U COED GOLD-16 TEAMS CUSTOM'!C22&"" -> WOOLLETT FAR LEFT | D14: ='10U COED GOLD-16 TEAMS CUSTOM'!D22&"" -> 10Cau11 | E14: ='10U COED GOLD-16 TEAMS CUSTOM'!E22&"" -> G1-LAMORINDA BLUE (A) (girls) | F14: ='10U COED GOLD-16 TEAMS CUSTOM'!F22&"" -> 17 | G14: ='10U COED GOLD-16 TEAMS CUSTOM'!G22&"" -> G3-680 RED (girls) | H14: ='10U COED GOLD-16 TEAMS CUSTOM'!H22&"" -> 3 | I14: ='10U COED GOLD-16 TEAMS CUSTOM'!I22&"" -> girls 1st-4th | J14: ='10U COED GOLD-16 TEAMS CUSTOM'!J22&"" -> 10U_COED_GOLD | K14: =TEXT(DATE(2026, MONTH(A14), DAY(A14)) + TIME(HOUR(B14), MINUTE(B14), 0), "yyyymmddhhmm") -> 202601311530
A15: ='10U COED GOLD-16 TEAMS CUSTOM'!A23 -> 46053 | B15: ='10U COED GOLD-16 TEAMS CUSTOM'!B23 -> 0.64583333 | C15: ='10U COED GOLD-16 TEAMS CUSTOM'!C23&"" -> BECKMAN HS 2 | D15: ='10U COED GOLD-16 TEAMS CUSTOM'!D23&"" -> 10Cau15 | E15: ='10U COED GOLD-16 TEAMS CUSTOM'!E23&"" -> B1-DAVIS | F15: ='10U COED GOLD-16 TEAMS CUSTOM'!F23&"" -> 14 | G15: ='10U COED GOLD-16 TEAMS CUSTOM'!G23&"" -> B2-ORANGE COUNTY WPC RED | H15: ='10U COED GOLD-16 TEAMS CUSTOM'!H23&"" -> 6 | I15: ='10U COED GOLD-16 TEAMS CUSTOM'!I23&"" -> B bracket B1,B2 | J15: ='10U COED GOLD-16 TEAMS CUSTOM'!J23&"" -> 10U_COED_GOLD | K15: =TEXT(DATE(2026, MONTH(A15), DAY(A15)) + TIME(HOUR(B15), MINUTE(B15), 0), "yyyymmddhhmm") -> 202601311530
... A17: ='10U COED GOLD-16 TEAMS CUSTOM'!A25 -> 46053 | B17: ='10U COED GOLD-16 TEAMS CUSTOM'!B25 -> 0.67708333 | C17: ='10U COED GOLD-16 TEAMS CUSTOM'!C25&"" -> BECKMAN HS 2 | D17: ='10U COED GOLD-16 TEAMS CUSTOM'!D25&"" -> 10Cau16 | E17: ='10U COED GOLD-16 TEAMS CUSTOM'!E25&"" -> C1-SOUTH COAST RED | F17: ='10U COED GOLD-16 TEAMS CUSTOM'!F25&"" -> 10 | G17: ='10U COED GOLD-16 TEAMS CUSTOM'!G25&"" -> C2-SOUTH BAY UNITED | H17: ='10U COED GOLD-16 TEAMS CUSTOM'!H25&"" -> 14 | I17: ='10U COED GOLD-16 TEAMS CUSTOM'!I25&"" -> C bracket C1,C2 | J17: ='10U COED GOLD-16 TEAMS CUSTOM'!J25&"" -> 10U_COED_GOLD | K17: =TEXT(DATE(2026, MONTH(A17), DAY(A17)) + TIME(HOUR(B17), MINUTE(B17), 0), "yyyymmddhhmm") -> 202601311615
A18: ='10U COED GOLD-16 TEAMS CUSTOM'!A29 -> 46054 | B18: ='10U COED GOLD-16 TEAMS CUSTOM'!B29 -> 0.33333333 | C18: ='10U COED GOLD-16 TEAMS CUSTOM'!C29&"" -> WOOLLETT FAR LEFT | D18: ='10U COED GOLD-16 TEAMS CUSTOM'!D29&"" -> 10Cau17 | E18: ='10U COED GOLD-16 TEAMS CUSTOM'!E29&"" -> G1-LAMORINDA BLUE (A) (girls) | F18: ='10U COED GOLD-16 TEAMS CUSTOM'!F29&"" -> 8 | G18: ='10U COED GOLD-16 TEAMS CUSTOM'!G29&"" -> G2-DEL MAR BLUE (girls) | H18: ='10U COED GOLD-16 TEAMS CUSTOM'!H29&"" -> 2 | I18: ='10U COED GOLD-16 TEAMS CUSTOM'!I29&"" -> girls 1st-4th | J18: ='10U COED GOLD-16 TEAMS CUSTOM'!J29&"" -> 10U_COED_GOLD | K18: =TEXT(DATE(2026, MONTH(A18), DAY(A18)) + TIME(HOUR(B18), MINUTE(B18), 0), "yyyymmddhhmm") -> 202602010800
A19: ='10U COED GOLD-16 TEAMS CUSTOM'!A30 -> 46054 | B19: ='10U COED GOLD-16 TEAMS CUSTOM'!B30 -> 0.33333333 | C19: ='10U COED GOLD-16 TEAMS CUSTOM'!C30&"" -> EL TORO HS 2 | D19: ='10U COED GOLD-16 TEAMS CUSTOM'!D30&"" -> 10Cau19 | E19: ='10U COED GOLD-16 TEAMS CUSTOM'!E30&"" -> 2ndA-LOYOLA WPC | F19: ='10U COED GOLD-16 TEAMS CUSTOM'!F30&"" -> 18 | G19: ='10U COED GOLD-16 TEAMS CUSTOM'!G30&"" -> 2ndD-TROJAN | H19: ='10U COED GOLD-16 TEAMS CUSTOM'!H30&"" -> 7 | I19: ='10U COED GOLD-16 TEAMS CUSTOM'!I30&"" -> 5-8 coed semi | J19: ='10U COED GOLD-16 TEAMS CUSTOM'!J30&"" -> 10U_COED_GOLD | K19: =TEXT(DATE(2026, MONTH(A19), DAY(A19)) + TIME(HOUR(B19), MINUTE(B19), 0), "yyyymmddhhmm") -> 202602010800
A20: ='10U COED GOLD-16 TEAMS CUSTOM'!A31 -> 46054 | B20: ='10U COED GOLD-16 TEAMS CUSTOM'!B31 -> 0.36458333 | C20: ='10U COED GOLD-16 TEAMS CUSTOM'!C31&"" -> WOOLLETT FAR LEFT | D20: ='10U COED GOLD-16 TEAMS CUSTOM'!D31&"" -> 10Cau18 | E20: ='10U COED GOLD-16 TEAMS CUSTOM'!E31&"" -> G3-680 RED (girls) | F20: ='10U COED GOLD-16 TEAMS CUSTOM'!F31&"" -> 11 | G20: ='10U COED GOLD-16 TEAMS CUSTOM'!G31&"" -> G4-SAN CLEMENTE RED (girls) | H20: ='10U COED GOLD-16 TEAMS CUSTOM'!H31&"" -> 8 | I20: ='10U COED GOLD-16 TEAMS CUSTOM'!I31&"" -> girls 1st-4th | J20: ='10U COED GOLD-16 TEAMS CUSTOM'!J31&"" -> 10U_COED_GOLD | K20: =TEXT(DATE(2026, MONTH(A20), DAY(A20)) + TIME(HOUR(B20), MINUTE(B20), 0), "yyyymmddhhmm") -> 202602010845
A21: ='10U COED GOLD-16 TEAMS CUSTOM'!A32 -> 46054 | B21: ='10U COED GOLD-16 TEAMS CUSTOM'!B32 -> 0.36458333 | C21: ='10U COED GOLD-16 TEAMS CUSTOM'!C32&"" -> EL TORO HS 2 | D21: ='10U COED GOLD-16 TEAMS CUSTOM'!D32&"" -> 10Cau20 | E21: ='10U COED GOLD-16 TEAMS CUSTOM'!E32&"" -> 2ndB-ORANGE COUNTY WPC RED | F21: ='10U COED GOLD-16 TEAMS CUSTOM'!F32&"" -> 13 | G21: ='10U COED GOLD-16 TEAMS CUSTOM'!G32&"" -> 2ndC-SAN CLEMENTE BLACK | H21: ='10U COED GOLD-16 TEAMS CUSTOM'!H32&"" -> 19 | I21: ='10U COED GOLD-16 TEAMS CUSTOM'!I32&"" -> 5-8 coed semi | J21: ='10U COED GOLD-16 TEAMS CUSTOM'!J32&"" -> 10U_COED_GOLD | K21: =TEXT(DATE(2026, MONTH(A21), DAY(A21)) + TIME(HOUR(B21), MINUTE(B21), 0), "yyyymmddhhmm") -> 202602010845
A22: ='10U COED GOLD-16 TEAMS CUSTOM'!A33 -> 46054 | B22: ='10U COED GOLD-16 TEAMS CUSTOM'!B33 -> 0.39583333 | C22: ='10U COED GOLD-16 TEAMS CUSTOM'!C33&"" -> EL TORO HS 2 | D22: ='10U COED GOLD-16 TEAMS CUSTOM'!D33&"" -> 10Cau21 | E22: ='10U COED GOLD-16 TEAMS CUSTOM'!E33&"" -> 1stA-LA JOLLA UNITED | F22: ='10U COED GOLD-16 TEAMS CUSTOM'!F33&"" -> 6.3 | G22: ='10U COED GOLD-16 TEAMS CUSTOM'!G33&"" -> 1stD-YOLO YELLOW | H22: ='10U COED GOLD-16 TEAMS CUSTOM'!H33&"" -> 6 | I22: ='10U COED GOLD-16 TEAMS CUSTOM'!I33&"" -> 1-4 coed semi | J22: ='10U COED GOLD-16 TEAMS CUSTOM'!J33&"" -> 10U_COED_GOLD | K22: =TEXT(DATE(2026, MONTH(A22), DAY(A22)) + TIME(HOUR(B22), MINUTE(B22), 0), "yyyymmddhhmm") -> 202602010930
A23: ='10U COED GOLD-16 TEAMS CUSTOM'!A34 -> 46054 | B23: ='10U COED GOLD-16 TEAMS CUSTOM'!B34 -> 0.42708333 | C23: ='10U COED GOLD-16 TEAMS CUSTOM'!C34&"" -> EL TORO HS 2 | D23: ='10U COED GOLD-16 TEAMS CUSTOM'!D34&"" -> 10Cau22 | E23: ='10U COED GOLD-16 TEAMS CUSTOM'!E34&"" -> 1stB-DAVIS | F23: ='10U COED GOLD-16 TEAMS CUSTOM'!F34&"" -> 17 | G23: ='10U COED GOLD-16 TEAMS CUSTOM'!G34&"" -> 1stC-SOUTH BAY UNITED | H23: ='10U COED GOLD-16 TEAMS CUSTOM'!H34&"" -> 4 | I23: ='10U COED GOLD-16 TEAMS CUSTOM'!I34&"" -> 1-4 coed semi | J23: ='10U COED GOLD-16 TEAMS CUSTOM'!J34&"" -> 10U_COED_GOLD | K23: =TEXT(DATE(2026, MONTH(A23), DAY(A23)) + TIME(HOUR(B23), MINUTE(B23), 0), "yyyymmddhhmm") -> 202602011015
A24: ='10U COED GOLD-16 TEAMS CUSTOM'!A35 -> 46054 | B24: ='10U COED GOLD-16 TEAMS CUSTOM'!B35 -> 0.45833333 | C24: ='10U COED GOLD-16 TEAMS CUSTOM'!C35&"" -> BECKMAN HS 2 | D24: ='10U COED GOLD-16 TEAMS CUSTOM'!D35&"" -> 10Cau23 | E24: ='10U COED GOLD-16 TEAMS CUSTOM'!E35&"" -> G1-LAMORINDA BLUE (A) (girls) | F24: ='10U COED GOLD-16 TEAMS CUSTOM'!F35&"" -> 19 | G24: ='10U COED GOLD-16 TEAMS CUSTOM'!G35&"" -> 3rdB-DEL MAR WHITE | H24: ='10U COED GOLD-16 TEAMS CUSTOM'!H35&"" -> 0 | I24: ='10U COED GOLD-16 TEAMS CUSTOM'!I35&"" -> girls-coed interact | J24: ='10U COED GOLD-16 TEAMS CUSTOM'!J35&"" -> 10U_COED_GOLD | K24: =TEXT(DATE(2026, MONTH(A24), DAY(A24)) + TIME(HOUR(B24), MINUTE(B24), 0), "yyyymmddhhmm") -> 202602011100
A25: ='10U COED GOLD-16 TEAMS CUSTOM'!A36 -> 46054 | B25: ='10U COED GOLD-16 TEAMS CUSTOM'!B36 -> 0.45833333 | C25: ='10U COED GOLD-16 TEAMS CUSTOM'!C36&"" -> EL TORO HS 2 | D25: ='10U COED GOLD-16 TEAMS CUSTOM'!D36&"" -> 10Cau25 | E25: ='10U COED GOLD-16 TEAMS CUSTOM'!E36&"" -> G3-680 RED (girls) | F25: ='10U COED GOLD-16 TEAMS CUSTOM'!F36&"" -> 17 | G25: ='10U COED GOLD-16 TEAMS CUSTOM'!G36&"" -> 3rdC-SOUTH COAST RED | H25: ='10U COED GOLD-16 TEAMS CUSTOM'!H36&"" -> 16 | I25: ='10U COED GOLD-16 TEAMS CUSTOM'!I36&"" -> girls-coed interact | J25: ='10U COED GOLD-16 TEAMS CUSTOM'!J36&"" -> 10U_COED_GOLD | K25: =TEXT(DATE(2026, MONTH(A25), DAY(A25)) + TIME(HOUR(B25), MINUTE(B25), 0), "yyyymmddhhmm") -> 202602011100
A26: ='10U COED GOLD-16 TEAMS CUSTOM'!A37 -> 46054 | B26: ='10U COED GOLD-16 TEAMS CUSTOM'!B37 -> 0.48958333 | C26: ='10U COED GOLD-16 TEAMS CUSTOM'!C37&"" -> BECKMAN HS 2 | D26: ='10U COED GOLD-16 TEAMS CUSTOM'!D37&"" -> 10Cau24 | E26: ='10U COED GOLD-16 TEAMS CUSTOM'!E37&"" -> G2-DEL MAR BLUE (girls) | F26: ='10U COED GOLD-16 TEAMS CUSTOM'!F37&"" -> 15 | G26: ='10U COED GOLD-16 TEAMS CUSTOM'!G37&"" -> 3rdD-PATRIOT WHITE | H26: ='10U COED GOLD-16 TEAMS CUSTOM'!H37&"" -> 2 | I26: ='10U COED GOLD-16 TEAMS CUSTOM'!I37&"" -> girls-coed interact | J26: ='10U COED GOLD-16 TEAMS CUSTOM'!J37&"" -> 10U_COED_GOLD | K26: =TEXT(DATE(2026, MONTH(A26), DAY(A26)) + TIME(HOUR(B26), MINUTE(B26), 0), "yyyymmddhhmm") -> 202602011145
A27: ='10U COED GOLD-16 TEAMS CUSTOM'!A38 -> 46054 | B27: ='10U COED GOLD-16 TEAMS CUSTOM'!B38 -> 0.48958333 | C27: ='10U COED GOLD-16 TEAMS CUSTOM'!C38&"" -> EL TORO HS 2 | D27: ='10U COED GOLD-16 TEAMS CUSTOM'!D38&"" -> 10Cau26 | E27: ='10U COED GOLD-16 TEAMS CUSTOM'!E38&"" -> G4-SAN CLEMENTE RED (girls) | F27: ='10U COED GOLD-16 TEAMS CUSTOM'!F38&"" -> 12 | G27: ='10U COED GOLD-16 TEAMS CUSTOM'!G38&"" -> 3rdA-LAMORINDA C | H27: ='10U COED GOLD-16 TEAMS CUSTOM'!H38&"" -> 7 | I27: ='10U COED GOLD-16 TEAMS CUSTOM'!I38&"" -> girls-coed interact | J27: ='10U COED GOLD-16 TEAMS CUSTOM'!J38&"" -> 10U_COED_GOLD | K27: =TEXT(DATE(2026, MONTH(A27), DAY(A27)) + TIME(HOUR(B27), MINUTE(B27), 0), "yyyymmddhhmm") -> 202602011145
A28: ='10U COED GOLD-16 TEAMS CUSTOM'!A39 -> 46054 | B28: ='10U COED GOLD-16 TEAMS CUSTOM'!B39 -> 0.52083333 | C28: ='10U COED GOLD-16 TEAMS CUSTOM'!C39&"" -> EL TORO HS 2 | D28: ='10U COED GOLD-16 TEAMS CUSTOM'!D39&"" -> 10Cau27 | E28: ='10U COED GOLD-16 TEAMS CUSTOM'!E39&"" -> L#19-TROJAN | F28: ='10U COED GOLD-16 TEAMS CUSTOM'!F39&"" -> 18 | G28: ='10U COED GOLD-16 TEAMS CUSTOM'!G39&"" -> L#20-ORANGE COUNTY WPC RED | H28: ='10U COED GOLD-16 TEAMS CUSTOM'!H39&"" -> 12 | I28: ='10U COED GOLD-16 TEAMS CUSTOM'!I39&"" -> 7th Coed | J28: ='10U COED GOLD-16 TEAMS CUSTOM'!J39&"" -> 10U_COED_GOLD | K28: =TEXT(DATE(2026, MONTH(A28), DAY(A28)) + TIME(HOUR(B28), MINUTE(B28), 0), "yyyymmddhhmm") -> 202602011230
A29: ='10U COED GOLD-16 TEAMS CUSTOM'!A40 -> 46054 | B29: ='10U COED GOLD-16 TEAMS CUSTOM'!B40 -> 0.52083333 | C29: ='10U COED GOLD-16 TEAMS CUSTOM'!C40&"" -> WOOLLETT FAR LEFT | D29: ='10U COED GOLD-16 TEAMS CUSTOM'!D40&"" -> 10Cau29 | E29: ='10U COED GOLD-16 TEAMS CUSTOM'!E40&"" -> L#21-YOLO YELLOW | F29: ='10U COED GOLD-16 TEAMS CUSTOM'!F40&"" -> 11.2 | G29: ='10U COED GOLD-16 TEAMS CUSTOM'!G40&"" -> L#22-SOUTH BAY UNITED | H29: ='10U COED GOLD-16 TEAMS CUSTOM'!H40&"" -> 11.1 | I29: ='10U COED GOLD-16 TEAMS CUSTOM'!I40&"" -> 3rd Coed | J29: ='10U COED GOLD-16 TEAMS CUSTOM'!J40&"" -> 10U_COED_GOLD | K29: =TEXT(DATE(2026, MONTH(A29), DAY(A29)) + TIME(HOUR(B29), MINUTE(B29), 0), "yyyymmddhhmm") -> 202602011230
... A33: ='10U COED GOLD-16 TEAMS CUSTOM'!A44 -> 46054 | B33: ='10U COED GOLD-16 TEAMS CUSTOM'!B44 -> 0.61458333 | C33: ='10U COED GOLD-16 TEAMS CUSTOM'!C44&"" -> EL TORO HS 2 | D33: ='10U COED GOLD-16 TEAMS CUSTOM'!D44&"" -> 10Cau32 | E33: ='10U COED GOLD-16 TEAMS CUSTOM'!E44&"" -> 3rdB-DEL MAR WHITE | F33: ='10U COED GOLD-16 TEAMS CUSTOM'!F44&"" | G33: ='10U COED GOLD-16 TEAMS CUSTOM'!G44&"" -> 3rdC-SOUTH COAST RED | H33: ='10U COED GOLD-16 TEAMS CUSTOM'!H44&"" -> 12 | I33: ='10U COED GOLD-16 TEAMS CUSTOM'!I44&"" -> coed 9-12 | J33: ='10U COED GOLD-16 TEAMS CUSTOM'!J44&"" -> 10U_COED_GOLD | K33: =TEXT(DATE(2026, MONTH(A33), DAY(A33)) + TIME(HOUR(B33), MINUTE(B33), 0), "yyyymmddhhmm") -> 202602011445
A34: ='10U COED PLATINUM-8 TEAMS'!A10 -> 46053 | B34: ='10U COED PLATINUM-8 TEAMS'!B10 -> 0.33333333 | C34: ='10U COED PLATINUM-8 TEAMS'!C10&"" -> WOOLLETT FAR LEFT | D34: ='10U COED PLATINUM-8 TEAMS'!D10&"" -> 10Cpt01 | E34: ='10U COED PLATINUM-8 TEAMS'!E10&"" -> B1-ORANGE COUNTY WPC BLUE | F34: ='10U COED PLATINUM-8 TEAMS'!F10&"" -> 15 | G34: ='10U COED PLATINUM-8 TEAMS'!G10&"" -> B3-PATRIOT RED | H34: ='10U COED PLATINUM-8 TEAMS'!H10&"" -> 3 | I34: ='10U COED PLATINUM-8 TEAMS'!I10&"" -> bracket, B1/B3 | J34: ='10U COED PLATINUM-8 TEAMS'!J10&"" -> 10U_COED_PLATINUM | K34: =TEXT(DATE(2026, MONTH(A34), DAY(A34)) + TIME(HOUR(B34), MINUTE(B34), 0), "yyyymmddhhmm") -> 202601310800
A35: ='10U COED PLATINUM-8 TEAMS'!A11 -> 46053 | B35: ='10U COED PLATINUM-8 TEAMS'!B11 -> 0.36458333 | C35: ='10U COED PLATINUM-8 TEAMS'!C11&"" -> WOOLLETT FAR LEFT | D35: ='10U COED PLATINUM-8 TEAMS'!D11&"" -> 10Cpt02 | E35: ='10U COED PLATINUM-8 TEAMS'!E11&"" -> B2-CHULA VISTA PREMIER | F35: ='10U COED PLATINUM-8 TEAMS'!F11&"" -> 17 | G35: ='10U COED PLATINUM-8 TEAMS'!G11&"" -> B4-LAMORINDA GOLD (B) | H35: ='10U COED PLATINUM-8 TEAMS'!H11&"" -> 2 | I35: ='10U COED PLATINUM-8 TEAMS'!I11&"" -> bracket, B2/B4 | J35: ='10U COED PLATINUM-8 TEAMS'!J11&"" -> 10U_COED_PLATINUM | K35: =TEXT(DATE(2026, MONTH(A35), DAY(A35)) + TIME(HOUR(B35), MINUTE(B35), 0), "yyyymmddhhmm") -> 202601310845
A36: ='10U COED PLATINUM-8 TEAMS'!A12 -> 46053 | B36: ='10U COED PLATINUM-8 TEAMS'!B12 -> 0.39583333 | C36: ='10U COED PLATINUM-8 TEAMS'!C12&"" -> WOOLLETT FAR LEFT | D36: ='10U COED PLATINUM-8 TEAMS'!D12&"" -> 10Cpt03 | E36: ='10U COED PLATINUM-8 TEAMS'!E12&"" -> A1-CHANNEL ISLANDS UNITED | F36: ='10U COED PLATINUM-8 TEAMS'!F12&"" -> 10 | G36: ='10U COED PLATINUM-8 TEAMS'!G12&"" -> A3-YOLO BLACK | H36: ='10U COED PLATINUM-8 TEAMS'!H12&"" -> 9 | I36: ='10U COED PLATINUM-8 TEAMS'!I12&"" -> bracket, A1/A3 | J36: ='10U COED PLATINUM-8 TEAMS'!J12&"" -> 10U_COED_PLATINUM | K36: =TEXT(DATE(2026, MONTH(A36), DAY(A36)) + TIME(HOUR(B36), MINUTE(B36), 0), "yyyymmddhhmm") -> 202601310930
A37: ='10U COED PLATINUM-8 TEAMS'!A13 -> 46053 | B37: ='10U COED PLATINUM-8 TEAMS'!B13 -> 0.42708333 | C37: ='10U COED PLATINUM-8 TEAMS'!C13&"" -> WOOLLETT FAR LEFT | D37: ='10U COED PLATINUM-8 TEAMS'!D13&"" -> 10Cpt04 | E37: ='10U COED PLATINUM-8 TEAMS'!E13&"" -> A2-FOOTHILL RED | F37: ='10U COED PLATINUM-8 TEAMS'!F13&"" -> 2 | G37: ='10U COED PLATINUM-8 TEAMS'!G13&"" -> A4-NORTH IRVINE BLACK | H37: ='10U COED PLATINUM-8 TEAMS'!H13&"" -> 15 | I37: ='10U COED PLATINUM-8 TEAMS'!I13&"" -> bracket, A2/A4 | J37: ='10U COED PLATINUM-8 TEAMS'!J13&"" -> 10U_COED_PLATINUM | K37: =TEXT(DATE(2026, MONTH(A37), DAY(A37)) + TIME(HOUR(B37), MINUTE(B37), 0), "yyyymmddhhmm") -> 202601311015
A38: ='10U COED PLATINUM-8 TEAMS'!A15 -> 46053 | B38: ='10U COED PLATINUM-8 TEAMS'!B15 -> 0.52083333 | C38: ='10U COED PLATINUM-8 TEAMS'!C15&"" -> WOOLLETT FAR LEFT | D38: ='10U COED PLATINUM-8 TEAMS'!D15&"" -> 10Cpt05 | E38: ='10U COED PLATINUM-8 TEAMS'!E15&"" -> B1-ORANGE COUNTY WPC BLUE | F38: ='10U COED PLATINUM-8 TEAMS'!F15&"" -> 16 | G38: ='10U COED PLATINUM-8 TEAMS'!G15&"" -> B4-LAMORINDA GOLD (B) | H38: ='10U COED PLATINUM-8 TEAMS'!H15&"" -> 3 | I38: ='10U COED PLATINUM-8 TEAMS'!I15&"" -> bracket, B1/B4 | J38: ='10U COED PLATINUM-8 TEAMS'!J15&"" -> 10U_COED_PLATINUM | K38: =TEXT(DATE(2026, MONTH(A38), DAY(A38)) + TIME(HOUR(B38), MINUTE(B38), 0), "yyyymmddhhmm") -> 202601311230
A39: ='10U COED PLATINUM-8 TEAMS'!A16 -> 46053 | B39: ='10U COED PLATINUM-8 TEAMS'!B16 -> 0.55208333 | C39: ='10U COED PLATINUM-8 TEAMS'!C16&"" -> WOOLLETT FAR LEFT | D39: ='10U COED PLATINUM-8 TEAMS'!D16&"" -> 10Cpt06 | E39: ='10U COED PLATINUM-8 TEAMS'!E16&"" -> B2-CHULA VISTA PREMIER | F39: ='10U COED PLATINUM-8 TEAMS'!F16&"" -> 18 | G39: ='10U COED PLATINUM-8 TEAMS'!G16&"" -> B3-PATRIOT RED | H39: ='10U COED PLATINUM-8 TEAMS'!H16&"" -> 8 | I39: ='10U COED PLATINUM-8 TEAMS'!I16&"" -> bracket, B2/B3 | J39: ='10U COED PLATINUM-8 TEAMS'!J16&"" -> 10U_COED_PLATINUM | K39: =TEXT(DATE(2026, MONTH(A39), DAY(A39)) + TIME(HOUR(B39), MINUTE(B39), 0), "yyyymmddhhmm") -> 202601311315
A40: ='10U COED PLATINUM-8 TEAMS'!A17 -> 46053 | B40: ='10U COED PLATINUM-8 TEAMS'!B17 -> 0.58333333 | C40: ='10U COED PLATINUM-8 TEAMS'!C17&"" -> WOOLLETT FAR LEFT | D40: ='10U COED PLATINUM-8 TEAMS'!D17&"" -> 10Cpt07 | E40: ='10U COED PLATINUM-8 TEAMS'!E17&"" -> A1-CHANNEL ISLANDS UNITED | F40: ='10U COED PLATINUM-8 TEAMS'!F17&"" -> 11 | G40: ='10U COED PLATINUM-8 TEAMS'!G17&"" -> A4-NORTH IRVINE BLACK | H40: ='10U COED PLATINUM-8 TEAMS'!H17&"" -> 12 | I40: ='10U COED PLATINUM-8 TEAMS'!I17&"" -> bracket, A1/A4 | J40: ='10U COED PLATINUM-8 TEAMS'!J17&"" -> 10U_COED_PLATINUM | K40: =TEXT(DATE(2026, MONTH(A40), DAY(A40)) + TIME(HOUR(B40), MINUTE(B40), 0), "yyyymmddhhmm") -> 202601311400
A41: ='10U COED PLATINUM-8 TEAMS'!A18 -> 46053 | B41: ='10U COED PLATINUM-8 TEAMS'!B18 -> 0.61458333 | C41: ='10U COED PLATINUM-8 TEAMS'!C18&"" -> WOOLLETT FAR LEFT | D41: ='10U COED PLATINUM-8 TEAMS'!D18&"" -> 10Cpt08 | E41: ='10U COED PLATINUM-8 TEAMS'!E18&"" -> A2-FOOTHILL RED | F41: ='10U COED PLATINUM-8 TEAMS'!F18&"" -> 5 | G41: ='10U COED PLATINUM-8 TEAMS'!G18&"" -> A3-YOLO BLACK | H41: ='10U COED PLATINUM-8 TEAMS'!H18&"" -> 11 | I41: ='10U COED PLATINUM-8 TEAMS'!I18&"" -> bracket, A2/A3 | J41: ='10U COED PLATINUM-8 TEAMS'!J18&"" -> 10U_COED_PLATINUM | K41: =TEXT(DATE(2026, MONTH(A41), DAY(A41)) + TIME(HOUR(B41), MINUTE(B41), 0), "yyyymmddhhmm") -> 202601311445
A42: ='10U COED PLATINUM-8 TEAMS'!A22 -> 46054 | B42: ='10U COED PLATINUM-8 TEAMS'!B22 -> 0.39583333 | C42: ='10U COED PLATINUM-8 TEAMS'!C22&"" -> WOOLLETT FAR LEFT | D42: ='10U COED PLATINUM-8 TEAMS'!D22&"" -> 10Cpt09 | E42: ='10U COED PLATINUM-8 TEAMS'!E22&"" -> B3-PATRIOT RED | F42: ='10U COED PLATINUM-8 TEAMS'!F22&"" -> 21 | G42: ='10U COED PLATINUM-8 TEAMS'!G22&"" -> B4-LAMORINDA GOLD (B) | H42: ='10U COED PLATINUM-8 TEAMS'!H22&"" -> 6 | I42: ='10U COED PLATINUM-8 TEAMS'!I22&"" -> bracket, B3/B4 | J42: ='10U COED PLATINUM-8 TEAMS'!J22&"" -> 10U_COED_PLATINUM | K42: =TEXT(DATE(2026, MONTH(A42), DAY(A42)) + TIME(HOUR(B42), MINUTE(B42), 0), "yyyymmddhhmm") -> 202602010930
A43: ='10U COED PLATINUM-8 TEAMS'!A23 -> 46054 | B43: ='10U COED PLATINUM-8 TEAMS'!B23 -> 0.42708333 | C43: ='10U COED PLATINUM-8 TEAMS'!C23&"" -> WOOLLETT FAR LEFT | D43: ='10U COED PLATINUM-8 TEAMS'!D23&"" -> 10Cpt10 | E43: ='10U COED PLATINUM-8 TEAMS'!E23&"" -> A3-YOLO BLACK | F43: ='10U COED PLATINUM-8 TEAMS'!F23&"" -> 7 | G43: ='10U COED PLATINUM-8 TEAMS'!G23&"" -> A4-NORTH IRVINE BLACK | H43: ='10U COED PLATINUM-8 TEAMS'!H23&"" -> 12 | I43: ='10U COED PLATINUM-8 TEAMS'!I23&"" -> bracket, A3/A4 | J43: ='10U COED PLATINUM-8 TEAMS'!J23&"" -> 10U_COED_PLATINUM | K43: =TEXT(DATE(2026, MONTH(A43), DAY(A43)) + TIME(HOUR(B43), MINUTE(B43), 0), "yyyymmddhhmm") -> 202602011015
A44: ='10U COED PLATINUM-8 TEAMS'!A24 -> 46054 | B44: ='10U COED PLATINUM-8 TEAMS'!B24 -> 0.45833333 | C44: ='10U COED PLATINUM-8 TEAMS'!C24&"" -> WOOLLETT FAR LEFT | D44: ='10U COED PLATINUM-8 TEAMS'!D24&"" -> 10Cpt11 | E44: ='10U COED PLATINUM-8 TEAMS'!E24&"" -> B1-ORANGE COUNTY WPC BLUE | F44: ='10U COED PLATINUM-8 TEAMS'!F24&"" -> 18 | G44: ='10U COED PLATINUM-8 TEAMS'!G24&"" -> B2-CHULA VISTA PREMIER | H44: ='10U COED PLATINUM-8 TEAMS'!H24&"" -> 10 | I44: ='10U COED PLATINUM-8 TEAMS'!I24&"" -> bracket, B1/B2 | J44: ='10U COED PLATINUM-8 TEAMS'!J24&"" -> 10U_COED_PLATINUM | K44: =TEXT(DATE(2026, MONTH(A44), DAY(A44)) + TIME(HOUR(B44), MINUTE(B44), 0), "yyyymmddhhmm") -> 202602011100
A45: ='10U COED PLATINUM-8 TEAMS'!A25 -> 46054 | B45: ='10U COED PLATINUM-8 TEAMS'!B25 -> 0.48958333 | C45: ='10U COED PLATINUM-8 TEAMS'!C25&"" -> WOOLLETT FAR LEFT | D45: ='10U COED PLATINUM-8 TEAMS'!D25&"" -> 10Cpt12 | E45: ='10U COED PLATINUM-8 TEAMS'!E25&"" -> A1-CHANNEL ISLANDS UNITED | F45: ='10U COED PLATINUM-8 TEAMS'!F25&"" -> 19 | G45: ='10U COED PLATINUM-8 TEAMS'!G25&"" -> A2-FOOTHILL RED | H45: ='10U COED PLATINUM-8 TEAMS'!H25&"" -> 6 | I45: ='10U COED PLATINUM-8 TEAMS'!I25&"" -> bracket, A1/A2 | J45: ='10U COED PLATINUM-8 TEAMS'!J25&"" -> 10U_COED_PLATINUM | K45: =TEXT(DATE(2026, MONTH(A45), DAY(A45)) + TIME(HOUR(B45), MINUTE(B45), 0), "yyyymmddhhmm") -> 202602011145
A46: ='10U COED PLATINUM-8 TEAMS'!A27 -> 46054 | B46: ='10U COED PLATINUM-8 TEAMS'!B27 -> 0.58333333 | C46: ='10U COED PLATINUM-8 TEAMS'!C27&"" -> BECKMAN HS 2 | D46: ='10U COED PLATINUM-8 TEAMS'!D27&"" -> 10Cpt13 | E46: ='10U COED PLATINUM-8 TEAMS'!E27&"" -> 4thA-FOOTHILL RED | F46: ='10U COED PLATINUM-8 TEAMS'!F27&"" -> 15 | G46: ='10U COED PLATINUM-8 TEAMS'!G27&"" -> 4thB-LAMORINDA GOLD (B) | H46: ='10U COED PLATINUM-8 TEAMS'!H27&"" -> 5 | I46: ='10U COED PLATINUM-8 TEAMS'!I27&"" -> 7th | J46: ='10U COED PLATINUM-8 TEAMS'!J27&"" -> 10U_COED_PLATINUM | K46: =TEXT(DATE(2026, MONTH(A46), DAY(A46)) + TIME(HOUR(B46), MINUTE(B46), 0), "yyyymmddhhmm") -> 202602011400
A47: ='10U COED PLATINUM-8 TEAMS'!A28 -> 46054 | B47: ='10U COED PLATINUM-8 TEAMS'!B28 -> 0.61458333 | C47: ='10U COED PLATINUM-8 TEAMS'!C28&"" -> BECKMAN HS 2 | D47: ='10U COED PLATINUM-8 TEAMS'!D28&"" -> 10Cpt14 | E47: ='10U COED PLATINUM-8 TEAMS'!E28&"" -> 3rdA-YOLO BLACK | F47: ='10U COED PLATINUM-8 TEAMS'!F28&"" -> 17 | G47: ='10U COED PLATINUM-8 TEAMS'!G28&"" -> 3rdB-PATRIOT RED | H47: ='10U COED PLATINUM-8 TEAMS'!H28&"" -> 4 | I47: ='10U COED PLATINUM-8 TEAMS'!I28&"" -> 5th | J47: ='10U COED PLATINUM-8 TEAMS'!J28&"" -> 10U_COED_PLATINUM | K47: =TEXT(DATE(2026, MONTH(A47), DAY(A47)) + TIME(HOUR(B47), MINUTE(B47), 0), "yyyymmddhhmm") -> 202602011445
A48: ='10U COED PLATINUM-8 TEAMS'!A29 -> 46054 | B48: ='10U COED PLATINUM-8 TEAMS'!B29 -> 0.64583333 | C48: ='10U COED PLATINUM-8 TEAMS'!C29&"" -> WOOLLETT FAR LEFT | D48: ='10U COED PLATINUM-8 TEAMS'!D29&"" -> 10Cpt15 | E48: ='10U COED PLATINUM-8 TEAMS'!E29&"" -> 2ndA-CHANNEL ISLANDS UNITED | F48: ='10U COED PLATINUM-8 TEAMS'!F29&"" -> 9 | G48: ='10U COED PLATINUM-8 TEAMS'!G29&"" -> 2ndB-CHULA VISTA PREMIER | H48: ='10U COED PLATINUM-8 TEAMS'!H29&"" -> 8 | I48: ='10U COED PLATINUM-8 TEAMS'!I29&"" -> 3rd | J48: ='10U COED PLATINUM-8 TEAMS'!J29&"" -> 10U_COED_PLATINUM | K48: =TEXT(DATE(2026, MONTH(A48), DAY(A48)) + TIME(HOUR(B48), MINUTE(B48), 0), "yyyymmddhhmm") -> 202602011530
A49: ='10U COED PLATINUM-8 TEAMS'!A30 -> 46054 | B49: ='10U COED PLATINUM-8 TEAMS'!B30 -> 0.67708333 | C49: ='10U COED PLATINUM-8 TEAMS'!C30&"" -> WOOLLETT FAR LEFT | D49: ='10U COED PLATINUM-8 TEAMS'!D30&"" -> 10Cpt16 | E49: ='10U COED PLATINUM-8 TEAMS'!E30&"" -> 1stA-NORTH IRVINE BLACK | F49: ='10U COED PLATINUM-8 TEAMS'!F30&"" -> 8 | G49: ='10U COED PLATINUM-8 TEAMS'!G30&"" -> 1stB-ORANGE COUNTY WPC BLUE | H49: ='10U COED PLATINUM-8 TEAMS'!H30&"" -> 4 | I49: ='10U COED PLATINUM-8 TEAMS'!I30&"" -> 1st | J49: ='10U COED PLATINUM-8 TEAMS'!J30&"" -> 10U_COED_PLATINUM | K49: =TEXT(DATE(2026, MONTH(A49), DAY(A49)) + TIME(HOUR(B49), MINUTE(B49), 0), "yyyymmddhhmm") -> 202602011615
A50: ='10U BOYS-8 TEAMS'!A10 -> 46053 | B50: ='10U BOYS-8 TEAMS'!B10 -> 0.33333333 | C50: ='10U BOYS-8 TEAMS'!C10&"" -> BECKMAN HS 2 | D50: ='10U BOYS-8 TEAMS'!D10&"" -> 10B01 | E50: ='10U BOYS-8 TEAMS'!E10&"" -> B1-CC UNITED BLACK | F50: ='10U BOYS-8 TEAMS'!F10&"" -> 9 | G50: ='10U BOYS-8 TEAMS'!G10&"" -> B3-STANFORD RED | H50: ='10U BOYS-8 TEAMS'!H10&"" -> 8 | I50: ='10U BOYS-8 TEAMS'!I10&"" -> bracket, B1/B3 | J50: ='10U BOYS-8 TEAMS'!J10&"" -> 10U_BOYS | K50: =TEXT(DATE(2026, MONTH(A50), DAY(A50)) + TIME(HOUR(B50), MINUTE(B50), 0), "yyyymmddhhmm") -> 202601310800
A51: ='10U BOYS-8 TEAMS'!A11 -> 46053 | B51: ='10U BOYS-8 TEAMS'!B11 -> 0.36458333 | C51: ='10U BOYS-8 TEAMS'!C11&"" -> BECKMAN HS 2 | D51: ='10U BOYS-8 TEAMS'!D11&"" -> 10B02 | E51: ='10U BOYS-8 TEAMS'!E11&"" -> B2-SAN CLEMENTE RED | F51: ='10U BOYS-8 TEAMS'!F11&"" -> 16 | G51: ='10U BOYS-8 TEAMS'!G11&"" -> B4-680 BLUE | H51: ='10U BOYS-8 TEAMS'!H11&"" -> 0 | I51: ='10U BOYS-8 TEAMS'!I11&"" -> bracket, B2/B4 | J51: ='10U BOYS-8 TEAMS'!J11&"" -> 10U_BOYS | K51: =TEXT(DATE(2026, MONTH(A51), DAY(A51)) + TIME(HOUR(B51), MINUTE(B51), 0), "yyyymmddhhmm") -> 202601310845
A52: ='10U BOYS-8 TEAMS'!A12 -> 46053 | B52: ='10U BOYS-8 TEAMS'!B12 -> 0.39583333 | C52: ='10U BOYS-8 TEAMS'!C12&"" -> BECKMAN HS 2 | D52: ='10U BOYS-8 TEAMS'!D12&"" -> 10B03 | E52: ='10U BOYS-8 TEAMS'!E12&"" -> A1-LAMORINDA BLUE (A) | F52: ='10U BOYS-8 TEAMS'!F12&"" -> 10 | G52: ='10U BOYS-8 TEAMS'!G12&"" -> A3-LA PREMIER | H52: ='10U BOYS-8 TEAMS'!H12&"" -> 1 | I52: ='10U BOYS-8 TEAMS'!I12&"" -> bracket, A1/A3 | J52: ='10U BOYS-8 TEAMS'!J12&"" -> 10U_BOYS | K52: =TEXT(DATE(2026, MONTH(A52), DAY(A52)) + TIME(HOUR(B52), MINUTE(B52), 0), "yyyymmddhhmm") -> 202601310930
A53: ='10U BOYS-8 TEAMS'!A13 -> 46053 | B53: ='10U BOYS-8 TEAMS'!B13 -> 0.42708333 | C53: ='10U BOYS-8 TEAMS'!C13&"" -> BECKMAN HS 2 | D53: ='10U BOYS-8 TEAMS'!D13&"" -> 10B04 | E53: ='10U BOYS-8 TEAMS'!E13&"" -> A2-680 RED | F53: ='10U BOYS-8 TEAMS'!F13&"" -> 14 | G53: ='10U BOYS-8 TEAMS'!G13&"" -> A4-CC UNITED BLUE | H53: ='10U BOYS-8 TEAMS'!H13&"" -> 0 | I53: ='10U BOYS-8 TEAMS'!I13&"" -> bracket, A2/A4 | J53: ='10U BOYS-8 TEAMS'!J13&"" -> 10U_BOYS | K53: =TEXT(DATE(2026, MONTH(A53), DAY(A53)) + TIME(HOUR(B53), MINUTE(B53), 0), "yyyymmddhhmm") -> 202601311015
A54: ='10U BOYS-8 TEAMS'!A14 -> 46053 | B54: ='10U BOYS-8 TEAMS'!B14 -> 0.45833333 | C54: ='10U BOYS-8 TEAMS'!C14&"" -> BECKMAN HS 2 | D54: ='10U BOYS-8 TEAMS'!D14&"" -> 10B05 | E54: ='10U BOYS-8 TEAMS'!E14&"" -> B1-CC UNITED BLACK | F54: ='10U BOYS-8 TEAMS'!F14&"" -> 21 | G54: ='10U BOYS-8 TEAMS'!G14&"" -> B4-680 BLUE | H54: ='10U BOYS-8 TEAMS'!H14&"" -> 0 | I54: ='10U BOYS-8 TEAMS'!I14&"" -> bracket, B1/B4 | J54: ='10U BOYS-8 TEAMS'!J14&"" -> 10U_BOYS | K54: =TEXT(DATE(2026, MONTH(A54), DAY(A54)) + TIME(HOUR(B54), MINUTE(B54), 0), "yyyymmddhhmm") -> 202601311100
A55: ='10U BOYS-8 TEAMS'!A15 -> 46053 | B55: ='10U BOYS-8 TEAMS'!B15 -> 0.48958333 | C55: ='10U BOYS-8 TEAMS'!C15&"" -> BECKMAN HS 2 | D55: ='10U BOYS-8 TEAMS'!D15&"" -> 10B06 | E55: ='10U BOYS-8 TEAMS'!E15&"" -> B2-SAN CLEMENTE RED | F55: ='10U BOYS-8 TEAMS'!F15&"" -> 14 | G55: ='10U BOYS-8 TEAMS'!G15&"" -> B3-STANFORD RED | H55: ='10U BOYS-8 TEAMS'!H15&"" -> 9 | I55: ='10U BOYS-8 TEAMS'!I15&"" -> bracket, B2/B3 | J55: ='10U BOYS-8 TEAMS'!J15&"" -> 10U_BOYS | K55: =TEXT(DATE(2026, MONTH(A55), DAY(A55)) + TIME(HOUR(B55), MINUTE(B55), 0), "yyyymmddhhmm") -> 202601311145
A56: ='10U BOYS-8 TEAMS'!A16 -> 46053 | B56: ='10U BOYS-8 TEAMS'!B16 -> 0.52083333 | C56: ='10U BOYS-8 TEAMS'!C16&"" -> BECKMAN HS 2 | D56: ='10U BOYS-8 TEAMS'!D16&"" -> 10B07 | E56: ='10U BOYS-8 TEAMS'!E16&"" -> A1-LAMORINDA BLUE (A) | F56: ='10U BOYS-8 TEAMS'!F16&"" -> 10 | G56: ='10U BOYS-8 TEAMS'!G16&"" -> A4-CC UNITED BLUE | H56: ='10U BOYS-8 TEAMS'!H16&"" -> 6 | I56: ='10U BOYS-8 TEAMS'!I16&"" -> bracket, A1/A4 | J56: ='10U BOYS-8 TEAMS'!J16&"" -> 10U_BOYS | K56: =TEXT(DATE(2026, MONTH(A56), DAY(A56)) + TIME(HOUR(B56), MINUTE(B56), 0), "yyyymmddhhmm") -> 202601311230
A57: ='10U BOYS-8 TEAMS'!A17 -> 46053 | B57: ='10U BOYS-8 TEAMS'!B17 -> 0.55208333 | C57: ='10U BOYS-8 TEAMS'!C17&"" -> BECKMAN HS 2 | D57: ='10U BOYS-8 TEAMS'!D17&"" -> 10B08 | E57: ='10U BOYS-8 TEAMS'!E17&"" -> A2-680 RED | F57: ='10U BOYS-8 TEAMS'!F17&"" -> 16 | G57: ='10U BOYS-8 TEAMS'!G17&"" -> A3-LA PREMIER | H57: ='10U BOYS-8 TEAMS'!H17&"" -> 4 | I57: ='10U BOYS-8 TEAMS'!I17&"" -> bracket, A2/A3 | J57: ='10U BOYS-8 TEAMS'!J17&"" -> 10U_BOYS | K57: =TEXT(DATE(2026, MONTH(A57), DAY(A57)) + TIME(HOUR(B57), MINUTE(B57), 0), "yyyymmddhhmm") -> 202601311315
A58: ='10U BOYS-8 TEAMS'!A21 -> 46054 | B58: ='10U BOYS-8 TEAMS'!B21 -> 0.33333333 | C58: ='10U BOYS-8 TEAMS'!C21&"" -> BECKMAN HS 2 | D58: ='10U BOYS-8 TEAMS'!D21&"" -> 10B09 | E58: ='10U BOYS-8 TEAMS'!E21&"" -> B3-STANFORD RED | F58: ='10U BOYS-8 TEAMS'!F21&"" -> 12 | G58: ='10U BOYS-8 TEAMS'!G21&"" -> B4-680 BLUE | H58: ='10U BOYS-8 TEAMS'!H21&"" -> 0 | I58: ='10U BOYS-8 TEAMS'!I21&"" -> bracket, B3/B4 | J58: ='10U BOYS-8 TEAMS'!J21&"" -> 10U_BOYS | K58: =TEXT(DATE(2026, MONTH(A58), DAY(A58)) + TIME(HOUR(B58), MINUTE(B58), 0), "yyyymmddhhmm") -> 202602010800
A59: ='10U BOYS-8 TEAMS'!A22 -> 46054 | B59: ='10U BOYS-8 TEAMS'!B22 -> 0.36458333 | C59: ='10U BOYS-8 TEAMS'!C22&"" -> BECKMAN HS 2 | D59: ='10U BOYS-8 TEAMS'!D22&"" -> 10B10 | E59: ='10U BOYS-8 TEAMS'!E22&"" -> A3-LA PREMIER | F59: ='10U BOYS-8 TEAMS'!F22&"" -> 2 | G59: ='10U BOYS-8 TEAMS'!G22&"" -> A4-CC UNITED BLUE | H59: ='10U BOYS-8 TEAMS'!H22&"" -> 9 | I59: ='10U BOYS-8 TEAMS'!I22&"" -> bracket, A3/A4 | J59: ='10U BOYS-8 TEAMS'!J22&"" -> 10U_BOYS | K59: =TEXT(DATE(2026, MONTH(A59), DAY(A59)) + TIME(HOUR(B59), MINUTE(B59), 0), "yyyymmddhhmm") -> 202602010845
A60: ='10U BOYS-8 TEAMS'!A23 -> 46054 | B60: ='10U BOYS-8 TEAMS'!B23 -> 0.39583333 | C60: ='10U BOYS-8 TEAMS'!C23&"" -> BECKMAN HS 2 | D60: ='10U BOYS-8 TEAMS'!D23&"" -> 10B11 | E60: ='10U BOYS-8 TEAMS'!E23&"" -> B1-CC UNITED BLACK | F60: ='10U BOYS-8 TEAMS'!F23&"" -> 8 | G60: ='10U BOYS-8 TEAMS'!G23&"" -> B2-SAN CLEMENTE RED | H60: ='10U BOYS-8 TEAMS'!H23&"" -> 7 | I60: ='10U BOYS-8 TEAMS'!I23&"" -> bracket, B1/B2 | J60: ='10U BOYS-8 TEAMS'!J23&"" -> 10U_BOYS | K60: =TEXT(DATE(2026, MONTH(A60), DAY(A60)) + TIME(HOUR(B60), MINUTE(B60), 0), "yyyymmddhhmm") -> 202602010930
A61: ='10U BOYS-8 TEAMS'!A24 -> 46054 | B61: ='10U BOYS-8 TEAMS'!B24 -> 0.42708333 | C61: ='10U BOYS-8 TEAMS'!C24&"" -> BECKMAN HS 2 | D61: ='10U BOYS-8 TEAMS'!D24&"" -> 10B12 | E61: ='10U BOYS-8 TEAMS'!E24&"" -> A1-LAMORINDA BLUE (A) | F61: ='10U BOYS-8 TEAMS'!F24&"" -> 6 | G61: ='10U BOYS-8 TEAMS'!G24&"" -> A2-680 RED | H61: ='10U BOYS-8 TEAMS'!H24&"" -> 16 | I61: ='10U BOYS-8 TEAMS'!I24&"" -> bracket, A1/A2 | J61: ='10U BOYS-8 TEAMS'!J24&"" -> 10U_BOYS | K61: =TEXT(DATE(2026, MONTH(A61), DAY(A61)) + TIME(HOUR(B61), MINUTE(B61), 0), "yyyymmddhhmm") -> 202602011015
A62: ='10U BOYS-8 TEAMS'!A26 -> 46054 | B62: ='10U BOYS-8 TEAMS'!B26 -> 0.52083333 | C62: ='10U BOYS-8 TEAMS'!C26&"" -> BECKMAN HS 2 | D62: ='10U BOYS-8 TEAMS'!D26&"" -> 10B13 | E62: ='10U BOYS-8 TEAMS'!E26&"" -> 4thA-LA PREMIER | F62: ='10U BOYS-8 TEAMS'!F26&"" -> 11 | G62: ='10U BOYS-8 TEAMS'!G26&"" -> 4thB-680 BLUE | H62: ='10U BOYS-8 TEAMS'!H26&"" -> 4 | I62: ='10U BOYS-8 TEAMS'!I26&"" -> 7th | J62: ='10U BOYS-8 TEAMS'!J26&"" -> 10U_BOYS | K62: =TEXT(DATE(2026, MONTH(A62), DAY(A62)) + TIME(HOUR(B62), MINUTE(B62), 0), "yyyymmddhhmm") -> 202602011230
A63: ='10U BOYS-8 TEAMS'!A27 -> 46054 | B63: ='10U BOYS-8 TEAMS'!B27 -> 0.55208333 | C63: ='10U BOYS-8 TEAMS'!C27&"" -> BECKMAN HS 2 | D63: ='10U BOYS-8 TEAMS'!D27&"" -> 10B14 | E63: ='10U BOYS-8 TEAMS'!E27&"" -> 3rdA-CC UNITED BLUE | F63: ='10U BOYS-8 TEAMS'!F27&"" -> 1 | G63: ='10U BOYS-8 TEAMS'!G27&"" -> 3rdB-STANFORD RED | H63: ='10U BOYS-8 TEAMS'!H27&"" -> 8 | I63: ='10U BOYS-8 TEAMS'!I27&"" -> 5th | J63: ='10U BOYS-8 TEAMS'!J27&"" -> 10U_BOYS | K63: =TEXT(DATE(2026, MONTH(A63), DAY(A63)) + TIME(HOUR(B63), MINUTE(B63), 0), "yyyymmddhhmm") -> 202602011315
A64: ='10U BOYS-8 TEAMS'!A28 -> 46054 | B64: ='10U BOYS-8 TEAMS'!B28 -> 0.58333333 | C64: ='10U BOYS-8 TEAMS'!C28&"" -> WOOLLETT FAR LEFT | D64: ='10U BOYS-8 TEAMS'!D28&"" -> 10B15 | E64: ='10U BOYS-8 TEAMS'!E28&"" -> 2ndA-LAMORINDA BLUE (A) | F64: ='10U BOYS-8 TEAMS'!F28&"" -> 6 | G64: ='10U BOYS-8 TEAMS'!G28&"" -> 2ndB-SAN CLEMENTE RED | H64: ='10U BOYS-8 TEAMS'!H28&"" -> 14 | I64: ='10U BOYS-8 TEAMS'!I28&"" -> 3rd | J64: ='10U BOYS-8 TEAMS'!J28&"" -> 10U_BOYS | K64: =TEXT(DATE(2026, MONTH(A64), DAY(A64)) + TIME(HOUR(B64), MINUTE(B64), 0), "yyyymmddhhmm") -> 202602011400
A65: ='10U BOYS-8 TEAMS'!A29 -> 46054 | B65: ='10U BOYS-8 TEAMS'!B29 -> 0.61458333 | C65: ='10U BOYS-8 TEAMS'!C29&"" -> WOOLLETT FAR LEFT | D65: ='10U BOYS-8 TEAMS'!D29&"" -> 10B16 | E65: ='10U BOYS-8 TEAMS'!E29&"" -> 1stA-680 RED | F65: ='10U BOYS-8 TEAMS'!F29&"" -> 6 | G65: ='10U BOYS-8 TEAMS'!G29&"" -> 1stB-CC UNITED BLACK | H65: ='10U BOYS-8 TEAMS'!H29&"" -> 3 | I65: ='10U BOYS-8 TEAMS'!I29&"" -> 1st | J65: ='10U BOYS-8 TEAMS'!J29&"" -> 10U_BOYS | K65: =TEXT(DATE(2026, MONTH(A65), DAY(A65)) + TIME(HOUR(B65), MINUTE(B65), 0), "yyyymmddhhmm") -> 202602011445
A66: ='12U GIRLS PLATINUM-12 TEAMS'!A9 -> 46053 | B66: ='12U GIRLS PLATINUM-12 TEAMS'!B9 -> 0.29166667 | C66: ='12U GIRLS PLATINUM-12 TEAMS'!C9&"" -> WOOLLETT FAR RIGHT | D66: ='12U GIRLS PLATINUM-12 TEAMS'!D9&"" -> 12Gpt01 | E66: ='12U GIRLS PLATINUM-12 TEAMS'!E9&"" -> A1-BACK BAY NAVY | F66: ='12U GIRLS PLATINUM-12 TEAMS'!F9&"" -> 18 | G66: ='12U GIRLS PLATINUM-12 TEAMS'!G9&"" -> A3-LAMORINDA C | H66: ='12U GIRLS PLATINUM-12 TEAMS'!H9&"" -> 10 | I66: ='12U GIRLS PLATINUM-12 TEAMS'!I9&"" -> A bracket A1,A3 | J66: ='12U GIRLS PLATINUM-12 TEAMS'!J9&"" -> 12U_GIRLS_PLATINUM | K66: =TEXT(DATE(2026, MONTH(A66), DAY(A66)) + TIME(HOUR(B66), MINUTE(B66), 0), "yyyymmddhhmm") -> 202601310700
A67: ='12U GIRLS PLATINUM-12 TEAMS'!A10 -> 46053 | B67: ='12U GIRLS PLATINUM-12 TEAMS'!B10 -> 0.32638889 | C67: ='12U GIRLS PLATINUM-12 TEAMS'!C10&"" -> WOOLLETT FAR RIGHT | D67: ='12U GIRLS PLATINUM-12 TEAMS'!D10&"" -> 12Gpt02 | E67: ='12U GIRLS PLATINUM-12 TEAMS'!E10&"" -> D1-SHAQ | F67: ='12U GIRLS PLATINUM-12 TEAMS'!F10&"" -> 12 | G67: ='12U GIRLS PLATINUM-12 TEAMS'!G10&"" -> D3-NORTH IRVINE | H67: ='12U GIRLS PLATINUM-12 TEAMS'!H10&"" -> 9 | I67: ='12U GIRLS PLATINUM-12 TEAMS'!I10&"" -> D bracket D1,D3 | J67: ='12U GIRLS PLATINUM-12 TEAMS'!J10&"" -> 12U_GIRLS_PLATINUM | K67: =TEXT(DATE(2026, MONTH(A67), DAY(A67)) + TIME(HOUR(B67), MINUTE(B67), 0), "yyyymmddhhmm") -> 202601310750
A68: ='12U GIRLS PLATINUM-12 TEAMS'!A12 -> 46053 | B68: ='12U GIRLS PLATINUM-12 TEAMS'!B12 -> 0.39583333 | C68: ='12U GIRLS PLATINUM-12 TEAMS'!C12&"" -> WOOLLETT FAR RIGHT | D68: ='12U GIRLS PLATINUM-12 TEAMS'!D12&"" -> 12Gpt03 | E68: ='12U GIRLS PLATINUM-12 TEAMS'!E12&"" -> B1-680 RED | F68: ='12U GIRLS PLATINUM-12 TEAMS'!F12&"" -> 14 | G68: ='12U GIRLS PLATINUM-12 TEAMS'!G12&"" -> B2-SOUTH COAST RED | H68: ='12U GIRLS PLATINUM-12 TEAMS'!H12&"" -> 4 | I68: ='12U GIRLS PLATINUM-12 TEAMS'!I12&"" -> B bracket B1,B2 | J68: ='12U GIRLS PLATINUM-12 TEAMS'!J12&"" -> 12U_GIRLS_PLATINUM | K68: =TEXT(DATE(2026, MONTH(A68), DAY(A68)) + TIME(HOUR(B68), MINUTE(B68), 0), "yyyymmddhhmm") -> 202601310930
A69: ='12U GIRLS PLATINUM-12 TEAMS'!A13 -> 46053 | B69: ='12U GIRLS PLATINUM-12 TEAMS'!B13 -> 0.43055556 | C69: ='12U GIRLS PLATINUM-12 TEAMS'!C13&"" -> WOOLLETT FAR RIGHT | D69: ='12U GIRLS PLATINUM-12 TEAMS'!D13&"" -> 12Gpt04 | E69: ='12U GIRLS PLATINUM-12 TEAMS'!E13&"" -> C2-DAVIS | F69: ='12U GIRLS PLATINUM-12 TEAMS'!F13&"" -> 1 | G69: ='12U GIRLS PLATINUM-12 TEAMS'!G13&"" -> C3-LAMORINDA B | H69: ='12U GIRLS PLATINUM-12 TEAMS'!H13&"" -> 16 | I69: ='12U GIRLS PLATINUM-12 TEAMS'!I13&"" -> C bracket C2,C3 | J69: ='12U GIRLS PLATINUM-12 TEAMS'!J13&"" -> 12U_GIRLS_PLATINUM | K69: =TEXT(DATE(2026, MONTH(A69), DAY(A69)) + TIME(HOUR(B69), MINUTE(B69), 0), "yyyymmddhhmm") -> 202601311020
A70: ='12U GIRLS PLATINUM-12 TEAMS'!A15 -> 46053 | B70: ='12U GIRLS PLATINUM-12 TEAMS'!B15 -> 0.5 | C70: ='12U GIRLS PLATINUM-12 TEAMS'!C15&"" -> WOOLLETT FAR RIGHT | D70: ='12U GIRLS PLATINUM-12 TEAMS'!D15&"" -> 12Gpt05 | E70: ='12U GIRLS PLATINUM-12 TEAMS'!E15&"" -> A1-BACK BAY NAVY | F70: ='12U GIRLS PLATINUM-12 TEAMS'!F15&"" -> 19 | G70: ='12U GIRLS PLATINUM-12 TEAMS'!G15&"" -> A2-GOLD COAST | H70: ='12U GIRLS PLATINUM-12 TEAMS'!H15&"" -> 2 | I70: ='12U GIRLS PLATINUM-12 TEAMS'!I15&"" -> A bracket A1,A2 | J70: ='12U GIRLS PLATINUM-12 TEAMS'!J15&"" -> 12U_GIRLS_PLATINUM | K70: =TEXT(DATE(2026, MONTH(A70), DAY(A70)) + TIME(HOUR(B70), MINUTE(B70), 0), "yyyymmddhhmm") -> 202601311200
A71: ='12U GIRLS PLATINUM-12 TEAMS'!A16 -> 46053 | B71: ='12U GIRLS PLATINUM-12 TEAMS'!B16 -> 0.53472222 | C71: ='12U GIRLS PLATINUM-12 TEAMS'!C16&"" -> WOOLLETT FAR RIGHT | D71: ='12U GIRLS PLATINUM-12 TEAMS'!D16&"" -> 12Gpt06 | E71: ='12U GIRLS PLATINUM-12 TEAMS'!E16&"" -> D1-SHAQ | F71: ='12U GIRLS PLATINUM-12 TEAMS'!F16&"" -> 11 | G71: ='12U GIRLS PLATINUM-12 TEAMS'!G16&"" -> D2-LA JOLLA UNITED | H71: ='12U GIRLS PLATINUM-12 TEAMS'!H16&"" -> 2 | I71: ='12U GIRLS PLATINUM-12 TEAMS'!I16&"" -> D bracket D1,D2 | J71: ='12U GIRLS PLATINUM-12 TEAMS'!J16&"" -> 12U_GIRLS_PLATINUM | K71: =TEXT(DATE(2026, MONTH(A71), DAY(A71)) + TIME(HOUR(B71), MINUTE(B71), 0), "yyyymmddhhmm") -> 202601311250
A72: ='12U GIRLS PLATINUM-12 TEAMS'!A18 -> 46053 | B72: ='12U GIRLS PLATINUM-12 TEAMS'!B18 -> 0.60416667 | C72: ='12U GIRLS PLATINUM-12 TEAMS'!C18&"" -> WOOLLETT FAR RIGHT | D72: ='12U GIRLS PLATINUM-12 TEAMS'!D18&"" -> 12Gpt07 | E72: ='12U GIRLS PLATINUM-12 TEAMS'!E18&"" -> B1-680 RED | F72: ='12U GIRLS PLATINUM-12 TEAMS'!F18&"" -> 12 | G72: ='12U GIRLS PLATINUM-12 TEAMS'!G18&"" -> B3-ORANGE COUNTY WPC BLUE | H72: ='12U GIRLS PLATINUM-12 TEAMS'!H18&"" -> 8 | I72: ='12U GIRLS PLATINUM-12 TEAMS'!I18&"" -> B bracket B1,B3 | J72: ='12U GIRLS PLATINUM-12 TEAMS'!J18&"" -> 12U_GIRLS_PLATINUM | K72: =TEXT(DATE(2026, MONTH(A72), DAY(A72)) + TIME(HOUR(B72), MINUTE(B72), 0), "yyyymmddhhmm") -> 202601311430
A73: ='12U GIRLS PLATINUM-12 TEAMS'!A19 -> 46053 | B73: ='12U GIRLS PLATINUM-12 TEAMS'!B19 -> 0.63888889 | C73: ='12U GIRLS PLATINUM-12 TEAMS'!C19&"" -> WOOLLETT FAR RIGHT | D73: ='12U GIRLS PLATINUM-12 TEAMS'!D19&"" -> 12Gpt09 | E73: ='12U GIRLS PLATINUM-12 TEAMS'!E19&"" -> A2-GOLD COAST | F73: ='12U GIRLS PLATINUM-12 TEAMS'!F19&"" -> 6 | G73: ='12U GIRLS PLATINUM-12 TEAMS'!G19&"" -> A3-LAMORINDA C | H73: ='12U GIRLS PLATINUM-12 TEAMS'!H19&"" -> 15 | I73: ='12U GIRLS PLATINUM-12 TEAMS'!I19&"" -> A bracket A2,A3 | J73: ='12U GIRLS PLATINUM-12 TEAMS'!J19&"" -> 12U_GIRLS_PLATINUM | K73: =TEXT(DATE(2026, MONTH(A73), DAY(A73)) + TIME(HOUR(B73), MINUTE(B73), 0), "yyyymmddhhmm") -> 202601311520
A74: ='12U GIRLS PLATINUM-12 TEAMS'!A20 -> 46053 | B74: ='12U GIRLS PLATINUM-12 TEAMS'!B20 -> 0.67361111 | C74: ='12U GIRLS PLATINUM-12 TEAMS'!C20&"" -> WOOLLETT FAR RIGHT | D74: ='12U GIRLS PLATINUM-12 TEAMS'!D20&"" -> 12Gpt08 | E74: ='12U GIRLS PLATINUM-12 TEAMS'!E20&"" -> C1-NEWPORT BEACH | F74: ='12U GIRLS PLATINUM-12 TEAMS'!F20&"" -> 8 | G74: ='12U GIRLS PLATINUM-12 TEAMS'!G20&"" -> C3-LAMORINDA B | H74: ='12U GIRLS PLATINUM-12 TEAMS'!H20&"" -> 7 | I74: ='12U GIRLS PLATINUM-12 TEAMS'!I20&"" -> C bracket C1,C3 | J74: ='12U GIRLS PLATINUM-12 TEAMS'!J20&"" -> 12U_GIRLS_PLATINUM | K74: =TEXT(DATE(2026, MONTH(A74), DAY(A74)) + TIME(HOUR(B74), MINUTE(B74), 0), "yyyymmddhhmm") -> 202601311610
A75: ='12U GIRLS PLATINUM-12 TEAMS'!A21 -> 46053 | B75: ='12U GIRLS PLATINUM-12 TEAMS'!B21 -> 0.70833333 | C75: ='12U GIRLS PLATINUM-12 TEAMS'!C21&"" -> WOOLLETT FAR RIGHT | D75: ='12U GIRLS PLATINUM-12 TEAMS'!D21&"" -> 12Gpt10 | E75: ='12U GIRLS PLATINUM-12 TEAMS'!E21&"" -> D2-LA JOLLA UNITED | F75: ='12U GIRLS PLATINUM-12 TEAMS'!F21&"" -> 7 | G75: ='12U GIRLS PLATINUM-12 TEAMS'!G21&"" -> D3-NORTH IRVINE | H75: ='12U GIRLS PLATINUM-12 TEAMS'!H21&"" -> 2 | I75: ='12U GIRLS PLATINUM-12 TEAMS'!I21&"" -> D bracket D2,D3 | J75: ='12U GIRLS PLATINUM-12 TEAMS'!J21&"" -> 12U_GIRLS_PLATINUM | K75: =TEXT(DATE(2026, MONTH(A75), DAY(A75)) + TIME(HOUR(B75), MINUTE(B75), 0), "yyyymmddhhmm") -> 202601311700
A76: ='12U GIRLS PLATINUM-12 TEAMS'!A22 -> 46053 | B76: ='12U GIRLS PLATINUM-12 TEAMS'!B22 -> 0.74305556 | C76: ='12U GIRLS PLATINUM-12 TEAMS'!C22&"" -> WOOLLETT FAR RIGHT | D76: ='12U GIRLS PLATINUM-12 TEAMS'!D22&"" -> 12Gpt11 | E76: ='12U GIRLS PLATINUM-12 TEAMS'!E22&"" -> B2-SOUTH COAST RED | F76: ='12U GIRLS PLATINUM-12 TEAMS'!F22&"" -> 11 | G76: ='12U GIRLS PLATINUM-12 TEAMS'!G22&"" -> B3-ORANGE COUNTY WPC BLUE | H76: ='12U GIRLS PLATINUM-12 TEAMS'!H22&"" -> 13 | I76: ='12U GIRLS PLATINUM-12 TEAMS'!I22&"" -> B bracket B2,B3 | J76: ='12U GIRLS PLATINUM-12 TEAMS'!J22&"" -> 12U_GIRLS_PLATINUM | K76: =TEXT(DATE(2026, MONTH(A76), DAY(A76)) + TIME(HOUR(B76), MINUTE(B76), 0), "yyyymmddhhmm") -> 202601311750
A77: ='12U GIRLS PLATINUM-12 TEAMS'!A23 -> 46053 | B77: ='12U GIRLS PLATINUM-12 TEAMS'!B23 -> 0.77777778 | C77: ='12U GIRLS PLATINUM-12 TEAMS'!C23&"" -> WOOLLETT FAR RIGHT | D77: ='12U GIRLS PLATINUM-12 TEAMS'!D23&"" -> 12Gpt12 | E77: ='12U GIRLS PLATINUM-12 TEAMS'!E23&"" -> C1-NEWPORT BEACH | F77: ='12U GIRLS PLATINUM-12 TEAMS'!F23&"" -> 10 | G77: ='12U GIRLS PLATINUM-12 TEAMS'!G23&"" -> C2-DAVIS | H77: ='12U GIRLS PLATINUM-12 TEAMS'!H23&"" -> 1 | I77: ='12U GIRLS PLATINUM-12 TEAMS'!I23&"" -> C bracket C1,C2 | J77: ='12U GIRLS PLATINUM-12 TEAMS'!J23&"" -> 12U_GIRLS_PLATINUM | K77: =TEXT(DATE(2026, MONTH(A77), DAY(A77)) + TIME(HOUR(B77), MINUTE(B77), 0), "yyyymmddhhmm") -> 202601311840
A78: ='12U GIRLS PLATINUM-12 TEAMS'!A27 -> 46054 | B78: ='12U GIRLS PLATINUM-12 TEAMS'!B27 -> 0.29166667 | C78: ='12U GIRLS PLATINUM-12 TEAMS'!C27&"" -> WOOLLETT FAR RIGHT | D78: ='12U GIRLS PLATINUM-12 TEAMS'!D27&"" -> 12Gpt15 | E78: ='12U GIRLS PLATINUM-12 TEAMS'!E27&"" -> 2ndA-LAMORINDA C | F78: ='12U GIRLS PLATINUM-12 TEAMS'!F27&"" -> 3 | G78: ='12U GIRLS PLATINUM-12 TEAMS'!G27&"" -> 2ndD-LA JOLLA UNITED | H78: ='12U GIRLS PLATINUM-12 TEAMS'!H27&"" -> 7 | I78: ='12U GIRLS PLATINUM-12 TEAMS'!I27&"" -> 5-8 semi 2A/2D | J78: ='12U GIRLS PLATINUM-12 TEAMS'!J27&"" -> 12U_GIRLS_PLATINUM | K78: =TEXT(DATE(2026, MONTH(A78), DAY(A78)) + TIME(HOUR(B78), MINUTE(B78), 0), "yyyymmddhhmm") -> 202602010700
A79: ='12U GIRLS PLATINUM-12 TEAMS'!A28 -> 46054 | B79: ='12U GIRLS PLATINUM-12 TEAMS'!B28 -> 0.32638889 | C79: ='12U GIRLS PLATINUM-12 TEAMS'!C28&"" -> WOOLLETT FAR RIGHT | D79: ='12U GIRLS PLATINUM-12 TEAMS'!D28&"" -> 12Gpt21 | E79: ='12U GIRLS PLATINUM-12 TEAMS'!E28&"" -> 3rdA-GOLD COAST | F79: ='12U GIRLS PLATINUM-12 TEAMS'!F28&"" -> 0 | G79: ='12U GIRLS PLATINUM-12 TEAMS'!G28&"" -> 3rdD-NORTH IRVINE | H79: ='12U GIRLS PLATINUM-12 TEAMS'!H28&"" -> 16 | I79: ='12U GIRLS PLATINUM-12 TEAMS'!I28&"" -> 9-12 semi 3A/3D | J79: ='12U GIRLS PLATINUM-12 TEAMS'!J28&"" -> 12U_GIRLS_PLATINUM | K79: =TEXT(DATE(2026, MONTH(A79), DAY(A79)) + TIME(HOUR(B79), MINUTE(B79), 0), "yyyymmddhhmm") -> 202602010750
A80: ='12U GIRLS PLATINUM-12 TEAMS'!A29 -> 46054 | B80: ='12U GIRLS PLATINUM-12 TEAMS'!B29 -> 0.36111111 | C80: ='12U GIRLS PLATINUM-12 TEAMS'!C29&"" -> WOOLLETT FAR RIGHT | D80: ='12U GIRLS PLATINUM-12 TEAMS'!D29&"" -> 12Gpt22 | E80: ='12U GIRLS PLATINUM-12 TEAMS'!E29&"" -> 3rdB-SOUTH COAST RED | F80: ='12U GIRLS PLATINUM-12 TEAMS'!F29&"" -> 12 | G80: ='12U GIRLS PLATINUM-12 TEAMS'!G29&"" -> 3rdC-DAVIS | H80: ='12U GIRLS PLATINUM-12 TEAMS'!H29&"" -> 2 | I80: ='12U GIRLS PLATINUM-12 TEAMS'!I29&"" -> 9-12 semi 3B/3C | J80: ='12U GIRLS PLATINUM-12 TEAMS'!J29&"" -> 12U_GIRLS_PLATINUM | K80: =TEXT(DATE(2026, MONTH(A80), DAY(A80)) + TIME(HOUR(B80), MINUTE(B80), 0), "yyyymmddhhmm") -> 202602010840
A81: ='12U GIRLS PLATINUM-12 TEAMS'!A30 -> 46054 | B81: ='12U GIRLS PLATINUM-12 TEAMS'!B30 -> 0.39583333 | C81: ='12U GIRLS PLATINUM-12 TEAMS'!C30&"" -> WOOLLETT FAR RIGHT | D81: ='12U GIRLS PLATINUM-12 TEAMS'!D30&"" -> 12Gpt16 | E81: ='12U GIRLS PLATINUM-12 TEAMS'!E30&"" -> 2ndB-ORANGE COUNTY WPC BLUE | F81: ='12U GIRLS PLATINUM-12 TEAMS'!F30&"" -> 13 | G81: ='12U GIRLS PLATINUM-12 TEAMS'!G30&"" -> 2ndC-LAMORINDA B | H81: ='12U GIRLS PLATINUM-12 TEAMS'!H30&"" -> 9 | I81: ='12U GIRLS PLATINUM-12 TEAMS'!I30&"" -> 5-8 semi 2B/2C | J81: ='12U GIRLS PLATINUM-12 TEAMS'!J30&"" -> 12U_GIRLS_PLATINUM | K81: =TEXT(DATE(2026, MONTH(A81), DAY(A81)) + TIME(HOUR(B81), MINUTE(B81), 0), "yyyymmddhhmm") -> 202602010930
A82: ='12U GIRLS PLATINUM-12 TEAMS'!A31 -> 46054 | B82: ='12U GIRLS PLATINUM-12 TEAMS'!B31 -> 0.43055556 | C82: ='12U GIRLS PLATINUM-12 TEAMS'!C31&"" -> WOOLLETT FAR RIGHT | D82: ='12U GIRLS PLATINUM-12 TEAMS'!D31&"" -> 12Gpt13 | E82: ='12U GIRLS PLATINUM-12 TEAMS'!E31&"" -> 1stA-BACK BAY NAVY | F82: ='12U GIRLS PLATINUM-12 TEAMS'!F31&"" -> 7 | G82: ='12U GIRLS PLATINUM-12 TEAMS'!G31&"" -> 1stD-SHAQ | H82: ='12U GIRLS PLATINUM-12 TEAMS'!H31&"" -> 2 | I82: ='12U GIRLS PLATINUM-12 TEAMS'!I31&"" -> 1-4 semi 1A/1D | J82: ='12U GIRLS PLATINUM-12 TEAMS'!J31&"" -> 12U_GIRLS_PLATINUM | K82: =TEXT(DATE(2026, MONTH(A82), DAY(A82)) + TIME(HOUR(B82), MINUTE(B82), 0), "yyyymmddhhmm") -> 202602011020
A83: ='12U GIRLS PLATINUM-12 TEAMS'!A32 -> 46054 | B83: ='12U GIRLS PLATINUM-12 TEAMS'!B32 -> 0.46527778 | C83: ='12U GIRLS PLATINUM-12 TEAMS'!C32&"" -> WOOLLETT FAR RIGHT | D83: ='12U GIRLS PLATINUM-12 TEAMS'!D32&"" -> 12Gpt14 | E83: ='12U GIRLS PLATINUM-12 TEAMS'!E32&"" -> 1stB-680 RED | F83: ='12U GIRLS PLATINUM-12 TEAMS'!F32&"" -> 4 | G83: ='12U GIRLS PLATINUM-12 TEAMS'!G32&"" -> 1stC-NEWPORT BEACH | H83: ='12U GIRLS PLATINUM-12 TEAMS'!H32&"" -> 2 | I83: ='12U GIRLS PLATINUM-12 TEAMS'!I32&"" -> 1-4 semi 1B/1C | J83: ='12U GIRLS PLATINUM-12 TEAMS'!J32&"" -> 12U_GIRLS_PLATINUM | K83: =TEXT(DATE(2026, MONTH(A83), DAY(A83)) + TIME(HOUR(B83), MINUTE(B83), 0), "yyyymmddhhmm") -> 202602011110
A84: ='12U GIRLS PLATINUM-12 TEAMS'!A33 -> 46054 | B84: ='12U GIRLS PLATINUM-12 TEAMS'!B33 -> 0.5 | C84: ='12U GIRLS PLATINUM-12 TEAMS'!C33&"" -> WOOLLETT FAR RIGHT | D84: ='12U GIRLS PLATINUM-12 TEAMS'!D33&"" -> 12Gpt23 | E84: ='12U GIRLS PLATINUM-12 TEAMS'!E33&"" -> W#21-NORTH IRVINE | F84: ='12U GIRLS PLATINUM-12 TEAMS'!F33&"" -> 6 | G84: ='12U GIRLS PLATINUM-12 TEAMS'!G33&"" -> W#22-SOUTH COAST RED | H84: ='12U GIRLS PLATINUM-12 TEAMS'!H33&"" -> 10 | I84: ='12U GIRLS PLATINUM-12 TEAMS'!I33&"" -> 9th | J84: ='12U GIRLS PLATINUM-12 TEAMS'!J33&"" -> 12U_GIRLS_PLATINUM | K84: =TEXT(DATE(2026, MONTH(A84), DAY(A84)) + TIME(HOUR(B84), MINUTE(B84), 0), "yyyymmddhhmm") -> 202602011200
A85: ='12U GIRLS PLATINUM-12 TEAMS'!A34 -> 46054 | B85: ='12U GIRLS PLATINUM-12 TEAMS'!B34 -> 0.53472222 | C85: ='12U GIRLS PLATINUM-12 TEAMS'!C34&"" -> WOOLLETT FAR RIGHT | D85: ='12U GIRLS PLATINUM-12 TEAMS'!D34&"" -> 12Gpt19 | E85: ='12U GIRLS PLATINUM-12 TEAMS'!E34&"" -> W#15-LA JOLLA UNITED | F85: ='12U GIRLS PLATINUM-12 TEAMS'!F34&"" -> 3 | G85: ='12U GIRLS PLATINUM-12 TEAMS'!G34&"" -> W#16-ORANGE COUNTY WPC BLUE | H85: ='12U GIRLS PLATINUM-12 TEAMS'!H34&"" -> 13 | I85: ='12U GIRLS PLATINUM-12 TEAMS'!I34&"" -> 5th | J85: ='12U GIRLS PLATINUM-12 TEAMS'!J34&"" -> 12U_GIRLS_PLATINUM | K85: =TEXT(DATE(2026, MONTH(A85), DAY(A85)) + TIME(HOUR(B85), MINUTE(B85), 0), "yyyymmddhhmm") -> 202602011250
A86: ='12U GIRLS PLATINUM-12 TEAMS'!A35 -> 46054 | B86: ='12U GIRLS PLATINUM-12 TEAMS'!B35 -> 0.56944444 | C86: ='12U GIRLS PLATINUM-12 TEAMS'!C35&"" -> WOOLLETT FAR RIGHT | D86: ='12U GIRLS PLATINUM-12 TEAMS'!D35&"" -> 12Gpt24 | E86: ='12U GIRLS PLATINUM-12 TEAMS'!E35&"" -> L#21-GOLD COAST | F86: ='12U GIRLS PLATINUM-12 TEAMS'!F35&"" -> 4 | G86: ='12U GIRLS PLATINUM-12 TEAMS'!G35&"" -> L#22-DAVIS | H86: ='12U GIRLS PLATINUM-12 TEAMS'!H35&"" -> 16 | I86: ='12U GIRLS PLATINUM-12 TEAMS'!I35&"" -> 11th | J86: ='12U GIRLS PLATINUM-12 TEAMS'!J35&"" -> 12U_GIRLS_PLATINUM | K86: =TEXT(DATE(2026, MONTH(A86), DAY(A86)) + TIME(HOUR(B86), MINUTE(B86), 0), "yyyymmddhhmm") -> 202602011340
A87: ='12U GIRLS PLATINUM-12 TEAMS'!A36 -> 46054 | B87: ='12U GIRLS PLATINUM-12 TEAMS'!B36 -> 0.60416667 | C87: ='12U GIRLS PLATINUM-12 TEAMS'!C36&"" -> WOOLLETT FAR RIGHT | D87: ='12U GIRLS PLATINUM-12 TEAMS'!D36&"" -> 12Gpt20 | E87: ='12U GIRLS PLATINUM-12 TEAMS'!E36&"" -> L#15-LAMORINDA C | F87: ='12U GIRLS PLATINUM-12 TEAMS'!F36&"" -> 5 | G87: ='12U GIRLS PLATINUM-12 TEAMS'!G36&"" -> L#16-LAMORINDA B | H87: ='12U GIRLS PLATINUM-12 TEAMS'!H36&"" -> 18 | I87: ='12U GIRLS PLATINUM-12 TEAMS'!I36&"" -> 7th | J87: ='12U GIRLS PLATINUM-12 TEAMS'!J36&"" -> 12U_GIRLS_PLATINUM | K87: =TEXT(DATE(2026, MONTH(A87), DAY(A87)) + TIME(HOUR(B87), MINUTE(B87), 0), "yyyymmddhhmm") -> 202602011430
A88: ='12U GIRLS PLATINUM-12 TEAMS'!A37 -> 46054 | B88: ='12U GIRLS PLATINUM-12 TEAMS'!B37 -> 0.63888889 | C88: ='12U GIRLS PLATINUM-12 TEAMS'!C37&"" -> WOOLLETT FAR RIGHT | D88: ='12U GIRLS PLATINUM-12 TEAMS'!D37&"" -> 12Gpt17 | E88: ='12U GIRLS PLATINUM-12 TEAMS'!E37&"" -> L#13-SHAQ | F88: ='12U GIRLS PLATINUM-12 TEAMS'!F37&"" -> 3 | G88: ='12U GIRLS PLATINUM-12 TEAMS'!G37&"" -> L#14-NEWPORT BEACH | H88: ='12U GIRLS PLATINUM-12 TEAMS'!H37&"" -> 2 | I88: ='12U GIRLS PLATINUM-12 TEAMS'!I37&"" -> 3rd | J88: ='12U GIRLS PLATINUM-12 TEAMS'!J37&"" -> 12U_GIRLS_PLATINUM | K88: =TEXT(DATE(2026, MONTH(A88), DAY(A88)) + TIME(HOUR(B88), MINUTE(B88), 0), "yyyymmddhhmm") -> 202602011520
A89: ='12U GIRLS PLATINUM-12 TEAMS'!A38 -> 46054 | B89: ='12U GIRLS PLATINUM-12 TEAMS'!B38 -> 0.67361111 | C89: ='12U GIRLS PLATINUM-12 TEAMS'!C38&"" -> WOOLLETT FAR RIGHT | D89: ='12U GIRLS PLATINUM-12 TEAMS'!D38&"" -> 12Gpt18 | E89: ='12U GIRLS PLATINUM-12 TEAMS'!E38&"" -> W#13-BACK BAY NAVY | F89: ='12U GIRLS PLATINUM-12 TEAMS'!F38&"" -> 4 | G89: ='12U GIRLS PLATINUM-12 TEAMS'!G38&"" -> W#14-680 RED | H89: ='12U GIRLS PLATINUM-12 TEAMS'!H38&"" -> 13 | I89: ='12U GIRLS PLATINUM-12 TEAMS'!I38&"" -> 1st | J89: ='12U GIRLS PLATINUM-12 TEAMS'!J38&"" -> 12U_GIRLS_PLATINUM | K89: =TEXT(DATE(2026, MONTH(A89), DAY(A89)) + TIME(HOUR(B89), MINUTE(B89), 0), "yyyymmddhhmm") -> 202602011610
A90: ='12U BOYS GOLD-24 TEAMS'!A14 -> 46053 | B90: ='12U BOYS GOLD-24 TEAMS'!B14 -> 0.36111111 | C90: ='12U BOYS GOLD-24 TEAMS'!C14&"" -> COSTA MESA HS 2 | D90: ='12U BOYS GOLD-24 TEAMS'!D14&"" -> 12Bau01 | E90: ='12U BOYS GOLD-24 TEAMS'!E14&"" -> A1(1)-ORANGE COUNTY WPC BLUE | F90: ='12U BOYS GOLD-24 TEAMS'!F14&"" -> 11 | G90: ='12U BOYS GOLD-24 TEAMS'!G14&"" -> A2(16)-STANFORD BLACK | H90: ='12U BOYS GOLD-24 TEAMS'!H14&"" -> 5 | I90: ='12U BOYS GOLD-24 TEAMS'!I14&"" -> A bracket A1,A2 | J90: ='12U BOYS GOLD-24 TEAMS'!J14&"" -> 12U_BOYS_GOLD | K90: =TEXT(DATE(2026, MONTH(A90), DAY(A90)) + TIME(HOUR(B90), MINUTE(B90), 0), "yyyymmddhhmm") -> 202601310840
A91: ='12U BOYS GOLD-24 TEAMS'!A28 -> 46053 | B91: ='12U BOYS GOLD-24 TEAMS'!B28 -> 0.36111111 | C91: ='12U BOYS GOLD-24 TEAMS'!C28&"" -> WOOLLETT FAR RIGHT | D91: ='12U BOYS GOLD-24 TEAMS'!D28&"" -> 12Bau04A | E91: ='12U BOYS GOLD-24 TEAMS'!E28&"" -> G1(6)-SAN MATEO | F91: ='12U BOYS GOLD-24 TEAMS'!F28&"" -> 22 | G91: ='12U BOYS GOLD-24 TEAMS'!G28&"" -> G3(22)-NORTH IRVINE WHITE | H91: ='12U BOYS GOLD-24 TEAMS'!H28&"" -> 2 | I91: ='12U BOYS GOLD-24 TEAMS'!I28&"" -> G bracket G1,G3 | J91: ='12U BOYS GOLD-24 TEAMS'!J28&"" -> 12U_BOYS_GOLD | K91: =TEXT(DATE(2026, MONTH(A91), DAY(A91)) + TIME(HOUR(B91), MINUTE(B91), 0), "yyyymmddhhmm") -> 202601310840
A92: ='12U BOYS GOLD-24 TEAMS'!A15 -> 46053 | B92: ='12U BOYS GOLD-24 TEAMS'!B15 -> 0.39583333 | C92: ='12U BOYS GOLD-24 TEAMS'!C15&"" -> COSTA MESA HS 2 | D92: ='12U BOYS GOLD-24 TEAMS'!D15&"" -> 12Bau02 | E92: ='12U BOYS GOLD-24 TEAMS'!E15&"" -> C1(5)-BACK BAY | F92: ='12U BOYS GOLD-24 TEAMS'!F15&"" -> 6 | G92: ='12U BOYS GOLD-24 TEAMS'!G15&"" -> C3(21)-MISSION WPC B | H92: ='12U BOYS GOLD-24 TEAMS'!H15&"" -> 16 | I92: ='12U BOYS GOLD-24 TEAMS'!I15&"" -> C bracket C1,C3 | J92: ='12U BOYS GOLD-24 TEAMS'!J15&"" -> 12U_BOYS_GOLD | K92: =TEXT(DATE(2026, MONTH(A92), DAY(A92)) + TIME(HOUR(B92), MINUTE(B92), 0), "yyyymmddhhmm") -> 202601310930
A93: ='12U BOYS GOLD-24 TEAMS'!A30 -> 46053 | B93: ='12U BOYS GOLD-24 TEAMS'!B30 -> 0.46527778 | C93: ='12U BOYS GOLD-24 TEAMS'!C30&"" -> COSTA MESA HS 2 | D93: ='12U BOYS GOLD-24 TEAMS'!D30&"" -> 12Bau01A | E93: ='12U BOYS GOLD-24 TEAMS'!E30&"" -> E1(2)-TROJAN | F93: ='12U BOYS GOLD-24 TEAMS'!F30&"" -> 15 | G93: ='12U BOYS GOLD-24 TEAMS'!G30&"" -> E3(18)-CC UNITED WHITE | H93: ='12U BOYS GOLD-24 TEAMS'!H30&"" -> 3 | I93: ='12U BOYS GOLD-24 TEAMS'!I30&"" -> E bracket E1,E3 | J93: ='12U BOYS GOLD-24 TEAMS'!J30&"" -> 12U_BOYS_GOLD | K93: =TEXT(DATE(2026, MONTH(A93), DAY(A93)) + TIME(HOUR(B93), MINUTE(B93), 0), "yyyymmddhhmm") -> 202601311110
A94: ='12U BOYS GOLD-24 TEAMS'!A17 -> 46053 | B94: ='12U BOYS GOLD-24 TEAMS'!B17 -> 0.46527778 | C94: ='12U BOYS GOLD-24 TEAMS'!C17&"" -> TUSTIN HS 2 | D94: ='12U BOYS GOLD-24 TEAMS'!D17&"" -> 12Bau03 | E94: ='12U BOYS GOLD-24 TEAMS'!E17&"" -> D1(8)-GOLD COAST | F94: ='12U BOYS GOLD-24 TEAMS'!F17&"" -> 12.3 | G94: ='12U BOYS GOLD-24 TEAMS'!G17&"" -> D3(24)-LAMORINDA B | H94: ='12U BOYS GOLD-24 TEAMS'!H17&"" -> 12.4 | I94: ='12U BOYS GOLD-24 TEAMS'!I17&"" -> D bracket D1,D3 | J94: ='12U BOYS GOLD-24 TEAMS'!J17&"" -> 12U_BOYS_GOLD | K94: =TEXT(DATE(2026, MONTH(A94), DAY(A94)) + TIME(HOUR(B94), MINUTE(B94), 0), "yyyymmddhhmm") -> 202601311110
A95: ='12U BOYS GOLD-24 TEAMS'!A31 -> 46053 | B95: ='12U BOYS GOLD-24 TEAMS'!B31 -> 0.46527778 | C95: ='12U BOYS GOLD-24 TEAMS'!C31&"" -> WOOLLETT FAR RIGHT | D95: ='12U BOYS GOLD-24 TEAMS'!D31&"" -> 12Bau08A | E95: ='12U BOYS GOLD-24 TEAMS'!E31&"" -> G1(6)-SAN MATEO | F95: ='12U BOYS GOLD-24 TEAMS'!F31&"" -> 8 | G95: ='12U BOYS GOLD-24 TEAMS'!G31&"" -> G2(11)-SOUTH COAST RED | H95: ='12U BOYS GOLD-24 TEAMS'!H31&"" -> 6 | I95: ='12U BOYS GOLD-24 TEAMS'!I31&"" -> G bracket G1,G2 | J95: ='12U BOYS GOLD-24 TEAMS'!J31&"" -> 12U_BOYS_GOLD | K95: =TEXT(DATE(2026, MONTH(A95), DAY(A95)) + TIME(HOUR(B95), MINUTE(B95), 0), "yyyymmddhhmm") -> 202601311110
A96: ='12U BOYS GOLD-24 TEAMS'!A32 -> 46053 | B96: ='12U BOYS GOLD-24 TEAMS'!B32 -> 0.5 | C96: ='12U BOYS GOLD-24 TEAMS'!C32&"" -> COSTA MESA HS 2 | D96: ='12U BOYS GOLD-24 TEAMS'!D32&"" -> 12Bau02A | E96: ='12U BOYS GOLD-24 TEAMS'!E32&"" -> H1(7)-FOOTHILL RED | F96: ='12U BOYS GOLD-24 TEAMS'!F32&"" -> 12 | G96: ='12U BOYS GOLD-24 TEAMS'!G32&"" -> H3(23)-STANFORD WHITE | H96: ='12U BOYS GOLD-24 TEAMS'!H32&"" -> 2 | I96: ='12U BOYS GOLD-24 TEAMS'!I32&"" -> H bracket H1,H3 | J96: ='12U BOYS GOLD-24 TEAMS'!J32&"" -> 12U_BOYS_GOLD | K96: =TEXT(DATE(2026, MONTH(A96), DAY(A96)) + TIME(HOUR(B96), MINUTE(B96), 0), "yyyymmddhhmm") -> 202601311200
A97: ='12U BOYS GOLD-24 TEAMS'!A18 -> 46053 | B97: ='12U BOYS GOLD-24 TEAMS'!B18 -> 0.5 | C97: ='12U BOYS GOLD-24 TEAMS'!C18&"" -> TUSTIN HS 2 | D97: ='12U BOYS GOLD-24 TEAMS'!D18&"" -> 12Bau04 | E97: ='12U BOYS GOLD-24 TEAMS'!E18&"" -> B1(4)-MARIN | F97: ='12U BOYS GOLD-24 TEAMS'!F18&"" -> 12 | G97: ='12U BOYS GOLD-24 TEAMS'!G18&"" -> B3(20)-LAMORINDA C | H97: ='12U BOYS GOLD-24 TEAMS'!H18&"" -> 0 | I97: ='12U BOYS GOLD-24 TEAMS'!I18&"" -> B bracket B1,B3 | J97: ='12U BOYS GOLD-24 TEAMS'!J18&"" -> 12U_BOYS_GOLD | K97: =TEXT(DATE(2026, MONTH(A97), DAY(A97)) + TIME(HOUR(B97), MINUTE(B97), 0), "yyyymmddhhmm") -> 202601311200
A98: ='12U BOYS GOLD-24 TEAMS'!A33 -> 46053 | B98: ='12U BOYS GOLD-24 TEAMS'!B33 -> 0.53472222 | C98: ='12U BOYS GOLD-24 TEAMS'!C33&"" -> COSTA MESA HS 2 | D98: ='12U BOYS GOLD-24 TEAMS'!D33&"" -> 12Bau03A | E98: ='12U BOYS GOLD-24 TEAMS'!E33&"" -> F1(3)-CMAC | F98: ='12U BOYS GOLD-24 TEAMS'!F33&"" -> 10 | G98: ='12U BOYS GOLD-24 TEAMS'!G33&"" -> F3(19)-PATRIOT 10 NAVY | H98: ='12U BOYS GOLD-24 TEAMS'!H33&"" -> 5 | I98: ='12U BOYS GOLD-24 TEAMS'!I33&"" -> F bracket F1,F3 | J98: ='12U BOYS GOLD-24 TEAMS'!J33&"" -> 12U_BOYS_GOLD | K98: =TEXT(DATE(2026, MONTH(A98), DAY(A98)) + TIME(HOUR(B98), MINUTE(B98), 0), "yyyymmddhhmm") -> 202601311250
A99: ='12U BOYS GOLD-24 TEAMS'!A19 -> 46053 | B99: ='12U BOYS GOLD-24 TEAMS'!B19 -> 0.53472222 | C99: ='12U BOYS GOLD-24 TEAMS'!C19&"" -> TUSTIN HS 2 | D99: ='12U BOYS GOLD-24 TEAMS'!D19&"" -> 12Bau05 | E99: ='12U BOYS GOLD-24 TEAMS'!E19&"" -> A1(1)-ORANGE COUNTY WPC BLUE | F99: ='12U BOYS GOLD-24 TEAMS'!F19&"" -> 18 | G99: ='12U BOYS GOLD-24 TEAMS'!G19&"" -> A3(17)-680 WHITE | H99: ='12U BOYS GOLD-24 TEAMS'!H19&"" -> 1 | I99: ='12U BOYS GOLD-24 TEAMS'!I19&"" -> A bracket A1,A3 | J99: ='12U BOYS GOLD-24 TEAMS'!J19&"" -> 12U_BOYS_GOLD | K99: =TEXT(DATE(2026, MONTH(A99), DAY(A99)) + TIME(HOUR(B99), MINUTE(B99), 0), "yyyymmddhhmm") -> 202601311250
A100: ='12U BOYS GOLD-24 TEAMS'!A34 -> 46053 | B100: ='12U BOYS GOLD-24 TEAMS'!B34 -> 0.56944444 | C100: ='12U BOYS GOLD-24 TEAMS'!C34&"" -> COSTA MESA HS 2 | D100: ='12U BOYS GOLD-24 TEAMS'!D34&"" -> 12Bau05A | E100: ='12U BOYS GOLD-24 TEAMS'!E34&"" -> E2(15)-LA JOLLA UNITED GOLD | F100: ='12U BOYS GOLD-24 TEAMS'!F34&"" -> 8 | G100: ='12U BOYS GOLD-24 TEAMS'!G34&"" -> E3(18)-CC UNITED WHITE | H100: ='12U BOYS GOLD-24 TEAMS'!H34&"" -> 5 | I100: ='12U BOYS GOLD-24 TEAMS'!I34&"" -> E bracket E2,E3 | J100: ='12U BOYS GOLD-24 TEAMS'!J34&"" -> 12U_BOYS_GOLD | K100: =TEXT(DATE(2026, MONTH(A100), DAY(A100)) + TIME(HOUR(B100), MINUTE(B100), 0), "yyyymmddhhmm") -> 202601311340
A101: ='12U BOYS GOLD-24 TEAMS'!A20 -> 46053 | B101: ='12U BOYS GOLD-24 TEAMS'!B20 -> 0.56944444 | C101: ='12U BOYS GOLD-24 TEAMS'!C20&"" -> TUSTIN HS 2 | D101: ='12U BOYS GOLD-24 TEAMS'!D20&"" -> 12Bau06 | E101: ='12U BOYS GOLD-24 TEAMS'!E20&"" -> C2(12)-CC UNITED BLUE | F101: ='12U BOYS GOLD-24 TEAMS'!F20&"" -> 5 | G101: ='12U BOYS GOLD-24 TEAMS'!G20&"" -> C3(21)-MISSION WPC B | H101: ='12U BOYS GOLD-24 TEAMS'!H20&"" -> 8 | I101: ='12U BOYS GOLD-24 TEAMS'!I20&"" -> C bracket C2,C3 | J101: ='12U BOYS GOLD-24 TEAMS'!J20&"" -> 12U_BOYS_GOLD | K101: =TEXT(DATE(2026, MONTH(A101), DAY(A101)) + TIME(HOUR(B101), MINUTE(B101), 0), "yyyymmddhhmm") -> 202601311340
A102: ='12U BOYS GOLD-24 TEAMS'!A35 -> 46053 | B102: ='12U BOYS GOLD-24 TEAMS'!B35 -> 0.56944444 | C102: ='12U BOYS GOLD-24 TEAMS'!C35&"" -> WOOLLETT FAR RIGHT | D102: ='12U BOYS GOLD-24 TEAMS'!D35&"" -> 12Bau12A | E102: ='12U BOYS GOLD-24 TEAMS'!E35&"" -> G2(11)-SOUTH COAST RED | F102: ='12U BOYS GOLD-24 TEAMS'!F35&"" -> 15 | G102: ='12U BOYS GOLD-24 TEAMS'!G35&"" -> G3(22)-NORTH IRVINE WHITE | H102: ='12U BOYS GOLD-24 TEAMS'!H35&"" -> 0 | I102: ='12U BOYS GOLD-24 TEAMS'!I35&"" -> G bracket G2,G3 | J102: ='12U BOYS GOLD-24 TEAMS'!J35&"" -> 12U_BOYS_GOLD | K102: =TEXT(DATE(2026, MONTH(A102), DAY(A102)) + TIME(HOUR(B102), MINUTE(B102), 0), "yyyymmddhhmm") -> 202601311340
A103: ='12U BOYS GOLD-24 TEAMS'!A36 -> 46053 | B103: ='12U BOYS GOLD-24 TEAMS'!B36 -> 0.60416667 | C103: ='12U BOYS GOLD-24 TEAMS'!C36&"" -> COSTA MESA HS 2 | D103: ='12U BOYS GOLD-24 TEAMS'!D36&"" -> 12Bau06A | E103: ='12U BOYS GOLD-24 TEAMS'!E36&"" -> H2(10)-AMERICAN RIVER BLUE | F103: ='12U BOYS GOLD-24 TEAMS'!F36&"" -> 9 | G103: ='12U BOYS GOLD-24 TEAMS'!G36&"" -> H3(23)-STANFORD WHITE | H103: ='12U BOYS GOLD-24 TEAMS'!H36&"" -> 15 | I103: ='12U BOYS GOLD-24 TEAMS'!I36&"" -> H bracket H2,H3 | J103: ='12U BOYS GOLD-24 TEAMS'!J36&"" -> 12U_BOYS_GOLD | K103: =TEXT(DATE(2026, MONTH(A103), DAY(A103)) + TIME(HOUR(B103), MINUTE(B103), 0), "yyyymmddhhmm") -> 202601311430
A104: ='12U BOYS GOLD-24 TEAMS'!A21 -> 46053 | B104: ='12U BOYS GOLD-24 TEAMS'!B21 -> 0.60416667 | C104: ='12U BOYS GOLD-24 TEAMS'!C21&"" -> TUSTIN HS 2 | D104: ='12U BOYS GOLD-24 TEAMS'!D21&"" -> 12Bau07 | E104: ='12U BOYS GOLD-24 TEAMS'!E21&"" -> D2(9)-NORTH IRVINE RED | F104: ='12U BOYS GOLD-24 TEAMS'!F21&"" -> 5 | G104: ='12U BOYS GOLD-24 TEAMS'!G21&"" -> D3(24)-LAMORINDA B | H104: ='12U BOYS GOLD-24 TEAMS'!H21&"" -> 9 | I104: ='12U BOYS GOLD-24 TEAMS'!I21&"" -> D bracket D2,D3 | J104: ='12U BOYS GOLD-24 TEAMS'!J21&"" -> 12U_BOYS_GOLD | K104: =TEXT(DATE(2026, MONTH(A104), DAY(A104)) + TIME(HOUR(B104), MINUTE(B104), 0), "yyyymmddhhmm") -> 202601311430
...

Sheet MASTER BY LOCATION
A1: ='10U COED GOLD-16 TEAMS CUSTOM'!A9 -> DATE | B1: ='10U COED GOLD-16 TEAMS CUSTOM'!B9 -> TIME | C1: ='10U COED GOLD-16 TEAMS CUSTOM'!C9&"" -> LOCATION | D1: ='10U COED GOLD-16 TEAMS CUSTOM'!D9&"" -> GAME ID | E1: ='10U COED GOLD-16 TEAMS CUSTOM'!E9&"" -> WHITE TEAM | F1: ='10U COED GOLD-16 TEAMS CUSTOM'!F9&"" -> S | G1: ='10U COED GOLD-16 TEAMS CUSTOM'!G9&"" -> DARK TEAM | H1: ='10U COED GOLD-16 TEAMS CUSTOM'!H9&"" -> S | I1: ='10U COED GOLD-16 TEAMS CUSTOM'!I9&"" -> COMMENTS | J1: ='10U COED GOLD-16 TEAMS CUSTOM'!J9&"" -> DIVISION | K1: SORTKEY
A2: ='14U GIRLS PLATINUM-10 TEAMS'!A10 -> 46053 | B2: ='14U GIRLS PLATINUM-10 TEAMS'!B10 -> 0.29166667 | C2: ='14U GIRLS PLATINUM-10 TEAMS'!C10&"" -> ALISO NIGUEL HS | D2: ='14U GIRLS PLATINUM-10 TEAMS'!D10&"" -> 14Gpt01 | E2: ='14U GIRLS PLATINUM-10 TEAMS'!E10&"" -> A1-CDM PINK | F2: ='14U GIRLS PLATINUM-10 TEAMS'!F10&"" -> 10 | G2: ='14U GIRLS PLATINUM-10 TEAMS'!G10&"" -> A3-STANFORD | H2: ='14U GIRLS PLATINUM-10 TEAMS'!H10&"" -> 1 | I2: ='14U GIRLS PLATINUM-10 TEAMS'!I10&"" -> A bracket A1,A3 | J2: ='14U GIRLS PLATINUM-10 TEAMS'!J10&"" -> 14U_GIRLS_PLATINUM | K2: =TEXT(DATE(2026, MONTH(A2), DAY(A2)) + TIME(HOUR(B2), MINUTE(B2), 0), "yyyymmddhhmm") -> 202601310700
A3: ='14U GIRLS PLATINUM-10 TEAMS'!A11 -> 46053 | B3: ='14U GIRLS PLATINUM-10 TEAMS'!B11 -> 0.32638889 | C3: ='14U GIRLS PLATINUM-10 TEAMS'!C11&"" -> ALISO NIGUEL HS | D3: ='14U GIRLS PLATINUM-10 TEAMS'!D11&"" -> 14Gpt02 | E3: ='14U GIRLS PLATINUM-10 TEAMS'!E11&"" -> B1-CC UNITED BLACK | F3: ='14U GIRLS PLATINUM-10 TEAMS'!F11&"" -> 7 | G3: ='14U GIRLS PLATINUM-10 TEAMS'!G11&"" -> B3-PATRIOT RED | H3: ='14U GIRLS PLATINUM-10 TEAMS'!H11&"" -> 10 | I3: ='14U GIRLS PLATINUM-10 TEAMS'!I11&"" -> B bracket B1,B3 | J3: ='14U GIRLS PLATINUM-10 TEAMS'!J11&"" -> 14U_GIRLS_PLATINUM | K3: =TEXT(DATE(2026, MONTH(A3), DAY(A3)) + TIME(HOUR(B3), MINUTE(B3), 0), "yyyymmddhhmm") -> 202601310750
A4: ='14U GIRLS PLATINUM-10 TEAMS'!A12 -> 46053 | B4: ='14U GIRLS PLATINUM-10 TEAMS'!B12 -> 0.36111111 | C4: ='14U GIRLS PLATINUM-10 TEAMS'!C12&"" -> ALISO NIGUEL HS | D4: ='14U GIRLS PLATINUM-10 TEAMS'!D12&"" -> 14Gpt03 | E4: ='14U GIRLS PLATINUM-10 TEAMS'!E12&"" -> C1-SANTA CRUZ BLACK | F4: ='14U GIRLS PLATINUM-10 TEAMS'!F12&"" -> 11 | G4: ='14U GIRLS PLATINUM-10 TEAMS'!G12&"" -> C4-LAMORINDA B | H4: ='14U GIRLS PLATINUM-10 TEAMS'!H12&"" -> 3 | I4: ='14U GIRLS PLATINUM-10 TEAMS'!I12&"" -> C bracket C1,C4 | J4: ='14U GIRLS PLATINUM-10 TEAMS'!J12&"" -> 14U_GIRLS_PLATINUM | K4: =TEXT(DATE(2026, MONTH(A4), DAY(A4)) + TIME(HOUR(B4), MINUTE(B4), 0), "yyyymmddhhmm") -> 202601310840
A5: ='14U GIRLS PLATINUM-10 TEAMS'!A13 -> 46053 | B5: ='14U GIRLS PLATINUM-10 TEAMS'!B13 -> 0.39583333 | C5: ='14U GIRLS PLATINUM-10 TEAMS'!C13&"" -> ALISO NIGUEL HS | D5: ='14U GIRLS PLATINUM-10 TEAMS'!D13&"" -> 14Gpt04 | E5: ='14U GIRLS PLATINUM-10 TEAMS'!E13&"" -> A2-DAVIS | F5: ='14U GIRLS PLATINUM-10 TEAMS'!F13&"" -> 5.2 | G5: ='14U GIRLS PLATINUM-10 TEAMS'!G13&"" -> A3-STANFORD | H5: ='14U GIRLS PLATINUM-10 TEAMS'!H13&"" -> 5.4 | I5: ='14U GIRLS PLATINUM-10 TEAMS'!I13&"" -> A bracket A2,A3 | J5: ='14U GIRLS PLATINUM-10 TEAMS'!J13&"" -> 14U_GIRLS_PLATINUM | K5: =TEXT(DATE(2026, MONTH(A5), DAY(A5)) + TIME(HOUR(B5), MINUTE(B5), 0), "yyyymmddhhmm") -> 202601310930
A6: ='14U GIRLS PLATINUM-10 TEAMS'!A14 -> 46053 | B6: ='14U GIRLS PLATINUM-10 TEAMS'!B14 -> 0.43055556 | C6: ='14U GIRLS PLATINUM-10 TEAMS'!C14&"" -> ALISO NIGUEL HS | D6: ='14U GIRLS PLATINUM-10 TEAMS'!D14&"" -> 14Gpt05 | E6: ='14U GIRLS PLATINUM-10 TEAMS'!E14&"" -> B2-NEWPORT BEACH | F6: ='14U GIRLS PLATINUM-10 TEAMS'!F14&"" -> 3 | G6: ='14U GIRLS PLATINUM-10 TEAMS'!G14&"" -> B3-PATRIOT RED | H6: ='14U GIRLS PLATINUM-10 TEAMS'!H14&"" -> 9 | I6: ='14U GIRLS PLATINUM-10 TEAMS'!I14&"" -> B bracket B2,B3 | J6: ='14U GIRLS PLATINUM-10 TEAMS'!J14&"" -> 14U_GIRLS_PLATINUM | K6: =TEXT(DATE(2026, MONTH(A6), DAY(A6)) + TIME(HOUR(B6), MINUTE(B6), 0), "yyyymmddhhmm") -> 202601311020
A7: ='14U GIRLS PLATINUM-10 TEAMS'!A15 -> 46053 | B7: ='14U GIRLS PLATINUM-10 TEAMS'!B15 -> 0.46527778 | C7: ='14U GIRLS PLATINUM-10 TEAMS'!C15&"" -> ALISO NIGUEL HS | D7: ='14U GIRLS PLATINUM-10 TEAMS'!D15&"" -> 14Gpt06 | E7: ='14U GIRLS PLATINUM-10 TEAMS'!E15&"" -> C3-FOOTHILL RED | F7: ='14U GIRLS PLATINUM-10 TEAMS'!F15&"" -> 5.2 | G7: ='14U GIRLS PLATINUM-10 TEAMS'!G15&"" -> C4-LAMORINDA B | H7: ='14U GIRLS PLATINUM-10 TEAMS'!H15&"" -> 5.3 | I7: ='14U GIRLS PLATINUM-10 TEAMS'!I15&"" -> C bracket C3,C4 | J7: ='14U GIRLS PLATINUM-10 TEAMS'!J15&"" -> 14U_GIRLS_PLATINUM | K7: =TEXT(DATE(2026, MONTH(A7), DAY(A7)) + TIME(HOUR(B7), MINUTE(B7), 0), "yyyymmddhhmm") -> 202601311110
A8: ='14U GIRLS PLATINUM-10 TEAMS'!A16 -> 46053 | B8: ='14U GIRLS PLATINUM-10 TEAMS'!B16 -> 0.5 | C8: ='14U GIRLS PLATINUM-10 TEAMS'!C16&"" -> ALISO NIGUEL HS | D8: ='14U GIRLS PLATINUM-10 TEAMS'!D16&"" -> 14Gpt07 | E8: ='14U GIRLS PLATINUM-10 TEAMS'!E16&"" -> C1-SANTA CRUZ BLACK | F8: ='14U GIRLS PLATINUM-10 TEAMS'!F16&"" -> 7 | G8: ='14U GIRLS PLATINUM-10 TEAMS'!G16&"" -> C2-SOUTH COAST RED (A) | H8: ='14U GIRLS PLATINUM-10 TEAMS'!H16&"" -> 5 | I8: ='14U GIRLS PLATINUM-10 TEAMS'!I16&"" -> C bracket C1,C2 | J8: ='14U GIRLS PLATINUM-10 TEAMS'!J16&"" -> 14U_GIRLS_PLATINUM | K8: =TEXT(DATE(2026, MONTH(A8), DAY(A8)) + TIME(HOUR(B8), MINUTE(B8), 0), "yyyymmddhhmm") -> 202601311200
A9: ='14U GIRLS PLATINUM-10 TEAMS'!A17 -> 46053 | B9: ='14U GIRLS PLATINUM-10 TEAMS'!B17 -> 0.53472222 | C9: ='14U GIRLS PLATINUM-10 TEAMS'!C17&"" -> ALISO NIGUEL HS | D9: ='14U GIRLS PLATINUM-10 TEAMS'!D17&"" -> 14Gpt08 | E9: ='14U GIRLS PLATINUM-10 TEAMS'!E17&"" -> A1-CDM PINK | F9: ='14U GIRLS PLATINUM-10 TEAMS'!F17&"" -> 3.5 | G9: ='14U GIRLS PLATINUM-10 TEAMS'!G17&"" -> A2-DAVIS | H9: ='14U GIRLS PLATINUM-10 TEAMS'!H17&"" -> 3.4 | I9: ='14U GIRLS PLATINUM-10 TEAMS'!I17&"" -> A bracket A1,A2 | J9: ='14U GIRLS PLATINUM-10 TEAMS'!J17&"" -> 14U_GIRLS_PLATINUM | K9: =TEXT(DATE(2026, MONTH(A9), DAY(A9)) + TIME(HOUR(B9), MINUTE(B9), 0), "yyyymmddhhmm") -> 202601311250
A10: ='14U GIRLS PLATINUM-10 TEAMS'!A18 -> 46053 | B10: ='14U GIRLS PLATINUM-10 TEAMS'!B18 -> 0.56944444 | C10: ='14U GIRLS PLATINUM-10 TEAMS'!C18&"" -> ALISO NIGUEL HS | D10: ='14U GIRLS PLATINUM-10 TEAMS'!D18&"" -> 14Gpt09 | E10: ='14U GIRLS PLATINUM-10 TEAMS'!E18&"" -> B1-CC UNITED BLACK | F10: ='14U GIRLS PLATINUM-10 TEAMS'!F18&"" -> 4 | G10: ='14U GIRLS PLATINUM-10 TEAMS'!G18&"" -> B2-NEWPORT BEACH | H10: ='14U GIRLS PLATINUM-10 TEAMS'!H18&"" -> 1 | I10: ='14U GIRLS PLATINUM-10 TEAMS'!I18&"" -> B bracket B1,B2 | J10: ='14U GIRLS PLATINUM-10 TEAMS'!J18&"" -> 14U_GIRLS_PLATINUM | K10: =TEXT(DATE(2026, MONTH(A10), DAY(A10)) + TIME(HOUR(B10), MINUTE(B10), 0), "yyyymmddhhmm") -> 202601311340
A11: ='14U GIRLS PLATINUM-10 TEAMS'!A19 -> 46053 | B11: ='14U GIRLS PLATINUM-10 TEAMS'!B19 -> 0.60416667 | C11: ='14U GIRLS PLATINUM-10 TEAMS'!C19&"" -> ALISO NIGUEL HS | D11: ='14U GIRLS PLATINUM-10 TEAMS'!D19&"" -> 14Gpt10 | E11: ='14U GIRLS PLATINUM-10 TEAMS'!E19&"" -> C2-SOUTH COAST RED (A) | F11: ='14U GIRLS PLATINUM-10 TEAMS'!F19&"" -> 11 | G11: ='14U GIRLS PLATINUM-10 TEAMS'!G19&"" -> C3-FOOTHILL RED | H11: ='14U GIRLS PLATINUM-10 TEAMS'!H19&"" -> 5 | I11: ='14U GIRLS PLATINUM-10 TEAMS'!I19&"" -> C bracket C2,C3 | J11: ='14U GIRLS PLATINUM-10 TEAMS'!J19&"" -> 14U_GIRLS_PLATINUM | K11: =TEXT(DATE(2026, MONTH(A11), DAY(A11)) + TIME(HOUR(B11), MINUTE(B11), 0), "yyyymmddhhmm") -> 202601311430
A12: ='14U GIRLS PLATINUM-10 TEAMS'!A23 -> 46054 | B12: ='14U GIRLS PLATINUM-10 TEAMS'!B23 -> 0.29166667 | C12: ='14U GIRLS PLATINUM-10 TEAMS'!C23&"" -> ALISO NIGUEL HS | D12: ='14U GIRLS PLATINUM-10 TEAMS'!D23&"" -> 14Gpt11 | E12: ='14U GIRLS PLATINUM-10 TEAMS'!E23&"" -> C2-SOUTH COAST RED (A) | F12: ='14U GIRLS PLATINUM-10 TEAMS'!F23&"" -> 5 | G12: ='14U GIRLS PLATINUM-10 TEAMS'!G23&"" -> C4-LAMORINDA B | H12: ='14U GIRLS PLATINUM-10 TEAMS'!H23&"" -> 4 | I12: ='14U GIRLS PLATINUM-10 TEAMS'!I23&"" -> C bracket C2,C4 | J12: ='14U GIRLS PLATINUM-10 TEAMS'!J23&"" -> 14U_GIRLS_PLATINUM | K12: =TEXT(DATE(2026, MONTH(A12), DAY(A12)) + TIME(HOUR(B12), MINUTE(B12), 0), "yyyymmddhhmm") -> 202602010700
A13: ='14U GIRLS PLATINUM-10 TEAMS'!A24 -> 46054 | B13: ='14U GIRLS PLATINUM-10 TEAMS'!B24 -> 0.32638889 | C13: ='14U GIRLS PLATINUM-10 TEAMS'!C24&"" -> ALISO NIGUEL HS | D13: ='14U GIRLS PLATINUM-10 TEAMS'!D24&"" -> 14Gpt12 | E13: ='14U GIRLS PLATINUM-10 TEAMS'!E24&"" -> C1-SANTA CRUZ BLACK | F13: ='14U GIRLS PLATINUM-10 TEAMS'!F24&"" -> 13 | G13: ='14U GIRLS PLATINUM-10 TEAMS'!G24&"" -> C3-FOOTHILL RED | H13: ='14U GIRLS PLATINUM-10 TEAMS'!H24&"" -> 3 | I13: ='14U GIRLS PLATINUM-10 TEAMS'!I24&"" -> C bracket C1,C3 | J13: ='14U GIRLS PLATINUM-10 TEAMS'!J24&"" -> 14U_GIRLS_PLATINUM | K13: =TEXT(DATE(2026, MONTH(A13), DAY(A13)) + TIME(HOUR(B13), MINUTE(B13), 0), "yyyymmddhhmm") -> 202602010750
A14: ='14U GIRLS PLATINUM-10 TEAMS'!A25 -> 46054 | B14: ='14U GIRLS PLATINUM-10 TEAMS'!B25 -> 0.36111111 | C14: ='14U GIRLS PLATINUM-10 TEAMS'!C25&"" -> ALISO NIGUEL HS | D14: ='14U GIRLS PLATINUM-10 TEAMS'!D25&"" -> 14Gpt13 | E14: ='14U GIRLS PLATINUM-10 TEAMS'!E25&"" -> 2ndA-STANFORD | F14: ='14U GIRLS PLATINUM-10 TEAMS'!F25&"" -> 10 | G14: ='14U GIRLS PLATINUM-10 TEAMS'!G25&"" -> 3rdB-NEWPORT BEACH | H14: ='14U GIRLS PLATINUM-10 TEAMS'!H25&"" -> 7 | I14: ='14U GIRLS PLATINUM-10 TEAMS'!I25&"" -> 5th-10th 2A/3B | J14: ='14U GIRLS PLATINUM-10 TEAMS'!J25&"" -> 14U_GIRLS_PLATINUM | K14: =TEXT(DATE(2026, MONTH(A14), DAY(A14)) + TIME(HOUR(B14), MINUTE(B14), 0), "yyyymmddhhmm") -> 202602010840
A15: ='14U GIRLS PLATINUM-10 TEAMS'!A26 -> 46054 | B15: ='14U GIRLS PLATINUM-10 TEAMS'!B26 -> 0.39583333 | C15: ='14U GIRLS PLATINUM-10 TEAMS'!C26&"" -> ALISO NIGUEL HS | D15: ='14U GIRLS PLATINUM-10 TEAMS'!D26&"" -> 14Gpt14 | E15: ='14U GIRLS PLATINUM-10 TEAMS'!E26&"" -> 3rdA-DAVIS | F15: ='14U GIRLS PLATINUM-10 TEAMS'!F26&"" -> 5 | G15: ='14U GIRLS PLATINUM-10 TEAMS'!G26&"" -> 2ndB-CC UNITED BLACK | H15: ='14U GIRLS PLATINUM-10 TEAMS'!H26&"" -> 2 | I15: ='14U GIRLS PLATINUM-10 TEAMS'!I26&"" -> 5th-10th 3A/2B | J15: ='14U GIRLS PLATINUM-10 TEAMS'!J26&"" -> 14U_GIRLS_PLATINUM | K15: =TEXT(DATE(2026, MONTH(A15), DAY(A15)) + TIME(HOUR(B15), MINUTE(B15), 0), "yyyymmddhhmm") -> 202602010930
A16: ='14U GIRLS PLATINUM-10 TEAMS'!A27 -> 46054 | B16: ='14U GIRLS PLATINUM-10 TEAMS'!B27 -> 0.43055556 | C16: ='14U GIRLS PLATINUM-10 TEAMS'!C27&"" -> ALISO NIGUEL HS | D16: ='14U GIRLS PLATINUM-10 TEAMS'!D27&"" -> 14Gpt15 | E16: ='14U GIRLS PLATINUM-10 TEAMS'!E27&"" -> 1stA-CDM PINK | F16: ='14U GIRLS PLATINUM-10 TEAMS'!F27&"" -> 4.4 | G16: ='14U GIRLS PLATINUM-10 TEAMS'!G27&"" -> 2ndC-SOUTH COAST RED (A) | H16: ='14U GIRLS PLATINUM-10 TEAMS'!H27&"" -> 4.2 | I16: ='14U GIRLS PLATINUM-10 TEAMS'!I27&"" -> 1-4 semi 1A/2C | J16: ='14U GIRLS PLATINUM-10 TEAMS'!J27&"" -> 14U_GIRLS_PLATINUM | K16: =TEXT(DATE(2026, MONTH(A16), DAY(A16)) + TIME(HOUR(B16), MINUTE(B16), 0), "yyyymmddhhmm") -> 202602011020
A17: ='14U GIRLS PLATINUM-10 TEAMS'!A28 -> 46054 | B17: ='14U GIRLS PLATINUM-10 TEAMS'!B28 -> 0.46527778 | C17: ='14U GIRLS PLATINUM-10 TEAMS'!C28&"" -> ALISO NIGUEL HS | D17: ='14U GIRLS PLATINUM-10 TEAMS'!D28&"" -> 14Gpt16 | E17: ='14U GIRLS PLATINUM-10 TEAMS'!E28&"" -> 1stB-PATRIOT RED | F17: ='14U GIRLS PLATINUM-10 TEAMS'!F28&"" -> 9 | G17: ='14U GIRLS PLATINUM-10 TEAMS'!G28&"" -> 1stC-SANTA CRUZ BLACK | H17: ='14U GIRLS PLATINUM-10 TEAMS'!H28&"" -> 12 | I17: ='14U GIRLS PLATINUM-10 TEAMS'!I28&"" -> 1-4 semi 1B/1C | J17: ='14U GIRLS PLATINUM-10 TEAMS'!J28&"" -> 14U_GIRLS_PLATINUM | K17: =TEXT(DATE(2026, MONTH(A17), DAY(A17)) + TIME(HOUR(B17), MINUTE(B17), 0), "yyyymmddhhmm") -> 202602011110
A18: ='14U BOYS SILVER-18 TEAMS'!A66 -> 46054 | B18: ='14U BOYS SILVER-18 TEAMS'!B66 -> 0.5 | C18: ='14U BOYS SILVER-18 TEAMS'!C66&"" -> ALISO NIGUEL HS | D18: ='14U BOYS SILVER-18 TEAMS'!D66&"" -> 14Bag24 | E18: ='14U BOYS SILVER-18 TEAMS'!E66&"" -> N1(3rdD)-AMERICAN RIVER GOLD | F18: ='14U BOYS SILVER-18 TEAMS'!F66&"" -> 4 | G18: ='14U BOYS SILVER-18 TEAMS'!G66&"" -> N2(3rdE)-CC UNITED WHITE | H18: ='14U BOYS SILVER-18 TEAMS'!H66&"" -> 2 | I18: ='14U BOYS SILVER-18 TEAMS'!I66&"" -> 13th-18th | J18: ='14U BOYS SILVER-18 TEAMS'!J66&"" -> 14U_BOYS_SILVER | K18: =TEXT(DATE(2026, MONTH(A18), DAY(A18)) + TIME(HOUR(B18), MINUTE(B18), 0), "yyyymmddhhmm") -> 202602011200
A19: ='14U GIRLS PLATINUM-10 TEAMS'!A30 -> 46054 | B19: ='14U GIRLS PLATINUM-10 TEAMS'!B30 -> 0.53472222 | C19: ='14U GIRLS PLATINUM-10 TEAMS'!C30&"" -> ALISO NIGUEL HS | D19: ='14U GIRLS PLATINUM-10 TEAMS'!D30&"" -> 14Gpt18 | E19: ='14U GIRLS PLATINUM-10 TEAMS'!E30&"" -> L#13-NEWPORT BEACH | F19: ='14U GIRLS PLATINUM-10 TEAMS'!F30&"" -> 4 | G19: ='14U GIRLS PLATINUM-10 TEAMS'!G30&"" -> 3rdC-LAMORINDA B | H19: ='14U GIRLS PLATINUM-10 TEAMS'!H30&"" -> 9 | I19: ='14U GIRLS PLATINUM-10 TEAMS'!I30&"" -> 7th-10th | J19: ='14U GIRLS PLATINUM-10 TEAMS'!J30&"" -> 14U_GIRLS_PLATINUM | K19: =TEXT(DATE(2026, MONTH(A19), DAY(A19)) + TIME(HOUR(B19), MINUTE(B19), 0), "yyyymmddhhmm") -> 202602011250
A20: ='14U GIRLS PLATINUM-10 TEAMS'!A31 -> 46054 | B20: ='14U GIRLS PLATINUM-10 TEAMS'!B31 -> 0.56944444 | C20: ='14U GIRLS PLATINUM-10 TEAMS'!C31&"" -> ALISO NIGUEL HS | D20: ='14U GIRLS PLATINUM-10 TEAMS'!D31&"" -> 14Gpt20 | E20: ='14U GIRLS PLATINUM-10 TEAMS'!E31&"" -> L#15-SOUTH COAST RED (A) | F20: ='14U GIRLS PLATINUM-10 TEAMS'!F31&"" -> 6.2 | G20: ='14U GIRLS PLATINUM-10 TEAMS'!G31&"" -> L#16-PATRIOT RED | H20: ='14U GIRLS PLATINUM-10 TEAMS'!H31&"" -> 6.1 | I20: ='14U GIRLS PLATINUM-10 TEAMS'!I31&"" -> 3rd | J20: ='14U GIRLS PLATINUM-10 TEAMS'!J31&"" -> 14U_GIRLS_PLATINUM | K20: =TEXT(DATE(2026, MONTH(A20), DAY(A20)) + TIME(HOUR(B20), MINUTE(B20), 0), "yyyymmddhhmm") -> 202602011340
A21: ='14U GIRLS PLATINUM-10 TEAMS'!A32 -> 46054 | B21: ='14U GIRLS PLATINUM-10 TEAMS'!B32 -> 0.60416667 | C21: ='14U GIRLS PLATINUM-10 TEAMS'!C32&"" -> ALISO NIGUEL HS | D21: ='14U GIRLS PLATINUM-10 TEAMS'!D32&"" -> 14Gpt21 | E21: ='14U GIRLS PLATINUM-10 TEAMS'!E32&"" -> W#15-CDM PINK | F21: ='14U GIRLS PLATINUM-10 TEAMS'!F32&"" -> 5 | G21: ='14U GIRLS PLATINUM-10 TEAMS'!G32&"" -> W#16-SANTA CRUZ BLACK | H21: ='14U GIRLS PLATINUM-10 TEAMS'!H32&"" -> 6 | I21: ='14U GIRLS PLATINUM-10 TEAMS'!I32&"" -> 1st | J21: ='14U GIRLS PLATINUM-10 TEAMS'!J32&"" -> 14U_GIRLS_PLATINUM | K21: =TEXT(DATE(2026, MONTH(A21), DAY(A21)) + TIME(HOUR(B21), MINUTE(B21), 0), "yyyymmddhhmm") -> 202602011430
A22: ='14U GIRLS PLATINUM-10 TEAMS'!A33 -> 46054 | B22: ='14U GIRLS PLATINUM-10 TEAMS'!B33 -> 0.63888889 | C22: ='14U GIRLS PLATINUM-10 TEAMS'!C33&"" -> ALISO NIGUEL HS | D22: ='14U GIRLS PLATINUM-10 TEAMS'!D33&"" -> 14Gpt17 | E22: ='14U GIRLS PLATINUM-10 TEAMS'!E33&"" -> W#13-STANFORD | F22: ='14U GIRLS PLATINUM-10 TEAMS'!F33&"" -> 2 | G22: ='14U GIRLS PLATINUM-10 TEAMS'!G33&"" -> W#14-DAVIS | H22: ='14U GIRLS PLATINUM-10 TEAMS'!H33&"" -> 7 | I22: ='14U GIRLS PLATINUM-10 TEAMS'!I33&"" -> 5th | J22: ='14U GIRLS PLATINUM-10 TEAMS'!J33&"" -> 14U_GIRLS_PLATINUM | K22: =TEXT(DATE(2026, MONTH(A22), DAY(A22)) + TIME(HOUR(B22), MINUTE(B22), 0), "yyyymmddhhmm") -> 202602011520
A23: ='14U GIRLS PLATINUM-10 TEAMS'!A34 -> 46054 | B23: ='14U GIRLS PLATINUM-10 TEAMS'!B34 -> 0.67361111 | C23: ='14U GIRLS PLATINUM-10 TEAMS'!C34&"" -> ALISO NIGUEL HS | D23: ='14U GIRLS PLATINUM-10 TEAMS'!D34&"" -> 14Gpt19 | E23: ='14U GIRLS PLATINUM-10 TEAMS'!E34&"" -> L#14-CC UNITED BLACK | F23: ='14U GIRLS PLATINUM-10 TEAMS'!F34&"" -> 8 | G23: ='14U GIRLS PLATINUM-10 TEAMS'!G34&"" -> 4thC-FOOTHILL RED | H23: ='14U GIRLS PLATINUM-10 TEAMS'!H34&"" -> 6 | I23: ='14U GIRLS PLATINUM-10 TEAMS'!I34&"" -> 7th-10th | J23: ='14U GIRLS PLATINUM-10 TEAMS'!J34&"" -> 14U_GIRLS_PLATINUM | K23: =TEXT(DATE(2026, MONTH(A23), DAY(A23)) + TIME(HOUR(B23), MINUTE(B23), 0), "yyyymmddhhmm") -> 202602011610
A24: ='12U BOYS PLATINUM-10 TEAMS'!A10 -> 46053 | B24: ='12U BOYS PLATINUM-10 TEAMS'!B10 -> 0.29166667 | C24: ='12U BOYS PLATINUM-10 TEAMS'!C10&"" -> BECKMAN HS 1 | D24: ='12U BOYS PLATINUM-10 TEAMS'!D10&"" -> 12Bpt01 | E24: ='12U BOYS PLATINUM-10 TEAMS'!E10&"" -> A1-MISSION WPC A | F24: ='12U BOYS PLATINUM-10 TEAMS'!F10&"" -> 14 | G24: ='12U BOYS PLATINUM-10 TEAMS'!G10&"" -> A3-680 RED | H24: ='12U BOYS PLATINUM-10 TEAMS'!H10&"" -> 0 | I24: ='12U BOYS PLATINUM-10 TEAMS'!I10&"" -> A bracket A1,A3 | J24: ='12U BOYS PLATINUM-10 TEAMS'!J10&"" -> 12U_BOYS_PLATINUM | K24: =TEXT(DATE(2026, MONTH(A24), DAY(A24)) + TIME(HOUR(B24), MINUTE(B24), 0), "yyyymmddhhmm") -> 202601310700
A25: ='12U BOYS PLATINUM-10 TEAMS'!A11 -> 46053 | B25: ='12U BOYS PLATINUM-10 TEAMS'!B11 -> 0.32638889 | C25: ='12U BOYS PLATINUM-10 TEAMS'!C11&"" -> BECKMAN HS 1 | D25: ='12U BOYS PLATINUM-10 TEAMS'!D11&"" -> 12Bpt02 | E25: ='12U BOYS PLATINUM-10 TEAMS'!E11&"" -> B1-CC UNITED BLACK | F25: ='12U BOYS PLATINUM-10 TEAMS'!F11&"" -> 7 | G25: ='12U BOYS PLATINUM-10 TEAMS'!G11&"" -> B2-NORTH IRVINE BLACK | H25: ='12U BOYS PLATINUM-10 TEAMS'!H11&"" -> 6 | I25: ='12U BOYS PLATINUM-10 TEAMS'!I11&"" -> B bracket B1,B2 | J25: ='12U BOYS PLATINUM-10 TEAMS'!J11&"" -> 12U_BOYS_PLATINUM | K25: =TEXT(DATE(2026, MONTH(A25), DAY(A25)) + TIME(HOUR(B25), MINUTE(B25), 0), "yyyymmddhhmm") -> 202601310750
A26: ='12U BOYS PLATINUM-10 TEAMS'!A12 -> 46053 | B26: ='12U BOYS PLATINUM-10 TEAMS'!B12 -> 0.36111111 | C26: ='12U BOYS PLATINUM-10 TEAMS'!C12&"" -> BECKMAN HS 1 | D26: ='12U BOYS PLATINUM-10 TEAMS'!D12&"" -> 12Bpt03 | E26: ='12U BOYS PLATINUM-10 TEAMS'!E12&"" -> C1-STANFORD RED | F26: ='12U BOYS PLATINUM-10 TEAMS'!F12&"" -> 16 | G26: ='12U BOYS PLATINUM-10 TEAMS'!G12&"" -> C4-DAVIS | H26: ='12U BOYS PLATINUM-10 TEAMS'!H12&"" -> 3 | I26: ='12U BOYS PLATINUM-10 TEAMS'!I12&"" -> C bracket C1,C4 | J26: ='12U BOYS PLATINUM-10 TEAMS'!J12&"" -> 12U_BOYS_PLATINUM | K26: =TEXT(DATE(2026, MONTH(A26), DAY(A26)) + TIME(HOUR(B26), MINUTE(B26), 0), "yyyymmddhhmm") -> 202601310840
A27: ='12U BOYS PLATINUM-10 TEAMS'!A13 -> 46053 | B27: ='12U BOYS PLATINUM-10 TEAMS'!B13 -> 0.39583333 | C27: ='12U BOYS PLATINUM-10 TEAMS'!C13&"" -> BECKMAN HS 1 | D27: ='12U BOYS PLATINUM-10 TEAMS'!D13&"" -> 12Bpt04 | E27: ='12U BOYS PLATINUM-10 TEAMS'!E13&"" -> C2-ORWP A | F27: ='12U BOYS PLATINUM-10 TEAMS'!F13&"" -> 8 | G27: ='12U BOYS PLATINUM-10 TEAMS'!G13&"" -> C3-SHAQ | H27: ='12U BOYS PLATINUM-10 TEAMS'!H13&"" -> 4 | I27: ='12U BOYS PLATINUM-10 TEAMS'!I13&"" -> C bracket C2,C3 | J27: ='12U BOYS PLATINUM-10 TEAMS'!J13&"" -> 12U_BOYS_PLATINUM | K27: =TEXT(DATE(2026, MONTH(A27), DAY(A27)) + TIME(HOUR(B27), MINUTE(B27), 0), "yyyymmddhhmm") -> 202601310930
A28: ='12U COED-7 TEAMS'!A12 -> 46053 | B28: ='12U COED-7 TEAMS'!B12 -> 0.43055556 | C28: ='12U COED-7 TEAMS'!C12&"" -> BECKMAN HS 1 | D28: ='12U COED-7 TEAMS'!D12&"" -> 12C02 | E28: ='12U COED-7 TEAMS'!E12&"" -> B1-POWAY VALLEY | F28: ='12U COED-7 TEAMS'!F12&"" -> 2 | G28: ='12U COED-7 TEAMS'!G12&"" -> B4-LA CITY UNITED | H28: ='12U COED-7 TEAMS'!H12&"" -> 8 | I28: ='12U COED-7 TEAMS'!I12&"" -> B bracket B1,B4 | J28: ='12U COED-7 TEAMS'!J12&"" -> 12U_COED | K28: =TEXT(DATE(2026, MONTH(A28), DAY(A28)) + TIME(HOUR(B28), MINUTE(B28), 0), "yyyymmddhhmm") -> 202601311020
A29: ='12U COED-7 TEAMS'!A14 -> 46053 | B29: ='12U COED-7 TEAMS'!B14 -> 0.46527778 | C29: ='12U COED-7 TEAMS'!C14&"" -> BECKMAN HS 1 | D29: ='12U COED-7 TEAMS'!D14&"" -> 12C03 | E29: ='12U COED-7 TEAMS'!E14&"" -> B2-LOYOLA WPC | F29: ='12U COED-7 TEAMS'!F14&"" -> 0 | G29: ='12U COED-7 TEAMS'!G14&"" -> B3-YOLO BLACK | H29: ='12U COED-7 TEAMS'!H14&"" -> 21 | I29: ='12U COED-7 TEAMS'!I14&"" -> B bracket B2,B3 | J29: ='12U COED-7 TEAMS'!J14&"" -> 12U_COED | K29: =TEXT(DATE(2026, MONTH(A29), DAY(A29)) + TIME(HOUR(B29), MINUTE(B29), 0), "yyyymmddhhmm") -> 202601311110
A30: ='12U BOYS PLATINUM-10 TEAMS'!A15 -> 46053 | B30: ='12U BOYS PLATINUM-10 TEAMS'!B15 -> 0.5 | C30: ='12U BOYS PLATINUM-10 TEAMS'!C15&"" -> BECKMAN HS 1 | D30: ='12U BOYS PLATINUM-10 TEAMS'!D15&"" -> 12Bpt05 | E30: ='12U BOYS PLATINUM-10 TEAMS'!E15&"" -> A2-LAMORINDA A | F30: ='12U BOYS PLATINUM-10 TEAMS'!F15&"" -> 7.2 | G30: ='12U BOYS PLATINUM-10 TEAMS'!G15&"" -> A3-680 RED | H30: ='12U BOYS PLATINUM-10 TEAMS'!H15&"" -> 7.4 | I30: ='12U BOYS PLATINUM-10 TEAMS'!I15&"" -> A bracket A2,A3 | J30: ='12U BOYS PLATINUM-10 TEAMS'!J15&"" -> 12U_BOYS_PLATINUM | K30: =TEXT(DATE(2026, MONTH(A30), DAY(A30)) + TIME(HOUR(B30), MINUTE(B30), 0), "yyyymmddhhmm") -> 202601311200
A31: ='12U BOYS PLATINUM-10 TEAMS'!A16 -> 46053 | B31: ='12U BOYS PLATINUM-10 TEAMS'!B16 -> 0.53472222 | C31: ='12U BOYS PLATINUM-10 TEAMS'!C16&"" -> BECKMAN HS 1 | D31: ='12U BOYS PLATINUM-10 TEAMS'!D16&"" -> 12Bpt06 | E31: ='12U BOYS PLATINUM-10 TEAMS'!E16&"" -> B2-NORTH IRVINE BLACK | F31: ='12U BOYS PLATINUM-10 TEAMS'!F16&"" -> 15 | G31: ='12U BOYS PLATINUM-10 TEAMS'!G16&"" -> B3-LA JOLLA UNITED NAVY | H31: ='12U BOYS PLATINUM-10 TEAMS'!H16&"" -> 4 | I31: ='12U BOYS PLATINUM-10 TEAMS'!I16&"" -> B bracket B2,B3 | J31: ='12U BOYS PLATINUM-10 TEAMS'!J16&"" -> 12U_BOYS_PLATINUM | K31: =TEXT(DATE(2026, MONTH(A31), DAY(A31)) + TIME(HOUR(B31), MINUTE(B31), 0), "yyyymmddhhmm") -> 202601311250
A32: ='12U COED-7 TEAMS'!A16 -> 46053 | B32: ='12U COED-7 TEAMS'!B16 -> 0.56944444 | C32: ='12U COED-7 TEAMS'!C16&"" -> BECKMAN HS 1 | D32: ='12U COED-7 TEAMS'!D16&"" -> 12C05 | E32: ='12U COED-7 TEAMS'!E16&"" -> B1-POWAY VALLEY | F32: ='12U COED-7 TEAMS'!F16&"" -> 0 | G32: ='12U COED-7 TEAMS'!G16&"" -> B3-YOLO BLACK | H32: ='12U COED-7 TEAMS'!H16&"" -> 13 | I32: ='12U COED-7 TEAMS'!I16&"" -> B bracket B1,B3 | J32: ='12U COED-7 TEAMS'!J16&"" -> 12U_COED | K32: =TEXT(DATE(2026, MONTH(A32), DAY(A32)) + TIME(HOUR(B32), MINUTE(B32), 0), "yyyymmddhhmm") -> 202601311340
A33: ='12U COED-7 TEAMS'!A17 -> 46053 | B33: ='12U COED-7 TEAMS'!B17 -> 0.60416667 | C33: ='12U COED-7 TEAMS'!C17&"" -> BECKMAN HS 1 | D33: ='12U COED-7 TEAMS'!D17&"" -> 12C06 | E33: ='12U COED-7 TEAMS'!E17&"" -> B2-LOYOLA WPC | F33: ='12U COED-7 TEAMS'!F17&"" -> 2 | G33: ='12U COED-7 TEAMS'!G17&"" -> B4-LA CITY UNITED | H33: ='12U COED-7 TEAMS'!H17&"" -> 8 | I33: ='12U COED-7 TEAMS'!I17&"" -> B bracket B2,B4 | J33: ='12U COED-7 TEAMS'!J17&"" -> 12U_COED | K33: =TEXT(DATE(2026, MONTH(A33), DAY(A33)) + TIME(HOUR(B33), MINUTE(B33), 0), "yyyymmddhhmm") -> 202601311430
A34: ='12U COED-7 TEAMS'!A18 -> 46053 | B34: ='12U COED-7 TEAMS'!B18 -> 0.63888889 | C34: ='12U COED-7 TEAMS'!C18&"" -> BECKMAN HS 1 | D34: ='12U COED-7 TEAMS'!D18&"" -> 12C07 | E34: ='12U COED-7 TEAMS'!E18&"" -> A2-SET | F34: ='12U COED-7 TEAMS'!F18&"" -> 13 | G34: ='12U COED-7 TEAMS'!G18&"" -> A3-PALOS VERDES | H34: ='12U COED-7 TEAMS'!H18&"" -> 2 | I34: ='12U COED-7 TEAMS'!I18&"" -> A bracket A2,A3 | J34: ='12U COED-7 TEAMS'!J18&"" -> 12U_COED | K34: =TEXT(DATE(2026, MONTH(A34), DAY(A34)) + TIME(HOUR(B34), MINUTE(B34), 0), "yyyymmddhhmm") -> 202601311520
A35: ='12U BOYS PLATINUM-10 TEAMS'!A18 -> 46053 | B35: ='12U BOYS PLATINUM-10 TEAMS'!B18 -> 0.67361111 | C35: ='12U BOYS PLATINUM-10 TEAMS'!C18&"" -> BECKMAN HS 1 | D35: ='12U BOYS PLATINUM-10 TEAMS'!D18&"" -> 12Bpt07 | E35: ='12U BOYS PLATINUM-10 TEAMS'!E18&"" -> C1-STANFORD RED | F35: ='12U BOYS PLATINUM-10 TEAMS'!F18&"" -> 10 | G35: ='12U BOYS PLATINUM-10 TEAMS'!G18&"" -> C2-ORWP A | H35: ='12U BOYS PLATINUM-10 TEAMS'!H18&"" -> 8 | I35: ='12U BOYS PLATINUM-10 TEAMS'!I18&"" -> C bracket C1,C2 | J35: ='12U BOYS PLATINUM-10 TEAMS'!J18&"" -> 12U_BOYS_PLATINUM | K35: =TEXT(DATE(2026, MONTH(A35), DAY(A35)) + TIME(HOUR(B35), MINUTE(B35), 0), "yyyymmddhhmm") -> 202601311610
A36: ='12U BOYS PLATINUM-10 TEAMS'!A19 -> 46053 | B36: ='12U BOYS PLATINUM-10 TEAMS'!B19 -> 0.70833333 | C36: ='12U BOYS PLATINUM-10 TEAMS'!C19&"" -> BECKMAN HS 1 | D36: ='12U BOYS PLATINUM-10 TEAMS'!D19&"" -> 12Bpt08 | E36: ='12U BOYS PLATINUM-10 TEAMS'!E19&"" -> C3-SHAQ | F36: ='12U BOYS PLATINUM-10 TEAMS'!F19&"" -> 9 | G36: ='12U BOYS PLATINUM-10 TEAMS'!G19&"" -> C4-DAVIS | H36: ='12U BOYS PLATINUM-10 TEAMS'!H19&"" -> 5 | I36: ='12U BOYS PLATINUM-10 TEAMS'!I19&"" -> C bracket C3,C4 | J36: ='12U BOYS PLATINUM-10 TEAMS'!J19&"" -> 12U_BOYS_PLATINUM | K36: =TEXT(DATE(2026, MONTH(A36), DAY(A36)) + TIME(HOUR(B36), MINUTE(B36), 0), "yyyymmddhhmm") -> 202601311700
A37: ='12U BOYS PLATINUM-10 TEAMS'!A20 -> 46053 | B37: ='12U BOYS PLATINUM-10 TEAMS'!B20 -> 0.74305556 | C37: ='12U BOYS PLATINUM-10 TEAMS'!C20&"" -> BECKMAN HS 1 | D37: ='12U BOYS PLATINUM-10 TEAMS'!D20&"" -> 12Bpt09 | E37: ='12U BOYS PLATINUM-10 TEAMS'!E20&"" -> A1-MISSION WPC A | F37: ='12U BOYS PLATINUM-10 TEAMS'!F20&"" -> 18 | G37: ='12U BOYS PLATINUM-10 TEAMS'!G20&"" -> A2-LAMORINDA A | H37: ='12U BOYS PLATINUM-10 TEAMS'!H20&"" -> 6 | I37: ='12U BOYS PLATINUM-10 TEAMS'!I20&"" -> A bracket A1,A2 | J37: ='12U BOYS PLATINUM-10 TEAMS'!J20&"" -> 12U_BOYS_PLATINUM | K37: =TEXT(DATE(2026, MONTH(A37), DAY(A37)) + TIME(HOUR(B37), MINUTE(B37), 0), "yyyymmddhhmm") -> 202601311750
A38: ='12U BOYS PLATINUM-10 TEAMS'!A21 -> 46053 | B38: ='12U BOYS PLATINUM-10 TEAMS'!B21 -> 0.77777778 | C38: ='12U BOYS PLATINUM-10 TEAMS'!C21&"" -> BECKMAN HS 1 | D38: ='12U BOYS PLATINUM-10 TEAMS'!D21&"" -> 12Bpt10 | E38: ='12U BOYS PLATINUM-10 TEAMS'!E21&"" -> B1-CC UNITED BLACK | F38: ='12U BOYS PLATINUM-10 TEAMS'!F21&"" -> 14 | G38: ='12U BOYS PLATINUM-10 TEAMS'!G21&"" -> B3-LA JOLLA UNITED NAVY | H38: ='12U BOYS PLATINUM-10 TEAMS'!H21&"" -> 7 | I38: ='12U BOYS PLATINUM-10 TEAMS'!I21&"" -> B bracket B1,B3 | J38: ='12U BOYS PLATINUM-10 TEAMS'!J21&"" -> 12U_BOYS_PLATINUM | K38: =TEXT(DATE(2026, MONTH(A38), DAY(A38)) + TIME(HOUR(B38), MINUTE(B38), 0), "yyyymmddhhmm") -> 202601311840
A39: ='12U BOYS PLATINUM-10 TEAMS'!A25 -> 46054 | B39: ='12U BOYS PLATINUM-10 TEAMS'!B25 -> 0.29166667 | C39: ='12U BOYS PLATINUM-10 TEAMS'!C25&"" -> BECKMAN HS 1 | D39: ='12U BOYS PLATINUM-10 TEAMS'!D25&"" -> 12Bpt11 | E39: ='12U BOYS PLATINUM-10 TEAMS'!E25&"" -> C2-ORWP A | F39: ='12U BOYS PLATINUM-10 TEAMS'!F25&"" -> 6 | G39: ='12U BOYS PLATINUM-10 TEAMS'!G25&"" -> C4-DAVIS | H39: ='12U BOYS PLATINUM-10 TEAMS'!H25&"" -> 5 | I39: ='12U BOYS PLATINUM-10 TEAMS'!I25&"" -> C bracket C2,C4 | J39: ='12U BOYS PLATINUM-10 TEAMS'!J25&"" -> 12U_BOYS_PLATINUM | K39: =TEXT(DATE(2026, MONTH(A39), DAY(A39)) + TIME(HOUR(B39), MINUTE(B39), 0), "yyyymmddhhmm") -> 202602010700
A40: ='12U BOYS PLATINUM-10 TEAMS'!A26 -> 46054 | B40: ='12U BOYS PLATINUM-10 TEAMS'!B26 -> 0.32638889 | C40: ='12U BOYS PLATINUM-10 TEAMS'!C26&"" -> BECKMAN HS 1 | D40: ='12U BOYS PLATINUM-10 TEAMS'!D26&"" -> 12Bpt12 | E40: ='12U BOYS PLATINUM-10 TEAMS'!E26&"" -> C1-STANFORD RED | F40: ='12U BOYS PLATINUM-10 TEAMS'!F26&"" -> 12 | G40: ='12U BOYS PLATINUM-10 TEAMS'!G26&"" -> C3-SHAQ | H40: ='12U BOYS PLATINUM-10 TEAMS'!H26&"" -> 8 | I40: ='12U BOYS PLATINUM-10 TEAMS'!I26&"" -> C bracket C1,C3 | J40: ='12U BOYS PLATINUM-10 TEAMS'!J26&"" -> 12U_BOYS_PLATINUM | K40: =TEXT(DATE(2026, MONTH(A40), DAY(A40)) + TIME(HOUR(B40), MINUTE(B40), 0), "yyyymmddhhmm") -> 202602010750
A41: ='12U BOYS PLATINUM-10 TEAMS'!A27 -> 46054 | B41: ='12U BOYS PLATINUM-10 TEAMS'!B27 -> 0.36111111 | C41: ='12U BOYS PLATINUM-10 TEAMS'!C27&"" -> BECKMAN HS 1 | D41: ='12U BOYS PLATINUM-10 TEAMS'!D27&"" -> 12Bpt13 | E41: ='12U BOYS PLATINUM-10 TEAMS'!E27&"" -> 2ndA-680 RED | F41: ='12U BOYS PLATINUM-10 TEAMS'!F27&"" -> 6.3 | G41: ='12U BOYS PLATINUM-10 TEAMS'!G27&"" -> 3rdB-LA JOLLA UNITED NAVY | H41: ='12U BOYS PLATINUM-10 TEAMS'!H27&"" -> 6 | I41: ='12U BOYS PLATINUM-10 TEAMS'!I27&"" -> 5th-10th 2A/3B | J41: ='12U BOYS PLATINUM-10 TEAMS'!J27&"" -> 12U_BOYS_PLATINUM | K41: =TEXT(DATE(2026, MONTH(A41), DAY(A41)) + TIME(HOUR(B41), MINUTE(B41), 0), "yyyymmddhhmm") -> 202602010840
A42: ='12U BOYS PLATINUM-10 TEAMS'!A28 -> 46054 | B42: ='12U BOYS PLATINUM-10 TEAMS'!B28 -> 0.39583333 | C42: ='12U BOYS PLATINUM-10 TEAMS'!C28&"" -> BECKMAN HS 1 | D42: ='12U BOYS PLATINUM-10 TEAMS'!D28&"" -> 12Bpt14 | E42: ='12U BOYS PLATINUM-10 TEAMS'!E28&"" -> 3rdA-LAMORINDA A | F42: ='12U BOYS PLATINUM-10 TEAMS'!F28&"" -> 5 | G42: ='12U BOYS PLATINUM-10 TEAMS'!G28&"" -> 2ndB-NORTH IRVINE BLACK | H42: ='12U BOYS PLATINUM-10 TEAMS'!H28&"" -> 20 | I42: ='12U BOYS PLATINUM-10 TEAMS'!I28&"" -> 5th-10th 3A/2B | J42: ='12U BOYS PLATINUM-10 TEAMS'!J28&"" -> 12U_BOYS_PLATINUM | K42: =TEXT(DATE(2026, MONTH(A42), DAY(A42)) + TIME(HOUR(B42), MINUTE(B42), 0), "yyyymmddhhmm") -> 202602010930
A43: ='12U BOYS PLATINUM-10 TEAMS'!A29 -> 46054 | B43: ='12U BOYS PLATINUM-10 TEAMS'!B29 -> 0.43055556 | C43: ='12U BOYS PLATINUM-10 TEAMS'!C29&"" -> BECKMAN HS 1 | D43: ='12U BOYS PLATINUM-10 TEAMS'!D29&"" -> 12Bpt15 | E43: ='12U BOYS PLATINUM-10 TEAMS'!E29&"" -> 1stA-MISSION WPC A | F43: ='12U BOYS PLATINUM-10 TEAMS'!F29&"" -> 12 | G43: ='12U BOYS PLATINUM-10 TEAMS'!G29&"" -> 2ndC-ORWP A | H43: ='12U BOYS PLATINUM-10 TEAMS'!H29&"" -> 3 | I43: ='12U BOYS PLATINUM-10 TEAMS'!I29&"" -> 1-4 semi 1A/2C | J43: ='12U BOYS PLATINUM-10 TEAMS'!J29&"" -> 12U_BOYS_PLATINUM | K43: =TEXT(DATE(2026, MONTH(A43), DAY(A43)) + TIME(HOUR(B43), MINUTE(B43), 0), "yyyymmddhhmm") -> 202602011020
A44: ='12U BOYS PLATINUM-10 TEAMS'!A30 -> 46054 | B44: ='12U BOYS PLATINUM-10 TEAMS'!B30 -> 0.46527778 | C44: ='12U BOYS PLATINUM-10 TEAMS'!C30&"" -> BECKMAN HS 1 | D44: ='12U BOYS PLATINUM-10 TEAMS'!D30&"" -> 12Bpt16 | E44: ='12U BOYS PLATINUM-10 TEAMS'!E30&"" -> 1stB-CC UNITED BLACK | F44: ='12U BOYS PLATINUM-10 TEAMS'!F30&"" -> 9 | G44: ='12U BOYS PLATINUM-10 TEAMS'!G30&"" -> 1stC-STANFORD RED | H44: ='12U BOYS PLATINUM-10 TEAMS'!H30&"" -> 12 | I44: ='12U BOYS PLATINUM-10 TEAMS'!I30&"" -> 1-4 semi 1B/1C | J44: ='12U BOYS PLATINUM-10 TEAMS'!J30&"" -> 12U_BOYS_PLATINUM | K44: =TEXT(DATE(2026, MONTH(A44), DAY(A44)) + TIME(HOUR(B44), MINUTE(B44), 0), "yyyymmddhhmm") -> 202602011110
A45: ='12U BOYS PLATINUM-10 TEAMS'!A31 -> 46054 | B45: ='12U BOYS PLATINUM-10 TEAMS'!B31 -> 0.5 | C45: ='12U BOYS PLATINUM-10 TEAMS'!C31&"" -> BECKMAN HS 1 | D45: ='12U BOYS PLATINUM-10 TEAMS'!D31&"" -> 12Bpt18 | E45: ='12U BOYS PLATINUM-10 TEAMS'!E31&"" -> L#13-LA JOLLA UNITED NAVY | F45: ='12U BOYS PLATINUM-10 TEAMS'!F31&"" -> 7 | G45: ='12U BOYS PLATINUM-10 TEAMS'!G31&"" -> 3rdC-SHAQ | H45: ='12U BOYS PLATINUM-10 TEAMS'!H31&"" -> 11 | I45: ='12U BOYS PLATINUM-10 TEAMS'!I31&"" -> 7th-10th | J45: ='12U BOYS PLATINUM-10 TEAMS'!J31&"" -> 12U_BOYS_PLATINUM | K45: =TEXT(DATE(2026, MONTH(A45), DAY(A45)) + TIME(HOUR(B45), MINUTE(B45), 0), "yyyymmddhhmm") -> 202602011200
A46: ='12U BOYS PLATINUM-10 TEAMS'!A32 -> 46054 | B46: ='12U BOYS PLATINUM-10 TEAMS'!B32 -> 0.53472222 | C46: ='12U BOYS PLATINUM-10 TEAMS'!C32&"" -> BECKMAN HS 1 | D46: ='12U BOYS PLATINUM-10 TEAMS'!D32&"" -> 12Bpt20 | E46: ='12U BOYS PLATINUM-10 TEAMS'!E32&"" -> L#15-ORWP A | F46: ='12U BOYS PLATINUM-10 TEAMS'!F32&"" -> 4 | G46: ='12U BOYS PLATINUM-10 TEAMS'!G32&"" -> L#16-CC UNITED BLACK | H46: ='12U BOYS PLATINUM-10 TEAMS'!H32&"" -> 16 | I46: ='12U BOYS PLATINUM-10 TEAMS'!I32&"" -> 3rd | J46: ='12U BOYS PLATINUM-10 TEAMS'!J32&"" -> 12U_BOYS_PLATINUM | K46: =TEXT(DATE(2026, MONTH(A46), DAY(A46)) + TIME(HOUR(B46), MINUTE(B46), 0), "yyyymmddhhmm") -> 202602011250
A47: ='12U BOYS PLATINUM-10 TEAMS'!A33 -> 46054 | B47: ='12U BOYS PLATINUM-10 TEAMS'!B33 -> 0.56944444 | C47: ='12U BOYS PLATINUM-10 TEAMS'!C33&"" -> BECKMAN HS 1 | D47: ='12U BOYS PLATINUM-10 TEAMS'!D33&"" -> 12Bpt21 | E47: ='12U BOYS PLATINUM-10 TEAMS'!E33&"" -> W#15-MISSION WPC A | F47: ='12U BOYS PLATINUM-10 TEAMS'!F33&"" -> 18 | G47: ='12U BOYS PLATINUM-10 TEAMS'!G33&"" -> W#16-STANFORD RED | H47: ='12U BOYS PLATINUM-10 TEAMS'!H33&"" -> 4 | I47: ='12U BOYS PLATINUM-10 TEAMS'!I33&"" -> 1st | J47: ='12U BOYS PLATINUM-10 TEAMS'!J33&"" -> 12U_BOYS_PLATINUM | K47: =TEXT(DATE(2026, MONTH(A47), DAY(A47)) + TIME(HOUR(B47), MINUTE(B47), 0), "yyyymmddhhmm") -> 202602011340
A48: ='12U BOYS PLATINUM-10 TEAMS'!A34 -> 46054 | B48: ='12U BOYS PLATINUM-10 TEAMS'!B34 -> 0.60416667 | C48: ='12U BOYS PLATINUM-10 TEAMS'!C34&"" -> BECKMAN HS 1 | D48: ='12U BOYS PLATINUM-10 TEAMS'!D34&"" -> 12Bpt17 | E48: ='12U BOYS PLATINUM-10 TEAMS'!E34&"" -> W#13-680 RED | F48: ='12U BOYS PLATINUM-10 TEAMS'!F34&"" -> 5 | G48: ='12U BOYS PLATINUM-10 TEAMS'!G34&"" -> W#14-NORTH IRVINE BLACK | H48: ='12U BOYS PLATINUM-10 TEAMS'!H34&"" -> 6 | I48: ='12U BOYS PLATINUM-10 TEAMS'!I34&"" -> 5th | J48: ='12U BOYS PLATINUM-10 TEAMS'!J34&"" -> 12U_BOYS_PLATINUM | K48: =TEXT(DATE(2026, MONTH(A48), DAY(A48)) + TIME(HOUR(B48), MINUTE(B48), 0), "yyyymmddhhmm") -> 202602011430
A49: ='12U BOYS PLATINUM-10 TEAMS'!A35 -> 46054 | B49: ='12U BOYS PLATINUM-10 TEAMS'!B35 -> 0.63888889 | C49: ='12U BOYS PLATINUM-10 TEAMS'!C35&"" -> BECKMAN HS 1 | D49: ='12U BOYS PLATINUM-10 TEAMS'!D35&"" -> 12Bpt19 | E49: ='12U BOYS PLATINUM-10 TEAMS'!E35&"" -> L#14-LAMORINDA A | F49: ='12U BOYS PLATINUM-10 TEAMS'!F35&"" -> 17 | G49: ='12U BOYS PLATINUM-10 TEAMS'!G35&"" -> 4thC-DAVIS | H49: ='12U BOYS PLATINUM-10 TEAMS'!H35&"" -> 7 | I49: ='12U BOYS PLATINUM-10 TEAMS'!I35&"" -> 7th-10th | J49: ='12U BOYS PLATINUM-10 TEAMS'!J35&"" -> 12U_BOYS_PLATINUM | K49: =TEXT(DATE(2026, MONTH(A49), DAY(A49)) + TIME(HOUR(B49), MINUTE(B49), 0), "yyyymmddhhmm") -> 202602011520
A50: ='12U BOYS GOLD-24 TEAMS'!A67 -> 46054 | B50: ='12U BOYS GOLD-24 TEAMS'!B67 -> 0.67361111 | C50: ='12U BOYS GOLD-24 TEAMS'!C67&"" -> BECKMAN HS 1 | D50: ='12U BOYS GOLD-24 TEAMS'!D67&"" -> 12Bau25 | E50: ='12U BOYS GOLD-24 TEAMS'!E67&"" -> L#24-SAN CLEMENTE BLACK | F50: ='12U BOYS GOLD-24 TEAMS'!F67&"" -> 8 | G50: ='12U BOYS GOLD-24 TEAMS'!G67&"" -> L#24A-680 BLUE | H50: ='12U BOYS GOLD-24 TEAMS'!H67&"" -> 6 | I50: ='12U BOYS GOLD-24 TEAMS'!I67&"" -> 3rd | J50: ='12U BOYS GOLD-24 TEAMS'!J67&"" -> 12U_BOYS_GOLD | K50: =TEXT(DATE(2026, MONTH(A50), DAY(A50)) + TIME(HOUR(B50), MINUTE(B50), 0), "yyyymmddhhmm") -> 202602011610
A51: ='12U BOYS GOLD-24 TEAMS'!A68 -> 46054 | B51: ='12U BOYS GOLD-24 TEAMS'!B68 -> 0.70833333 | C51: ='12U BOYS GOLD-24 TEAMS'!C68&"" -> BECKMAN HS 1 | D51: ='12U BOYS GOLD-24 TEAMS'!D68&"" -> 12Bau26 | E51: ='12U BOYS GOLD-24 TEAMS'!E68&"" -> W#24-ORANGE COUNTY WPC BLUE | F51: ='12U BOYS GOLD-24 TEAMS'!F68&"" -> 19 | G51: ='12U BOYS GOLD-24 TEAMS'!G68&"" -> W#24A-FOOTHILL RED | H51: ='12U BOYS GOLD-24 TEAMS'!H68&"" -> 5 | I51: ='12U BOYS GOLD-24 TEAMS'!I68&"" -> 1st | J51: ='12U BOYS GOLD-24 TEAMS'!J68&"" -> 12U_BOYS_GOLD | K51: =TEXT(DATE(2026, MONTH(A51), DAY(A51)) + TIME(HOUR(B51), MINUTE(B51), 0), "yyyymmddhhmm") -> 202602011700
A52: ='12U BOYS GOLD-24 TEAMS'!A71 -> 46054 | B52: ='12U BOYS GOLD-24 TEAMS'!B71 -> 0.74305556 | C52: ='12U BOYS GOLD-24 TEAMS'!C71&"" -> BECKMAN HS 1 | D52: ='12U BOYS GOLD-24 TEAMS'!D71&"" -> 12Bau21A | E52: ='12U BOYS GOLD-24 TEAMS'!E71&"" -> L#15A-STANFORD WHITE | F52: ='12U BOYS GOLD-24 TEAMS'!F71&"" -> 6.3 | G52: ='12U BOYS GOLD-24 TEAMS'!G71&"" -> L#16A-SOUTH COAST RED | H52: ='12U BOYS GOLD-24 TEAMS'!H71&"" -> 6.2 | I52: ='12U BOYS GOLD-24 TEAMS'!I71&"" -> tie 13th | J52: ='12U BOYS GOLD-24 TEAMS'!J71&"" -> 12U_BOYS_GOLD | K52: =TEXT(DATE(2026, MONTH(A52), DAY(A52)) + TIME(HOUR(B52), MINUTE(B52), 0), "yyyymmddhhmm") -> 202602011750
A53: ='10U BOYS-8 TEAMS'!A10 -> 46053 | B53: ='10U BOYS-8 TEAMS'!B10 -> 0.33333333 | C53: ='10U BOYS-8 TEAMS'!C10&"" -> BECKMAN HS 2 | D53: ='10U BOYS-8 TEAMS'!D10&"" -> 10B01 | E53: ='10U BOYS-8 TEAMS'!E10&"" -> B1-CC UNITED BLACK | F53: ='10U BOYS-8 TEAMS'!F10&"" -> 9 | G53: ='10U BOYS-8 TEAMS'!G10&"" -> B3-STANFORD RED | H53: ='10U BOYS-8 TEAMS'!H10&"" -> 8 | I53: ='10U BOYS-8 TEAMS'!I10&"" -> bracket, B1/B3 | J53: ='10U BOYS-8 TEAMS'!J10&"" -> 10U_BOYS | K53: =TEXT(DATE(2026, MONTH(A53), DAY(A53)) + TIME(HOUR(B53), MINUTE(B53), 0), "yyyymmddhhmm") -> 202601310800
A54: ='10U BOYS-8 TEAMS'!A11 -> 46053 | B54: ='10U BOYS-8 TEAMS'!B11 -> 0.36458333 | C54: ='10U BOYS-8 TEAMS'!C11&"" -> BECKMAN HS 2 | D54: ='10U BOYS-8 TEAMS'!D11&"" -> 10B02 | E54: ='10U BOYS-8 TEAMS'!E11&"" -> B2-SAN CLEMENTE RED | F54: ='10U BOYS-8 TEAMS'!F11&"" -> 16 | G54: ='10U BOYS-8 TEAMS'!G11&"" -> B4-680 BLUE | H54: ='10U BOYS-8 TEAMS'!H11&"" -> 0 | I54: ='10U BOYS-8 TEAMS'!I11&"" -> bracket, B2/B4 | J54: ='10U BOYS-8 TEAMS'!J11&"" -> 10U_BOYS | K54: =TEXT(DATE(2026, MONTH(A54), DAY(A54)) + TIME(HOUR(B54), MINUTE(B54), 0), "yyyymmddhhmm") -> 202601310845
A55: ='10U BOYS-8 TEAMS'!A12 -> 46053 | B55: ='10U BOYS-8 TEAMS'!B12 -> 0.39583333 | C55: ='10U BOYS-8 TEAMS'!C12&"" -> BECKMAN HS 2 | D55: ='10U BOYS-8 TEAMS'!D12&"" -> 10B03 | E55: ='10U BOYS-8 TEAMS'!E12&"" -> A1-LAMORINDA BLUE (A) | F55: ='10U BOYS-8 TEAMS'!F12&"" -> 10 | G55: ='10U BOYS-8 TEAMS'!G12&"" -> A3-LA PREMIER | H55: ='10U BOYS-8 TEAMS'!H12&"" -> 1 | I55: ='10U BOYS-8 TEAMS'!I12&"" -> bracket, A1/A3 | J55: ='10U BOYS-8 TEAMS'!J12&"" -> 10U_BOYS | K55: =TEXT(DATE(2026, MONTH(A55), DAY(A55)) + TIME(HOUR(B55), MINUTE(B55), 0), "yyyymmddhhmm") -> 202601310930
A56: ='10U BOYS-8 TEAMS'!A13 -> 46053 | B56: ='10U BOYS-8 TEAMS'!B13 -> 0.42708333 | C56: ='10U BOYS-8 TEAMS'!C13&"" -> BECKMAN HS 2 | D56: ='10U BOYS-8 TEAMS'!D13&"" -> 10B04 | E56: ='10U BOYS-8 TEAMS'!E13&"" -> A2-680 RED | F56: ='10U BOYS-8 TEAMS'!F13&"" -> 14 | G56: ='10U BOYS-8 TEAMS'!G13&"" -> A4-CC UNITED BLUE | H56: ='10U BOYS-8 TEAMS'!H13&"" -> 0 | I56: ='10U BOYS-8 TEAMS'!I13&"" -> bracket, A2/A4 | J56: ='10U BOYS-8 TEAMS'!J13&"" -> 10U_BOYS | K56: =TEXT(DATE(2026, MONTH(A56), DAY(A56)) + TIME(HOUR(B56), MINUTE(B56), 0), "yyyymmddhhmm") -> 202601311015
A57: ='10U BOYS-8 TEAMS'!A14 -> 46053 | B57: ='10U BOYS-8 TEAMS'!B14 -> 0.45833333 | C57: ='10U BOYS-8 TEAMS'!C14&"" -> BECKMAN HS 2 | D57: ='10U BOYS-8 TEAMS'!D14&"" -> 10B05 | E57: ='10U BOYS-8 TEAMS'!E14&"" -> B1-CC UNITED BLACK | F57: ='10U BOYS-8 TEAMS'!F14&"" -> 21 | G57: ='10U BOYS-8 TEAMS'!G14&"" -> B4-680 BLUE | H57: ='10U BOYS-8 TEAMS'!H14&"" -> 0 | I57: ='10U BOYS-8 TEAMS'!I14&"" -> bracket, B1/B4 | J57: ='10U BOYS-8 TEAMS'!J14&"" -> 10U_BOYS | K57: =TEXT(DATE(2026, MONTH(A57), DAY(A57)) + TIME(HOUR(B57), MINUTE(B57), 0), "yyyymmddhhmm") -> 202601311100
A58: ='10U BOYS-8 TEAMS'!A15 -> 46053 | B58: ='10U BOYS-8 TEAMS'!B15 -> 0.48958333 | C58: ='10U BOYS-8 TEAMS'!C15&"" -> BECKMAN HS 2 | D58: ='10U BOYS-8 TEAMS'!D15&"" -> 10B06 | E58: ='10U BOYS-8 TEAMS'!E15&"" -> B2-SAN CLEMENTE RED | F58: ='10U BOYS-8 TEAMS'!F15&"" -> 14 | G58: ='10U BOYS-8 TEAMS'!G15&"" -> B3-STANFORD RED | H58: ='10U BOYS-8 TEAMS'!H15&"" -> 9 | I58: ='10U BOYS-8 TEAMS'!I15&"" -> bracket, B2/B3 | J58: ='10U BOYS-8 TEAMS'!J15&"" -> 10U_BOYS | K58: =TEXT(DATE(2026, MONTH(A58), DAY(A58)) + TIME(HOUR(B58), MINUTE(B58), 0), "yyyymmddhhmm") -> 202601311145
A59: ='10U BOYS-8 TEAMS'!A16 -> 46053 | B59: ='10U BOYS-8 TEAMS'!B16 -> 0.52083333 | C59: ='10U BOYS-8 TEAMS'!C16&"" -> BECKMAN HS 2 | D59: ='10U BOYS-8 TEAMS'!D16&"" -> 10B07 | E59: ='10U BOYS-8 TEAMS'!E16&"" -> A1-LAMORINDA BLUE (A) | F59: ='10U BOYS-8 TEAMS'!F16&"" -> 10 | G59: ='10U BOYS-8 TEAMS'!G16&"" -> A4-CC UNITED BLUE | H59: ='10U BOYS-8 TEAMS'!H16&"" -> 6 | I59: ='10U BOYS-8 TEAMS'!I16&"" -> bracket, A1/A4 | J59: ='10U BOYS-8 TEAMS'!J16&"" -> 10U_BOYS | K59: =TEXT(DATE(2026, MONTH(A59), DAY(A59)) + TIME(HOUR(B59), MINUTE(B59), 0), "yyyymmddhhmm") -> 202601311230
A60: ='10U BOYS-8 TEAMS'!A17 -> 46053 | B60: ='10U BOYS-8 TEAMS'!B17 -> 0.55208333 | C60: ='10U BOYS-8 TEAMS'!C17&"" -> BECKMAN HS 2 | D60: ='10U BOYS-8 TEAMS'!D17&"" -> 10B08 | E60: ='10U BOYS-8 TEAMS'!E17&"" -> A2-680 RED | F60: ='10U BOYS-8 TEAMS'!F17&"" -> 16 | G60: ='10U BOYS-8 TEAMS'!G17&"" -> A3-LA PREMIER | H60: ='10U BOYS-8 TEAMS'!H17&"" -> 4 | I60: ='10U BOYS-8 TEAMS'!I17&"" -> bracket, A2/A3 | J60: ='10U BOYS-8 TEAMS'!J17&"" -> 10U_BOYS | K60: =TEXT(DATE(2026, MONTH(A60), DAY(A60)) + TIME(HOUR(B60), MINUTE(B60), 0), "yyyymmddhhmm") -> 202601311315
A61: ='10U COED GOLD-16 TEAMS CUSTOM'!A20 -> 46053 | B61: ='10U COED GOLD-16 TEAMS CUSTOM'!B20 -> 0.58333333 | C61: ='10U COED GOLD-16 TEAMS CUSTOM'!C20&"" -> BECKMAN HS 2 | D61: ='10U COED GOLD-16 TEAMS CUSTOM'!D20&"" -> 10Cau13 | E61: ='10U COED GOLD-16 TEAMS CUSTOM'!E20&"" -> D1-TROJAN | F61: ='10U COED GOLD-16 TEAMS CUSTOM'!F20&"" -> 1 | G61: ='10U COED GOLD-16 TEAMS CUSTOM'!G20&"" -> D2-PATRIOT WHITE | H61: ='10U COED GOLD-16 TEAMS CUSTOM'!H20&"" -> 2 | I61: ='10U COED GOLD-16 TEAMS CUSTOM'!I20&"" -> D bracket D1,D2 | J61: ='10U COED GOLD-16 TEAMS CUSTOM'!J20&"" -> 10U_COED_GOLD | K61: =TEXT(DATE(2026, MONTH(A61), DAY(A61)) + TIME(HOUR(B61), MINUTE(B61), 0), "yyyymmddhhmm") -> 202601311400
A62: ='10U COED GOLD-16 TEAMS CUSTOM'!A21 -> 46053 | B62: ='10U COED GOLD-16 TEAMS CUSTOM'!B21 -> 0.61458333 | C62: ='10U COED GOLD-16 TEAMS CUSTOM'!C21&"" -> BECKMAN HS 2 | D62: ='10U COED GOLD-16 TEAMS CUSTOM'!D21&"" -> 10Cau14 | E62: ='10U COED GOLD-16 TEAMS CUSTOM'!E21&"" -> A1-LA JOLLA UNITED | F62: ='10U COED GOLD-16 TEAMS CUSTOM'!F21&"" -> 9 | G62: ='10U COED GOLD-16 TEAMS CUSTOM'!G21&"" -> A2-LOYOLA WPC | H62: ='10U COED GOLD-16 TEAMS CUSTOM'!H21&"" -> 7 | I62: ='10U COED GOLD-16 TEAMS CUSTOM'!I21&"" -> A bracket A1,A2 | J62: ='10U COED GOLD-16 TEAMS CUSTOM'!J21&"" -> 10U_COED_GOLD | K62: =TEXT(DATE(2026, MONTH(A62), DAY(A62)) + TIME(HOUR(B62), MINUTE(B62), 0), "yyyymmddhhmm") -> 202601311445
A63: ='10U COED GOLD-16 TEAMS CUSTOM'!A23 -> 46053 | B63: ='10U COED GOLD-16 TEAMS CUSTOM'!B23 -> 0.64583333 | C63: ='10U COED GOLD-16 TEAMS CUSTOM'!C23&"" -> BECKMAN HS 2 | D63: ='10U COED GOLD-16 TEAMS CUSTOM'!D23&"" -> 10Cau15 | E63: ='10U COED GOLD-16 TEAMS CUSTOM'!E23&"" -> B1-DAVIS | F63: ='10U COED GOLD-16 TEAMS CUSTOM'!F23&"" -> 14 | G63: ='10U COED GOLD-16 TEAMS CUSTOM'!G23&"" -> B2-ORANGE COUNTY WPC RED | H63: ='10U COED GOLD-16 TEAMS CUSTOM'!H23&"" -> 6 | I63: ='10U COED GOLD-16 TEAMS CUSTOM'!I23&"" -> B bracket B1,B2 | J63: ='10U COED GOLD-16 TEAMS CUSTOM'!J23&"" -> 10U_COED_GOLD | K63: =TEXT(DATE(2026, MONTH(A63), DAY(A63)) + TIME(HOUR(B63), MINUTE(B63), 0), "yyyymmddhhmm") -> 202601311530
A64: ='10U COED GOLD-16 TEAMS CUSTOM'!A25 -> 46053 | B64: ='10U COED GOLD-16 TEAMS CUSTOM'!B25 -> 0.67708333 | C64: ='10U COED GOLD-16 TEAMS CUSTOM'!C25&"" -> BECKMAN HS 2 | D64: ='10U COED GOLD-16 TEAMS CUSTOM'!D25&"" -> 10Cau16 | E64: ='10U COED GOLD-16 TEAMS CUSTOM'!E25&"" -> C1-SOUTH COAST RED | F64: ='10U COED GOLD-16 TEAMS CUSTOM'!F25&"" -> 10 | G64: ='10U COED GOLD-16 TEAMS CUSTOM'!G25&"" -> C2-SOUTH BAY UNITED | H64: ='10U COED GOLD-16 TEAMS CUSTOM'!H25&"" -> 14 | I64: ='10U COED GOLD-16 TEAMS CUSTOM'!I25&"" -> C bracket C1,C2 | J64: ='10U COED GOLD-16 TEAMS CUSTOM'!J25&"" -> 10U_COED_GOLD | K64: =TEXT(DATE(2026, MONTH(A64), DAY(A64)) + TIME(HOUR(B64), MINUTE(B64), 0), "yyyymmddhhmm") -> 202601311615
A65: ='10U BOYS-8 TEAMS'!A21 -> 46054 | B65: ='10U BOYS-8 TEAMS'!B21 -> 0.33333333 | C65: ='10U BOYS-8 TEAMS'!C21&"" -> BECKMAN HS 2 | D65: ='10U BOYS-8 TEAMS'!D21&"" -> 10B09 | E65: ='10U BOYS-8 TEAMS'!E21&"" -> B3-STANFORD RED | F65: ='10U BOYS-8 TEAMS'!F21&"" -> 12 | G65: ='10U BOYS-8 TEAMS'!G21&"" -> B4-680 BLUE | H65: ='10U BOYS-8 TEAMS'!H21&"" -> 0 | I65: ='10U BOYS-8 TEAMS'!I21&"" -> bracket, B3/B4 | J65: ='10U BOYS-8 TEAMS'!J21&"" -> 10U_BOYS | K65: =TEXT(DATE(2026, MONTH(A65), DAY(A65)) + TIME(HOUR(B65), MINUTE(B65), 0), "yyyymmddhhmm") -> 202602010800
A66: ='10U BOYS-8 TEAMS'!A22 -> 46054 | B66: ='10U BOYS-8 TEAMS'!B22 -> 0.36458333 | C66: ='10U BOYS-8 TEAMS'!C22&"" -> BECKMAN HS 2 | D66: ='10U BOYS-8 TEAMS'!D22&"" -> 10B10 | E66: ='10U BOYS-8 TEAMS'!E22&"" -> A3-LA PREMIER | F66: ='10U BOYS-8 TEAMS'!F22&"" -> 2 | G66: ='10U BOYS-8 TEAMS'!G22&"" -> A4-CC UNITED BLUE | H66: ='10U BOYS-8 TEAMS'!H22&"" -> 9 | I66: ='10U BOYS-8 TEAMS'!I22&"" -> bracket, A3/A4 | J66: ='10U BOYS-8 TEAMS'!J22&"" -> 10U_BOYS | K66: =TEXT(DATE(2026, MONTH(A66), DAY(A66)) + TIME(HOUR(B66), MINUTE(B66), 0), "yyyymmddhhmm") -> 202602010845
A67: ='10U BOYS-8 TEAMS'!A23 -> 46054 | B67: ='10U BOYS-8 TEAMS'!B23 -> 0.39583333 | C67: ='10U BOYS-8 TEAMS'!C23&"" -> BECKMAN HS 2 | D67: ='10U BOYS-8 TEAMS'!D23&"" -> 10B11 | E67: ='10U BOYS-8 TEAMS'!E23&"" -> B1-CC UNITED BLACK | F67: ='10U BOYS-8 TEAMS'!F23&"" -> 8 | G67: ='10U BOYS-8 TEAMS'!G23&"" -> B2-SAN CLEMENTE RED | H67: ='10U BOYS-8 TEAMS'!H23&"" -> 7 | I67: ='10U BOYS-8 TEAMS'!I23&"" -> bracket, B1/B2 | J67: ='10U BOYS-8 TEAMS'!J23&"" -> 10U_BOYS | K67: =TEXT(DATE(2026, MONTH(A67), DAY(A67)) + TIME(HOUR(B67), MINUTE(B67), 0), "yyyymmddhhmm") -> 202602010930
A68: ='10U BOYS-8 TEAMS'!A24 -> 46054 | B68: ='10U BOYS-8 TEAMS'!B24 -> 0.42708333 | C68: ='10U BOYS-8 TEAMS'!C24&"" -> BECKMAN HS 2 | D68: ='10U BOYS-8 TEAMS'!D24&"" -> 10B12 | E68: ='10U BOYS-8 TEAMS'!E24&"" -> A1-LAMORINDA BLUE (A) | F68: ='10U BOYS-8 TEAMS'!F24&"" -> 6 | G68: ='10U BOYS-8 TEAMS'!G24&"" -> A2-680 RED | H68: ='10U BOYS-8 TEAMS'!H24&"" -> 16 | I68: ='10U BOYS-8 TEAMS'!I24&"" -> bracket, A1/A2 | J68: ='10U BOYS-8 TEAMS'!J24&"" -> 10U_BOYS | K68: =TEXT(DATE(2026, MONTH(A68), DAY(A68)) + TIME(HOUR(B68), MINUTE(B68), 0), "yyyymmddhhmm") -> 202602011015
A69: ='10U COED GOLD-16 TEAMS CUSTOM'!A35 -> 46054 | B69: ='10U COED GOLD-16 TEAMS CUSTOM'!B35 -> 0.45833333 | C69: ='10U COED GOLD-16 TEAMS CUSTOM'!C35&"" -> BECKMAN HS 2 | D69: ='10U COED GOLD-16 TEAMS CUSTOM'!D35&"" -> 10Cau23 | E69: ='10U COED GOLD-16 TEAMS CUSTOM'!E35&"" -> G1-LAMORINDA BLUE (A) (girls) | F69: ='10U COED GOLD-16 TEAMS CUSTOM'!F35&"" -> 19 | G69: ='10U COED GOLD-16 TEAMS CUSTOM'!G35&"" -> 3rdB-DEL MAR WHITE | H69: ='10U COED GOLD-16 TEAMS CUSTOM'!H35&"" -> 0 | I69: ='10U COED GOLD-16 TEAMS CUSTOM'!I35&"" -> girls-coed interact | J69: ='10U COED GOLD-16 TEAMS CUSTOM'!J35&"" -> 10U_COED_GOLD | K69: =TEXT(DATE(2026, MONTH(A69), DAY(A69)) + TIME(HOUR(B69), MINUTE(B69), 0), "yyyymmddhhmm") -> 202602011100
A70: ='10U COED GOLD-16 TEAMS CUSTOM'!A37 -> 46054 | B70: ='10U COED GOLD-16 TEAMS CUSTOM'!B37 -> 0.48958333 | C70: ='10U COED GOLD-16 TEAMS CUSTOM'!C37&"" -> BECKMAN HS 2 | D70: ='10U COED GOLD-16 TEAMS CUSTOM'!D37&"" -> 10Cau24 | E70: ='10U COED GOLD-16 TEAMS CUSTOM'!E37&"" -> G2-DEL MAR BLUE (girls) | F70: ='10U COED GOLD-16 TEAMS CUSTOM'!F37&"" -> 15 | G70: ='10U COED GOLD-16 TEAMS CUSTOM'!G37&"" -> 3rdD-PATRIOT WHITE | H70: ='10U COED GOLD-16 TEAMS CUSTOM'!H37&"" -> 2 | I70: ='10U COED GOLD-16 TEAMS CUSTOM'!I37&"" -> girls-coed interact | J70: ='10U COED GOLD-16 TEAMS CUSTOM'!J37&"" -> 10U_COED_GOLD | K70: =TEXT(DATE(2026, MONTH(A70), DAY(A70)) + TIME(HOUR(B70), MINUTE(B70), 0), "yyyymmddhhmm") -> 202602011145
A71: ='10U BOYS-8 TEAMS'!A26 -> 46054 | B71: ='10U BOYS-8 TEAMS'!B26 -> 0.52083333 | C71: ='10U BOYS-8 TEAMS'!C26&"" -> BECKMAN HS 2 | D71: ='10U BOYS-8 TEAMS'!D26&"" -> 10B13 | E71: ='10U BOYS-8 TEAMS'!E26&"" -> 4thA-LA PREMIER | F71: ='10U BOYS-8 TEAMS'!F26&"" -> 11 | G71: ='10U BOYS-8 TEAMS'!G26&"" -> 4thB-680 BLUE | H71: ='10U BOYS-8 TEAMS'!H26&"" -> 4 | I71: ='10U BOYS-8 TEAMS'!I26&"" -> 7th | J71: ='10U BOYS-8 TEAMS'!J26&"" -> 10U_BOYS | K71: =TEXT(DATE(2026, MONTH(A71), DAY(A71)) + TIME(HOUR(B71), MINUTE(B71), 0), "yyyymmddhhmm") -> 202602011230
A72: ='10U BOYS-8 TEAMS'!A27 -> 46054 | B72: ='10U BOYS-8 TEAMS'!B27 -> 0.55208333 | C72: ='10U BOYS-8 TEAMS'!C27&"" -> BECKMAN HS 2 | D72: ='10U BOYS-8 TEAMS'!D27&"" -> 10B14 | E72: ='10U BOYS-8 TEAMS'!E27&"" -> 3rdA-CC UNITED BLUE | F72: ='10U BOYS-8 TEAMS'!F27&"" -> 1 | G72: ='10U BOYS-8 TEAMS'!G27&"" -> 3rdB-STANFORD RED | H72: ='10U BOYS-8 TEAMS'!H27&"" -> 8 | I72: ='10U BOYS-8 TEAMS'!I27&"" -> 5th | J72: ='10U BOYS-8 TEAMS'!J27&"" -> 10U_BOYS | K72: =TEXT(DATE(2026, MONTH(A72), DAY(A72)) + TIME(HOUR(B72), MINUTE(B72), 0), "yyyymmddhhmm") -> 202602011315
A73: ='10U COED PLATINUM-8 TEAMS'!A27 -> 46054 | B73: ='10U COED PLATINUM-8 TEAMS'!B27 -> 0.58333333 | C73: ='10U COED PLATINUM-8 TEAMS'!C27&"" -> BECKMAN HS 2 | D73: ='10U COED PLATINUM-8 TEAMS'!D27&"" -> 10Cpt13 | E73: ='10U COED PLATINUM-8 TEAMS'!E27&"" -> 4thA-FOOTHILL RED | F73: ='10U COED PLATINUM-8 TEAMS'!F27&"" -> 15 | G73: ='10U COED PLATINUM-8 TEAMS'!G27&"" -> 4thB-LAMORINDA GOLD (B) | H73: ='10U COED PLATINUM-8 TEAMS'!H27&"" -> 5 | I73: ='10U COED PLATINUM-8 TEAMS'!I27&"" -> 7th | J73: ='10U COED PLATINUM-8 TEAMS'!J27&"" -> 10U_COED_PLATINUM | K73: =TEXT(DATE(2026, MONTH(A73), DAY(A73)) + TIME(HOUR(B73), MINUTE(B73), 0), "yyyymmddhhmm") -> 202602011400
A74: ='10U COED PLATINUM-8 TEAMS'!A28 -> 46054 | B74: ='10U COED PLATINUM-8 TEAMS'!B28 -> 0.61458333 | C74: ='10U COED PLATINUM-8 TEAMS'!C28&"" -> BECKMAN HS 2 | D74: ='10U COED PLATINUM-8 TEAMS'!D28&"" -> 10Cpt14 | E74: ='10U COED PLATINUM-8 TEAMS'!E28&"" -> 3rdA-YOLO BLACK | F74: ='10U COED PLATINUM-8 TEAMS'!F28&"" -> 17 | G74: ='10U COED PLATINUM-8 TEAMS'!G28&"" -> 3rdB-PATRIOT RED | H74: ='10U COED PLATINUM-8 TEAMS'!H28&"" -> 4 | I74: ='10U COED PLATINUM-8 TEAMS'!I28&"" -> 5th | J74: ='10U COED PLATINUM-8 TEAMS'!J28&"" -> 10U_COED_PLATINUM | K74: =TEXT(DATE(2026, MONTH(A74), DAY(A74)) + TIME(HOUR(B74), MINUTE(B74), 0), "yyyymmddhhmm") -> 202602011445
A75: ='14U BOYS GOLD-26 TEAMS'!A26 -> 46053 | B75: ='14U BOYS GOLD-26 TEAMS'!B26 -> 0.32638889 | C75: ='14U BOYS GOLD-26 TEAMS'!C26&"" -> COSTA MESA HS 1 | D75: ='14U BOYS GOLD-26 TEAMS'!D26&"" -> 14Bau01 | E75: ='14U BOYS GOLD-26 TEAMS'!E26&"" -> A1(1)-HONOLULU BLUE | F75: ='14U BOYS GOLD-26 TEAMS'!F26&"" -> 2 | G75: ='14U BOYS GOLD-26 TEAMS'!G26&"" -> A2(16)-SHORE AQUATICS | H75: ='14U BOYS GOLD-26 TEAMS'!H26&"" -> 14 | I75: ='14U BOYS GOLD-26 TEAMS'!I26&"" -> A bracket A1,A2 | J75: ='14U BOYS GOLD-26 TEAMS'!J26&"" -> 14U_BOYS_GOLD | K75: =TEXT(DATE(2026, MONTH(A75), DAY(A75)) + TIME(HOUR(B75), MINUTE(B75), 0), "yyyymmddhhmm") -> 202601310750
A76: ='14U BOYS GOLD-26 TEAMS'!A27 -> 46053 | B76: ='14U BOYS GOLD-26 TEAMS'!B27 -> 0.36111111 | C76: ='14U BOYS GOLD-26 TEAMS'!C27&"" -> COSTA MESA HS 1 | D76: ='14U BOYS GOLD-26 TEAMS'!D27&"" -> 14Bau08 | E76: ='14U BOYS GOLD-26 TEAMS'!E27&"" -> B1(4)-DAVIS | F76: ='14U BOYS GOLD-26 TEAMS'!F27&"" -> 18 | G76: ='14U BOYS GOLD-26 TEAMS'!G27&"" -> B3(20)-LA JOLLA UNITED GOLD | H76: ='14U BOYS GOLD-26 TEAMS'!H27&"" -> 7 | I76: ='14U BOYS GOLD-26 TEAMS'!I27&"" -> B bracket B1,B3 | J76: ='14U BOYS GOLD-26 TEAMS'!J27&"" -> 14U_BOYS_GOLD | K76: =TEXT(DATE(2026, MONTH(A76), DAY(A76)) + TIME(HOUR(B76), MINUTE(B76), 0), "yyyymmddhhmm") -> 202601310840
A77: ='14U BOYS GOLD-26 TEAMS'!A28 -> 46053 | B77: ='14U BOYS GOLD-26 TEAMS'!B28 -> 0.39583333 | C77: ='14U BOYS GOLD-26 TEAMS'!C28&"" -> COSTA MESA HS 1 | D77: ='14U BOYS GOLD-26 TEAMS'!D28&"" -> 14Bau09 | E77: ='14U BOYS GOLD-26 TEAMS'!E28&"" -> C1(5)-LAWPC | F77: ='14U BOYS GOLD-26 TEAMS'!F28&"" -> 14 | G77: ='14U BOYS GOLD-26 TEAMS'!G28&"" -> C3(21)-STANFORD 13 | H77: ='14U BOYS GOLD-26 TEAMS'!H28&"" -> 6 | I77: ='14U BOYS GOLD-26 TEAMS'!I28&"" -> C bracket C1,C3 | J77: ='14U BOYS GOLD-26 TEAMS'!J28&"" -> 14U_BOYS_GOLD | K77: =TEXT(DATE(2026, MONTH(A77), DAY(A77)) + TIME(HOUR(B77), MINUTE(B77), 0), "yyyymmddhhmm") -> 202601310930
A78: ='14U BOYS GOLD-26 TEAMS'!A29 -> 46053 | B78: ='14U BOYS GOLD-26 TEAMS'!B29 -> 0.43055556 | C78: ='14U BOYS GOLD-26 TEAMS'!C29&"" -> COSTA MESA HS 1 | D78: ='14U BOYS GOLD-26 TEAMS'!D29&"" -> 14Bau02 | E78: ='14U BOYS GOLD-26 TEAMS'!E29&"" -> 8-SAN CLEMENTE RED | F78: ='14U BOYS GOLD-26 TEAMS'!F29&"" -> 13 | G78: ='14U BOYS GOLD-26 TEAMS'!G29&"" -> 25-AMERICAN RIVER BLUE | H78: ='14U BOYS GOLD-26 TEAMS'!H29&"" -> 4 | I78: ='14U BOYS GOLD-26 TEAMS'!I29&"" -> W/L D1/D4 | J78: ='14U BOYS GOLD-26 TEAMS'!J29&"" -> 14U_BOYS_GOLD | K78: =TEXT(DATE(2026, MONTH(A78), DAY(A78)) + TIME(HOUR(B78), MINUTE(B78), 0), "yyyymmddhhmm") -> 202601311020
A79: ='14U BOYS GOLD-26 TEAMS'!A30 -> 46053 | B79: ='14U BOYS GOLD-26 TEAMS'!B30 -> 0.46527778 | C79: ='14U BOYS GOLD-26 TEAMS'!C30&"" -> COSTA MESA HS 1 | D79: ='14U BOYS GOLD-26 TEAMS'!D30&"" -> 14Bau03 | E79: ='14U BOYS GOLD-26 TEAMS'!E30&"" -> 9-STANFORD BLACK | F79: ='14U BOYS GOLD-26 TEAMS'!F30&"" -> 6 | G79: ='14U BOYS GOLD-26 TEAMS'!G30&"" -> 24-PRIDE RED | H79: ='14U BOYS GOLD-26 TEAMS'!H30&"" -> 12 | I79: ='14U BOYS GOLD-26 TEAMS'!I30&"" -> W/L D2/D3 | J79: ='14U BOYS GOLD-26 TEAMS'!J30&"" -> 14U_BOYS_GOLD | K79: =TEXT(DATE(2026, MONTH(A79), DAY(A79)) + TIME(HOUR(B79), MINUTE(B79), 0), "yyyymmddhhmm") -> 202601311110
A80: ='14U BOYS GOLD-26 TEAMS'!A31 -> 46053 | B80: ='14U BOYS GOLD-26 TEAMS'!B31 -> 0.5 | C80: ='14U BOYS GOLD-26 TEAMS'!C31&"" -> COSTA MESA HS 1 | D80: ='14U BOYS GOLD-26 TEAMS'!D31&"" -> 14Bau04 | E80: ='14U BOYS GOLD-26 TEAMS'!E31&"" -> A2(16)-SHORE AQUATICS | F80: ='14U BOYS GOLD-26 TEAMS'!F31&"" -> 17 | G80: ='14U BOYS GOLD-26 TEAMS'!G31&"" -> A3(17)-NORTH IRVINE RED | H80: ='14U BOYS GOLD-26 TEAMS'!H31&"" -> 1 | I80: ='14U BOYS GOLD-26 TEAMS'!I31&"" -> A bracket A2,A3 | J80: ='14U BOYS GOLD-26 TEAMS'!J31&"" -> 14U_BOYS_GOLD | K80: =TEXT(DATE(2026, MONTH(A80), DAY(A80)) + TIME(HOUR(B80), MINUTE(B80), 0), "yyyymmddhhmm") -> 202601311200
A81: ='14U BOYS GOLD-26 TEAMS'!A32 -> 46053 | B81: ='14U BOYS GOLD-26 TEAMS'!B32 -> 0.53472222 | C81: ='14U BOYS GOLD-26 TEAMS'!C32&"" -> COSTA MESA HS 1 | D81: ='14U BOYS GOLD-26 TEAMS'!D32&"" -> 14Bau10 | E81: ='14U BOYS GOLD-26 TEAMS'!E32&"" -> B2(13)-BACK BAY | F81: ='14U BOYS GOLD-26 TEAMS'!F32&"" -> 18 | G81: ='14U BOYS GOLD-26 TEAMS'!G32&"" -> B3(20)-LA JOLLA UNITED GOLD | H81: ='14U BOYS GOLD-26 TEAMS'!H32&"" -> 8 | I81: ='14U BOYS GOLD-26 TEAMS'!I32&"" -> B bracket B2,B3 | J81: ='14U BOYS GOLD-26 TEAMS'!J32&"" -> 14U_BOYS_GOLD | K81: =TEXT(DATE(2026, MONTH(A81), DAY(A81)) + TIME(HOUR(B81), MINUTE(B81), 0), "yyyymmddhhmm") -> 202601311250
A82: ='14U BOYS GOLD-26 TEAMS'!A33 -> 46053 | B82: ='14U BOYS GOLD-26 TEAMS'!B33 -> 0.56944444 | C82: ='14U BOYS GOLD-26 TEAMS'!C33&"" -> COSTA MESA HS 1 | D82: ='14U BOYS GOLD-26 TEAMS'!D33&"" -> 14Bau11 | E82: ='14U BOYS GOLD-26 TEAMS'!E33&"" -> C1(5)-LAWPC | F82: ='14U BOYS GOLD-26 TEAMS'!F33&"" -> 10 | G82: ='14U BOYS GOLD-26 TEAMS'!G33&"" -> C2(12)-NORTHWEST | H82: ='14U BOYS GOLD-26 TEAMS'!H33&"" -> 11 | I82: ='14U BOYS GOLD-26 TEAMS'!I33&"" -> C bracket C1,C2 | J82: ='14U BOYS GOLD-26 TEAMS'!J33&"" -> 14U_BOYS_GOLD | K82: =TEXT(DATE(2026, MONTH(A82), DAY(A82)) + TIME(HOUR(B82), MINUTE(B82), 0), "yyyymmddhhmm") -> 202601311340
A83: ='14U BOYS GOLD-26 TEAMS'!A34 -> 46053 | B83: ='14U BOYS GOLD-26 TEAMS'!B34 -> 0.60416667 | C83: ='14U BOYS GOLD-26 TEAMS'!C34&"" -> COSTA MESA HS 1 | D83: ='14U BOYS GOLD-26 TEAMS'!D34&"" -> 14Bau05 | E83: ='14U BOYS GOLD-26 TEAMS'!E34&"" -> L#2-AMERICAN RIVER BLUE | F83: ='14U BOYS GOLD-26 TEAMS'!F34&"" -> 10 | G83: ='14U BOYS GOLD-26 TEAMS'!G34&"" -> L#3-STANFORD BLACK | H83: ='14U BOYS GOLD-26 TEAMS'!H34&"" -> 4 | I83: ='14U BOYS GOLD-26 TEAMS'!I34&"" -> 3rd/4th D | J83: ='14U BOYS GOLD-26 TEAMS'!J34&"" -> 14U_BOYS_GOLD | K83: =TEXT(DATE(2026, MONTH(A83), DAY(A83)) + TIME(HOUR(B83), MINUTE(B83), 0), "yyyymmddhhmm") -> 202601311430
A84: ='14U BOYS GOLD-26 TEAMS'!A35 -> 46053 | B84: ='14U BOYS GOLD-26 TEAMS'!B35 -> 0.63888889 | C84: ='14U BOYS GOLD-26 TEAMS'!C35&"" -> COSTA MESA HS 1 | D84: ='14U BOYS GOLD-26 TEAMS'!D35&"" -> 14Bau06 | E84: ='14U BOYS GOLD-26 TEAMS'!E35&"" -> W#2-SAN CLEMENTE RED | F84: ='14U BOYS GOLD-26 TEAMS'!F35&"" -> 13 | G84: ='14U BOYS GOLD-26 TEAMS'!G35&"" -> W#3-PRIDE RED | H84: ='14U BOYS GOLD-26 TEAMS'!H35&"" -> 7 | I84: ='14U BOYS GOLD-26 TEAMS'!I35&"" -> 1st/2nd D | J84: ='14U BOYS GOLD-26 TEAMS'!J35&"" -> 14U_BOYS_GOLD | K84: =TEXT(DATE(2026, MONTH(A84), DAY(A84)) + TIME(HOUR(B84), MINUTE(B84), 0), "yyyymmddhhmm") -> 202601311520
A85: ='14U BOYS GOLD-26 TEAMS'!A36 -> 46053 | B85: ='14U BOYS GOLD-26 TEAMS'!B36 -> 0.67361111 | C85: ='14U BOYS GOLD-26 TEAMS'!C36&"" -> COSTA MESA HS 1 | D85: ='14U BOYS GOLD-26 TEAMS'!D36&"" -> 14Bau07 | E85: ='14U BOYS GOLD-26 TEAMS'!E36&"" -> A1(1)-HONOLULU BLUE | F85: ='14U BOYS GOLD-26 TEAMS'!F36&"" -> 10.3 | G85: ='14U BOYS GOLD-26 TEAMS'!G36&"" -> A3(17)-NORTH IRVINE RED | H85: ='14U BOYS GOLD-26 TEAMS'!H36&"" -> 10.4 | I85: ='14U BOYS GOLD-26 TEAMS'!I36&"" -> A bracket A1,A3 | J85: ='14U BOYS GOLD-26 TEAMS'!J36&"" -> 14U_BOYS_GOLD | K85: =TEXT(DATE(2026, MONTH(A85), DAY(A85)) + TIME(HOUR(B85), MINUTE(B85), 0), "yyyymmddhhmm") -> 202601311610
A86: ='14U BOYS GOLD-26 TEAMS'!A37 -> 46053 | B86: ='14U BOYS GOLD-26 TEAMS'!B37 -> 0.70833333 | C86: ='14U BOYS GOLD-26 TEAMS'!C37&"" -> COSTA MESA HS 1 | D86: ='14U BOYS GOLD-26 TEAMS'!D37&"" -> 14Bau12 | E86: ='14U BOYS GOLD-26 TEAMS'!E37&"" -> B1(4)-DAVIS | F86: ='14U BOYS GOLD-26 TEAMS'!F37&"" -> 4 | G86: ='14U BOYS GOLD-26 TEAMS'!G37&"" -> B2(13)-BACK BAY | H86: ='14U BOYS GOLD-26 TEAMS'!H37&"" -> 11 | I86: ='14U BOYS GOLD-26 TEAMS'!I37&"" -> B bracket B1,B2 | J86: ='14U BOYS GOLD-26 TEAMS'!J37&"" -> 14U_BOYS_GOLD | K86: =TEXT(DATE(2026, MONTH(A86), DAY(A86)) + TIME(HOUR(B86), MINUTE(B86), 0), "yyyymmddhhmm") -> 202601311700
A87: ='14U BOYS GOLD-26 TEAMS'!A38 -> 46053 | B87: ='14U BOYS GOLD-26 TEAMS'!B38 -> 0.74305556 | C87: ='14U BOYS GOLD-26 TEAMS'!C38&"" -> COSTA MESA HS 1 | D87: ='14U BOYS GOLD-26 TEAMS'!D38&"" -> 14Bau13 | E87: ='14U BOYS GOLD-26 TEAMS'!E38&"" -> C2(12)-NORTHWEST | F87: ='14U BOYS GOLD-26 TEAMS'!F38&"" -> 9 | G87: ='14U BOYS GOLD-26 TEAMS'!G38&"" -> C3(21)-STANFORD 13 | H87: ='14U BOYS GOLD-26 TEAMS'!H38&"" -> 7 | I87: ='14U BOYS GOLD-26 TEAMS'!I38&"" -> C bracket C2,C3 | J87: ='14U BOYS GOLD-26 TEAMS'!J38&"" -> 14U_BOYS_GOLD | K87: =TEXT(DATE(2026, MONTH(A87), DAY(A87)) + TIME(HOUR(B87), MINUTE(B87), 0), "yyyymmddhhmm") -> 202601311750
A88: ='14U BOYS SILVER-18 TEAMS'!A44 -> 46054 | B88: ='14U BOYS SILVER-18 TEAMS'!B44 -> 0.32638889 | C88: ='14U BOYS SILVER-18 TEAMS'!C44&"" -> COSTA MESA HS 1 | D88: ='14U BOYS SILVER-18 TEAMS'!D44&"" -> 14Bag19 | E88: ='14U BOYS SILVER-18 TEAMS'!E44&"" -> G1(1stA)-POWAY VALLEY BLACK | F88: ='14U BOYS SILVER-18 TEAMS'!F44&"" -> 8 | G88: ='14U BOYS SILVER-18 TEAMS'!G44&"" -> G2(1stB)-SAN FRANCISCO | H88: ='14U BOYS SILVER-18 TEAMS'!H44&"" -> 5 | I88: ='14U BOYS SILVER-18 TEAMS'!I44&"" -> 1st-6th | J88: ='14U BOYS SILVER-18 TEAMS'!J44&"" -> 14U_BOYS_SILVER | K88: =TEXT(DATE(2026, MONTH(A88), DAY(A88)) + TIME(HOUR(B88), MINUTE(B88), 0), "yyyymmddhhmm") -> 202602010750
A89: ='14U BOYS SILVER-18 TEAMS'!A45 -> 46054 | B89: ='14U BOYS SILVER-18 TEAMS'!B45 -> 0.36111111 | C89: ='14U BOYS SILVER-18 TEAMS'!C45&"" -> COSTA MESA HS 1 | D89: ='14U BOYS SILVER-18 TEAMS'!D45&"" -> 14Bag21 | E89: ='14U BOYS SILVER-18 TEAMS'!E45&"" -> H1(1stD)-SAND CANYON | F89: ='14U BOYS SILVER-18 TEAMS'!F45&"" -> 11 | G89: ='14U BOYS SILVER-18 TEAMS'!G45&"" -> H2(1stE)-GOLD COAST | H89: ='14U BOYS SILVER-18 TEAMS'!H45&"" -> 14 | I89: ='14U BOYS SILVER-18 TEAMS'!I45&"" -> 1st-6th | J89: ='14U BOYS SILVER-18 TEAMS'!J45&"" -> 14U_BOYS_SILVER | K89: =TEXT(DATE(2026, MONTH(A89), DAY(A89)) + TIME(HOUR(B89), MINUTE(B89), 0), "yyyymmddhhmm") -> 202602010840
A90: ='14U BOYS SILVER-18 TEAMS'!A46 -> 46054 | B90: ='14U BOYS SILVER-18 TEAMS'!B46 -> 0.39583333 | C90: ='14U BOYS SILVER-18 TEAMS'!C46&"" -> COSTA MESA HS 1 | D90: ='14U BOYS SILVER-18 TEAMS'!D46&"" -> 14Bag23 | E90: ='14U BOYS SILVER-18 TEAMS'!E46&"" -> J1(2ndF)-NADO | F90: ='14U BOYS SILVER-18 TEAMS'!F46&"" -> 16 | G90: ='14U BOYS SILVER-18 TEAMS'!G46&"" -> J2(2ndE)-HONOLULU GREEN | H90: ='14U BOYS SILVER-18 TEAMS'!H46&"" -> 11 | I90: ='14U BOYS SILVER-18 TEAMS'!I46&"" -> 7th-12th | J90: ='14U BOYS SILVER-18 TEAMS'!J46&"" -> 14U_BOYS_SILVER | K90: =TEXT(DATE(2026, MONTH(A90), DAY(A90)) + TIME(HOUR(B90), MINUTE(B90), 0), "yyyymmddhhmm") -> 202602010930
A91: ='14U BOYS SILVER-18 TEAMS'!A47 -> 46054 | B91: ='14U BOYS SILVER-18 TEAMS'!B47 -> 0.43055556 | C91: ='14U BOYS SILVER-18 TEAMS'!C47&"" -> COSTA MESA HS 1 | D91: ='14U BOYS SILVER-18 TEAMS'!D47&"" -> 14Bag25 | E91: ='14U BOYS SILVER-18 TEAMS'!E47&"" -> G1(1stA)-POWAY VALLEY BLACK | F91: ='14U BOYS SILVER-18 TEAMS'!F47&"" -> 8 | G91: ='14U BOYS SILVER-18 TEAMS'!G47&"" -> G3(1stC)-PASADENA AC | H91: ='14U BOYS SILVER-18 TEAMS'!H47&"" -> 5 | I91: ='14U BOYS SILVER-18 TEAMS'!I47&"" -> 1st-6th | J91: ='14U BOYS SILVER-18 TEAMS'!J47&"" -> 14U_BOYS_SILVER | K91: =TEXT(DATE(2026, MONTH(A91), DAY(A91)) + TIME(HOUR(B91), MINUTE(B91), 0), "yyyymmddhhmm") -> 202602011020
A92: ='14U BOYS SILVER-18 TEAMS'!A48 -> 46054 | B92: ='14U BOYS SILVER-18 TEAMS'!B48 -> 0.46527778 | C92: ='14U BOYS SILVER-18 TEAMS'!C48&"" -> COSTA MESA HS 1 | D92: ='14U BOYS SILVER-18 TEAMS'!D48&"" -> 14Bag27 | E92: ='14U BOYS SILVER-18 TEAMS'!E48&"" -> H1(1stD)-SAND CANYON | F92: ='14U BOYS SILVER-18 TEAMS'!F48&"" -> 12 | G92: ='14U BOYS SILVER-18 TEAMS'!G48&"" -> H3(1stF)-680 WHITE | H92: ='14U BOYS SILVER-18 TEAMS'!H48&"" -> 7 | I92: ='14U BOYS SILVER-18 TEAMS'!I48&"" -> 1st-6th | J92: ='14U BOYS SILVER-18 TEAMS'!J48&"" -> 14U_BOYS_SILVER | K92: =TEXT(DATE(2026, MONTH(A92), DAY(A92)) + TIME(HOUR(B92), MINUTE(B92), 0), "yyyymmddhhmm") -> 202602011110
A93: ='14U BOYS SILVER-18 TEAMS'!A49 -> 46054 | B93: ='14U BOYS SILVER-18 TEAMS'!B49 -> 0.5 | C93: ='14U BOYS SILVER-18 TEAMS'!C49&"" -> COSTA MESA HS 1 | D93: ='14U BOYS SILVER-18 TEAMS'!D49&"" -> 14Bag35 | E93: ='14U BOYS SILVER-18 TEAMS'!E49&"" -> J2(2ndE)-HONOLULU GREEN | F93: ='14U BOYS SILVER-18 TEAMS'!F49&"" -> 8 | G93: ='14U BOYS SILVER-18 TEAMS'!G49&"" -> J3(2ndD)-PALOS VERDES B | H93: ='14U BOYS SILVER-18 TEAMS'!H49&"" -> 11 | I93: ='14U BOYS SILVER-18 TEAMS'!I49&"" -> 7th-12th | J93: ='14U BOYS SILVER-18 TEAMS'!J49&"" -> 14U_BOYS_SILVER | K93: =TEXT(DATE(2026, MONTH(A93), DAY(A93)) + TIME(HOUR(B93), MINUTE(B93), 0), "yyyymmddhhmm") -> 202602011200
A94: ='14U BOYS SILVER-18 TEAMS'!A50 -> 46054 | B94: ='14U BOYS SILVER-18 TEAMS'!B50 -> 0.53472222 | C94: ='14U BOYS SILVER-18 TEAMS'!C50&"" -> COSTA MESA HS 1 | D94: ='14U BOYS SILVER-18 TEAMS'!D50&"" -> 14Bag31 | E94: ='14U BOYS SILVER-18 TEAMS'!E50&"" -> G2(1stB)-SAN FRANCISCO | F94: ='14U BOYS SILVER-18 TEAMS'!F50&"" -> 6 | G94: ='14U BOYS SILVER-18 TEAMS'!G50&"" -> G3(1stC)-PASADENA AC | H94: ='14U BOYS SILVER-18 TEAMS'!H50&"" -> 11 | I94: ='14U BOYS SILVER-18 TEAMS'!I50&"" -> 1st-6th | J94: ='14U BOYS SILVER-18 TEAMS'!J50&"" -> 14U_BOYS_SILVER | K94: =TEXT(DATE(2026, MONTH(A94), DAY(A94)) + TIME(HOUR(B94), MINUTE(B94), 0), "yyyymmddhhmm") -> 202602011250
A95: ='14U BOYS SILVER-18 TEAMS'!A51 -> 46054 | B95: ='14U BOYS SILVER-18 TEAMS'!B51 -> 0.56944444 | C95: ='14U BOYS SILVER-18 TEAMS'!C51&"" -> COSTA MESA HS 1 | D95: ='14U BOYS SILVER-18 TEAMS'!D51&"" -> 14Bag33 | E95: ='14U BOYS SILVER-18 TEAMS'!E51&"" -> H2(1stE)-GOLD COAST | F95: ='14U BOYS SILVER-18 TEAMS'!F51&"" -> 14 | G95: ='14U BOYS SILVER-18 TEAMS'!G51&"" -> H3(1stF)-680 WHITE | H95: ='14U BOYS SILVER-18 TEAMS'!H51&"" -> 10 | I95: ='14U BOYS SILVER-18 TEAMS'!I51&"" -> 1st-6th | J95: ='14U BOYS SILVER-18 TEAMS'!J51&"" -> 14U_BOYS_SILVER | K95: =TEXT(DATE(2026, MONTH(A95), DAY(A95)) + TIME(HOUR(B95), MINUTE(B95), 0), "yyyymmddhhmm") -> 202602011340
A96: ='14U BOYS SILVER-18 TEAMS'!A52 -> 46054 | B96: ='14U BOYS SILVER-18 TEAMS'!B52 -> 0.60416667 | C96: ='14U BOYS SILVER-18 TEAMS'!C52&"" -> COSTA MESA HS 1 | D96: ='14U BOYS SILVER-18 TEAMS'!D52&"" -> 14Bag29 | E96: ='14U BOYS SILVER-18 TEAMS'!E52&"" -> J1(2ndF)-NADO | F96: ='14U BOYS SILVER-18 TEAMS'!F52&"" -> 11 | G96: ='14U BOYS SILVER-18 TEAMS'!G52&"" -> J3(2ndD)-PALOS VERDES B | H96: ='14U BOYS SILVER-18 TEAMS'!H52&"" -> 10 | I96: ='14U BOYS SILVER-18 TEAMS'!I52&"" -> 7th-12th | J96: ='14U BOYS SILVER-18 TEAMS'!J52&"" -> 14U_BOYS_SILVER | K96: =TEXT(DATE(2026, MONTH(A96), DAY(A96)) + TIME(HOUR(B96), MINUTE(B96), 0), "yyyymmddhhmm") -> 202602011430
