Workbook

Sheet TEAM LISTING AND BRACKETS
A1: DIVISION | B1: TEAM
A2: 10U_BOYS_&_COED_PLATINUM | B2: 2 SET MEDALS | D2: A coed pt 1st-3rd | E2: B boys 1st-4th
A3: 10U_BOYS | B3: CDM BLUE | D3: A1-NORTH IRVINE BLACK | E3: B1-ORWP A
A4: 10U_BOYS | B4: NEWPORT BEACH WHITE | D4: A2-SAN DIEGO DONS BLACK | E4: B2-CDM BLUE
A5: 10U_BOYS | B5: ORWP A | D5: A3-VIKING | E5: B3-SAN CLEMENTE RED
A6: 10U_BOYS | B6: SAN CLEMENTE RED | E6: B4-NEWPORT BEACH WHITE
A7: 10U_COED_PLATINUM | B7: NORTH IRVINE BLACK
A8: 10U_COED_PLATINUM | B8: SAN DIEGO DONS BLACK
A9: 10U_COED_PLATINUM | B9: VIKING | C9: 7
A11: 10U_GIRLS_COED_GOLD_SILVER | B11: RR for 1st-4th then cross no re-play | D11: A gold 1st-4th
A12: 10U_COED_GOLD | B12: ORANGE COUNTY WPC B au | D12: A1-TROJAN SOUTH au
A13: 10U_COED_GOLD | B13: SAN CLEMENTE BLACK au | D13: A2-VANGUARD BLUE au
A14: 10U_COED_GOLD | B14: TROJAN SOUTH au | D14: A3-SAN CLEMENTE BLACK au
A15: 10U_COED_GOLD | B15: VANGUARD BLUE au | C15: 4 | D15: A4-ORANGE COUNTY WPC B au
B17: RR for 1st-4th then cross no re-play | D17: B silver 1st-4th
A18: 10U_COED_SILVER | B18: CDM BOYS WHITE ag | D18: B1-SAN CLEMENTE GIRLS RED ag
A19: 10U_COED_SILVER | B19: LAGUNA BEACH ag | D19: B2-CDM BOYS WHITE ag | M19: =#REF! -> #REF! | N19: =#REF! -> #REF!
A20: 10U_COED_SILVER | B20: SAN CLEMENTE GIRLS RED ag | D20: B3-LAGUNA BEACH ag | M20: =#REF! -> #REF! | N20: =#REF! -> #REF!
A21: 10U_COED_SILVER | B21: TROJAN NORTH ag | C21: 4 | D21: B4-TROJAN NORTH ag
B23: No Intra-club play, then cross | D23: C GIrls 1st-4th
A24: 10U_GIRLS | B24: DEL MAR GIRLS BLUE | D24: C1-DEL MAR GIRLS BLUE
A25: 10U_GIRLS | B25: DEL MAR GIRLS WHITE | D25: C2-NEWPORT BEACH GIRLS BLUE
A26: 10U_GIRLS | B26: NEWPORT BEACH GIRLS BLUE | D26: C3-DEL MAR GIRLS WHITE
A27: 10U_GIRLS | B27: NEWPORT BEACH GIRLS WHITE | D27: C4-NEWPORT BEACH GIRLS WHITE | M27: =#REF! -> #REF! | N27: =#REF! -> #REF!
C28: 4
M29: =#REF! -> #REF! | N29: =#REF! -> #REF!
A30: 12U_BOYS | B30: 3 SET MEDALS | M30: =#REF! -> #REF! | N30: =#REF! -> #REF!
A31: 12U_BOYS_SILVER | B31: CDM ag | M31: =#REF! -> #REF! | N31: =#REF! -> #REF!
A32: 12U_BOYS_SILVER | B32: ORANGE COUNTY WPC B ag | M32: =#REF! -> #REF! | N32: =#REF! -> #REF!
A33: 12U_BOYS_SILVER | B33: ORWP B ag | D33: A pt 1st-3rd | E33: B au | F33: C au | G33: D au | H33: E ag 1st-3rd
D34: A1-LA PREMIER | E34: B1-TROJAN | F34: C1-LAWPC | G34: D1-PEGASUS WPA BLUE | H34: E1-CDM
D35: A2-ORANGE COUNTY WPC A | E35: B2-ROUTE 66 | F35: C2-MISSION B | G35: D2-VANGUARD SILVER | H35: E2-ORWP B
A36: 12U_BOYS_GOLD | B36: LAGUNA BEACH au | D36: A3-CMAC | E36: B3-LAGUNA BEACH | F36: C3-NORTH IRVINE RED | G36: D3-SAN DIEGO DONS 10 RED | H36: E3-ORANGE COUNTY WPC B
A37: 12U_BOYS_GOLD | B37: LAWPC au | G37: D4-NEWPORT BEACH 10 BLUE
A38: 12U_BOYS_GOLD | B38: MISSION B au | H38: Day 2 crosses
A39: 12U_BOYS_GOLD | B39: NEWPORT BEACH 10 BLUE au
A40: 12U_BOYS_GOLD | B40: NORTH IRVINE RED au | H40: =D43 -> 2ndA- | I40: =G43 -> 3rdD-
A41: 12U_BOYS_GOLD | B41: PEGASUS WPA BLUE au | E41: F au 1st-3rd | F41: G au 4th-6th | G41: 3rdB- | H41: =D47 -> 2ndE- | I41: =G44 -> 4thD-
A42: 12U_BOYS_GOLD | B42: ROUTE 66 au | D42: 1stA- | E42: F1(1stB)- | F42: G1(2ndB)- | G42: 3rdC- | H42: =D42 -> 1stA- | I42: =G41 -> 3rdB-
A43: 12U_BOYS_GOLD | B43: SAN DIEGO DONS 10 RED au | D43: 2ndA- | E43: F2(1stC)- | F43: G2(2ndC)- | G43: 3rdD- | H43: =D43 -> 2ndA- | I43: =D46 -> 1stE-
A44: 12U_BOYS_GOLD | B44: TROJAN au | D44: 3rdA- | E44: F3(1stD)- | F44: G3(2ndD)- | G44: 4thD- | H44: =D48 -> 3rdE- | I44: =G44 -> 4thD-
A45: 12U_BOYS_GOLD | B45: VANGUARD SILVER au | H45: =D42 -> 1stA- | I45: =G42 -> 3rdC-
D46: 1stE- | H46: =D47 -> 2ndE- | I46: =G43 -> 3rdD-
D47: 2ndE- | H47: =D44 -> 3rdA- | I47: =D46 -> 1stE-
A48: 12U_BOYS_PLATINUM | B48: LA PREMIER pt | D48: 3rdE- | H48: =G41 -> 3rdB- | I48: =G42 -> 3rdC-
A49: 12U_BOYS_PLATINUM | B49: CMAC pt | H49: =D44 -> 3rdA- | I49: =D48 -> 3rdE-
A50: 12U_BOYS_PLATINUM | B50: ORANGE COUNTY WPC A pt | C50: 16
A52: 12U_COED_GIRLS | B52: ARROYO GRANDE | D52: A | E52: B | F52: C
A53: 12U_COED_GIRLS | B53: HIELAND | D53: A1-HIELAND | E53: B1-ARROYO GRANDE | F53: C1-INNIS ARDEN
A54: 12U_COED_GIRLS | B54: INNIS ARDEN | D54: A2-PALOS VERDES | E54: B2-SET | F54: C2-CMAC GIRLS
A55: 12U_COED_GIRLS | B55: PALOS VERDES | D55: A3-TRILOGY | E55: B3-VIKING | F55: C3-LAGUNA BEACH GIRLS
A56: 12U_COED_GIRLS | B56: SET
A57: 12U_COED_GIRLS | B57: TRILOGY | D57: D | E57: E | F57: F
A58: 12U_COED_GIRLS | B58: VIKING | D58: D1(1stA)- | E58: E1(2ndA)- | F58: F1(3rdA)-
A59: 12U_COED_GIRLS | B59: CMAC GIRLS | D59: D2(1stB)- | E59: E2(2ndB)- | F59: F2(3rdB)-
A60: 12U_COED_GIRLS | B60: LAGUNA BEACH GIRLS | C60: 9 | D60: D3(1stC)- | E60: E3(2ndC)- | F60: F3(3rdC)-
A62: 14U_BOYS_SILVER | B62: BREA OLINDA GOLD | D62: A | E62: B | F62: C | G62: D
A63: 14U_BOYS_SILVER | B63: GOLD COAST | D63: A1-SAND CANYON | E63: B1-RIVERSIDE | F63: C1-TSM | G63: D1-TITANS
A64: 14U_BOYS_SILVER | B64: NEWPORT BEACH SILVER | D64: A2-BREA OLINDA GOLD | E64: B2-PASADENA AC ORANGE | F64: C2-GOLD COAST | G64: D2-SET
A65: 14U_BOYS_SILVER | B65: NORTH IRVINE 12 BLACK | D65: A3-TROJAN GOLD | E65: B3-SAN CLEMENTE BLACK | F65: C3-PALOS VERDES B | G65: D3-ORWP B
A66: 14U_BOYS_SILVER | B66: ORWP B | D66: A4-SAN DIEGO DONS 12 BLACK | E66: B4-RANCHO TSUNAMI 12 BLUE | F66: C4-NORTH IRVINE 12 BLACK | G66: D4-NEWPORT BEACH SILVER
A67: 14U_BOYS_SILVER | B67: PALOS VERDES B
A68: 14U_BOYS_SILVER | B68: PASADENA AC ORANGE
A69: 14U_BOYS_SILVER | B69: RANCHO TSUNAMI 12 BLUE
A70: 14U_BOYS_SILVER | B70: RIVERSIDE
A71: 14U_BOYS_SILVER | B71: SAN CLEMENTE BLACK
A72: 14U_BOYS_SILVER | B72: SAN DIEGO DONS 12 BLACK
A73: 14U_BOYS_SILVER | B73: SAND CANYON
A74: 14U_BOYS_SILVER | B74: SET
A75: 14U_BOYS_SILVER | B75: TITANS
A76: 14U_BOYS_SILVER | B76: TROJAN GOLD
A77: 14U_BOYS_SILVER | B77: TSM | C77: 16
A79: 14U_BOYS_GOLD | B79: ALAMEDA | D79: A | E79: B | F79: C | G79: D
A80: 14U_BOYS_GOLD | B80: CDM B | D80: A1-LAWPC | E80: B1-SD ECA | F80: C1-HIELAND | G80: D1-PRIDE RED
A81: 14U_BOYS_GOLD | B81: HIELAND | D81: A2-TRILOGY BLACK | E81: B2-MISSION 14B | F81: C2-VANGUARD SILVER | G81: D2-ALAMEDA
A82: 14U_BOYS_GOLD | B82: LAWPC | D82: A3-SAN DIEGO DONS 14 BLACK | E82: B3-ORANGE COUNTY WPC B | F82: C3-NEWPORT BEACH WHITE | G82: D3-CDM B
A83: 14U_BOYS_GOLD | B83: MISSION 12A | D83: A4-NORTH IRVINE RED | E83: B4-SOCAL 12 BLACK | F83: C4-SAN DIEGO DONS 12 RED | G83: D4-MISSION 12A
A84: 14U_BOYS_GOLD | B84: MISSION 14B
A85: 14U_BOYS_GOLD | B85: NEWPORT BEACH WHITE
A86: 14U_BOYS_GOLD | B86: NORTH IRVINE RED
A87: 14U_BOYS_GOLD | B87: ORANGE COUNTY WPC B
A88: 14U_BOYS_GOLD | B88: PRIDE RED
A89: 14U_BOYS_GOLD | B89: SAN DIEGO DONS 12 RED
A90: 14U_BOYS_GOLD | B90: SAN DIEGO DONS 14 BLACK
A91: 14U_BOYS_GOLD | B91: SD ECA
A92: 14U_BOYS_GOLD | B92: SOCAL 12 BLACK
A93: 14U_BOYS_GOLD | B93: TRILOGY BLACK
A94: 14U_BOYS_GOLD | B94: VANGUARD SILVER | C94: 16
A96: 14U_BOYS_PLATINUM | B96: DEVILS GATE | D96: A | E96: B | F96: C
A97: 14U_BOYS_PLATINUM | B97: MISSION A | D97: A1-MISSION A | E97: B1-NEWPORT BEACH BLUE | F97: C1-SAN DIEGO DONS
A98: 14U_BOYS_PLATINUM | B98: NEWPORT BEACH BLUE | D98: A2-ORWP A | E98: B2-TROJAN CARDINAL | F98: C2-VANGUARD BLUE
A99: 14U_BOYS_PLATINUM | B99: ORWP A | D99: A3-ROUTE 66 | E99: B3-PATRIOT RED | F99: C3-RANCHO TSUNAMI BLUE
A100: 14U_BOYS_PLATINUM | B100: PATRIOT RED | F100: C4-DEVILS GATE
A101: 14U_BOYS_PLATINUM | B101: RANCHO TSUNAMI BLUE
A102: 14U_BOYS_PLATINUM | B102: ROUTE 66
A103: 14U_BOYS_PLATINUM | B103: SAN DIEGO DONS
A104: 14U_BOYS_PLATINUM | B104: TROJAN CARDINAL
A105: 14U_BOYS_PLATINUM | B105: VANGUARD BLUE | C105: 10
A107: 14U_GIRLS | B107: 3 SETS MEDALS | D107: A pt 1st-3rd | E107: B au 1st-3rd | F107: C ag 1st-3rd
A108: 14U_GIRLS_SILVER | B108: CV PREMIER | D108: A1-VIKING | E108: B1-SET | F108: C1-CV PREMIER
...

Sheet CHICLETS MASTER
B1: 2026 TURBO OC CUP
B2: CHICLETS MASTER | C2: 10U | D2: 10U | G2: 12U | H2: 12U | I2: 12U | T2: start at 11AM
B3: SATURDAY, MARCH 7 | C3: WOOLLETT FAR LEFT | D3: EL TORO HS 2 | G3: WOOLLETT FAR RIGHT | H3: LAGUNA HILLS HS | I3: COSTA MESA HS 2 | L3: WOOLLETT NEAR LEFT | M3: ESTANCIA HS 1 | N3: COSTA MESA HS 1 | O3: WOOLLETT NEAR RIGHT | R3: EL TORO HS 1 | S3: SAN JUAN HILLS HS | T3: ALISO NIGUEL HS | U3: WESTMINSTER HS | V3: ESTANCIA HS 2 | Y3: =COUNTA(C3:X3) -> 14
F4: 0.29166667 | K4: 0.29166667 | L4: ='19U BOYS PLATINUM GOLD-11 TEAMS'!D12&"-"&'19U BOYS PLATINUM GOLD-11 TEAMS'!I12&"-"&TEXT('19U BOYS PLATINUM GOLD-11 TEAMS'!B12,"h:mm am/pm") -> 19Bptau01-W/L C1/C4-7:00 AM | O4: ='16U BOYS PLATINUM GOLD-10 TEAMS'!D10&"-"&'16U BOYS PLATINUM GOLD-10 TEAMS'!I10&"-"&TEXT('16U BOYS PLATINUM GOLD-10 TEAMS'!B10,"h:mm am/pm") -> 16Bptau01-A bracket A1,A2 platinum 1st-3rd-7:00 AM | Q4: 0.29166667 | R4: ='14U GIRLS-9 TEAMS'!D14&"-"&'14U GIRLS-9 TEAMS'!I22&"-"&TEXT('14U GIRLS-9 TEAMS'!B14,"h:mm am/pm") -> 14G01-C bracket silver 1st-3rd-7:00 AM
B5: 0.33333333 | C5: ='10U BOYS & COED PT-7 CUSTOM'!D10&"-"&'10U BOYS & COED PT-7 CUSTOM'!I10&"-"&TEXT('10U BOYS & COED PT-7 CUSTOM'!B10,"h:mm am/pm") -> 10BCpt01-A bracket A1,A3 Cpt 1st-3rd-8:00 AM | D5: ='10U GIRLS COED AU AG-12 TEAMS'!D10&"-"&'10U GIRLS COED AU AG-12 TEAMS'!I10&"-"&TEXT('10U GIRLS COED AU AG-12 TEAMS'!B10,"h:mm am/pm") -> 10GCauag01-B bracket, B1/B4 coed silver 1st-4th-8:00 AM | F5: 0.32638889 | I5: ='12U BOYS-16 TEAMS'!D21&"-"&'12U BOYS-16 TEAMS'!I21&"-"&TEXT('12U BOYS-16 TEAMS'!B21,"h:mm am/pm") -> 12B01-A bracket A1,A3 platinum 1st-3rd-7:50 AM | K5: 0.33333333 | L5: ='19U BOYS PLATINUM GOLD-11 TEAMS'!D13&"-"&'19U BOYS PLATINUM GOLD-11 TEAMS'!I13&"-"&TEXT('19U BOYS PLATINUM GOLD-11 TEAMS'!B13,"h:mm am/pm") -> 19Bptau02-W/L C2/C3-8:00 AM | M5: ='19U BOYS SILVER-5 TEAMS'!D11&"-"&'19U BOYS SILVER-5 TEAMS'!I11&"-"&TEXT('19U BOYS SILVER-5 TEAMS'!B11,"h:mm am/pm") -> 19Bag01-A bracket 2/5-8:00 AM | N5: ='16U BOYS SILVER-8 TEAMS'!D10&"-"&'16U BOYS SILVER-8 TEAMS'!I10&"-"&TEXT('16U BOYS SILVER-8 TEAMS'!B10,"h:mm am/pm") -> 16Bag01-bracket, B1/B4-8:00 AM | O5: ='16U BOYS PLATINUM GOLD-10 TEAMS'!D11&"-"&'16U BOYS PLATINUM GOLD-10 TEAMS'!I11&"-"&TEXT('16U BOYS PLATINUM GOLD-10 TEAMS'!B11,"h:mm am/pm") -> 16Bptau02-B bracket B1,B2-8:00 AM | Q5: 0.32638889 | R5: ='14U GIRLS-9 TEAMS'!D15&"-"&'14U GIRLS-9 TEAMS'!I15&"-"&TEXT('14U GIRLS-9 TEAMS'!B15,"h:mm am/pm") -> 14G02-B bracket gold 1st-3rd-7:50 AM | S5: ='14U BOYS GOLD-16 TEAMS'!D10&"-"&'14U BOYS GOLD-16 TEAMS'!I10&"-"&TEXT('14U BOYS GOLD-16 TEAMS'!B10,"h:mm am/pm") -> 14Bau01-W/L A2/A3-7:50 AM | U5: ='14U BOYS PLATINUM-10 TEAMS'!D10&"-"&'14U BOYS PLATINUM-10 TEAMS'!I10&"-"&TEXT('14U BOYS PLATINUM-10 TEAMS'!B10,"h:mm am/pm") -> 14Bpt01-C bracket C1,C4-7:50 AM | V5: ='14U BOYS SILVER-16 TEAMS'!D10&"-"&'14U BOYS SILVER-16 TEAMS'!I10&"-"&TEXT('14U BOYS SILVER-16 TEAMS'!B10,"h:mm am/pm") -> 14Bag01-W/L A2/A3-7:50 AM
B6: 0.36805556 | C6: ='10U BOYS & COED PT-7 CUSTOM'!D11&"-"&'10U BOYS & COED PT-7 CUSTOM'!I11&"-"&TEXT('10U BOYS & COED PT-7 CUSTOM'!B11,"h:mm am/pm") -> 10BCpt02-A bracket A2,A3 Cpt 1st-3rd-8:50 AM | D6: ='10U GIRLS COED AU AG-12 TEAMS'!D11&"-"&'10U GIRLS COED AU AG-12 TEAMS'!I11&"-"&TEXT('10U GIRLS COED AU AG-12 TEAMS'!B11,"h:mm am/pm") -> 10GCauag02-B bracket, B2/B3 coed silver 1st-4th-8:50 AM | F6: 0.36111111 | G6: ='12U BOYS-16 TEAMS'!D31&"-"&'12U BOYS-16 TEAMS'!I31&"-"&TEXT('12U BOYS-16 TEAMS'!B31,"h:mm am/pm") -> 12B10-C bracket C1,C3-8:40 AM | H6: ='12U COED GIRLS-9 TEAMS CUSTOM'!D14&"-"&'12U COED GIRLS-9 TEAMS CUSTOM'!I14&"-"&TEXT('12U COED GIRLS-9 TEAMS CUSTOM'!B14,"h:mm am/pm") -> 12GC01-A bracket A1,A3-8:40 AM | I6: ='12U BOYS-16 TEAMS'!D22&"-"&'12U BOYS-16 TEAMS'!I22&"-"&TEXT('12U BOYS-16 TEAMS'!B22,"h:mm am/pm") -> 12B02-B bracket B1,B3-8:40 AM | K6: 0.375 | L6: ='19U BOYS PLATINUM GOLD-11 TEAMS'!D14&"-"&'19U BOYS PLATINUM GOLD-11 TEAMS'!I14&"-"&TEXT('19U BOYS PLATINUM GOLD-11 TEAMS'!B14,"h:mm am/pm") -> 19Bptau03-A bracket A1,A3-9:00 AM | M6: ='19U BOYS SILVER-5 TEAMS'!D12&"-"&'19U BOYS SILVER-5 TEAMS'!I12&"-"&TEXT('19U BOYS SILVER-5 TEAMS'!B12,"h:mm am/pm") -> 19Bag02-A bracket 1/3-9:00 AM | N6: ='16U BOYS SILVER-8 TEAMS'!D11&"-"&'16U BOYS SILVER-8 TEAMS'!I11&"-"&TEXT('16U BOYS SILVER-8 TEAMS'!B11,"h:mm am/pm") -> 16Bag02-bracket, B2/B3-9:00 AM | O6: ='16U BOYS PLATINUM GOLD-10 TEAMS'!D12&"-"&'16U BOYS PLATINUM GOLD-10 TEAMS'!I12&"-"&TEXT('16U BOYS PLATINUM GOLD-10 TEAMS'!B12,"h:mm am/pm") -> 16Bptau03-C bracket C1,C4-9:00 AM | Q6: 0.36111111 | R6: ='14U GIRLS-9 TEAMS'!D16&"-"&'14U GIRLS-9 TEAMS'!I16&"-"&TEXT('14U GIRLS-9 TEAMS'!B16,"h:mm am/pm") -> 14G03-A bracket platinum 1st-3rd-8:40 AM | S6: ='14U BOYS GOLD-16 TEAMS'!D11&"-"&'14U BOYS GOLD-16 TEAMS'!I11&"-"&TEXT('14U BOYS GOLD-16 TEAMS'!B11,"h:mm am/pm") -> 14Bau02-W/L A1/A4-8:40 AM | U6: ='14U BOYS PLATINUM-10 TEAMS'!D11&"-"&'14U BOYS PLATINUM-10 TEAMS'!I11&"-"&TEXT('14U BOYS PLATINUM-10 TEAMS'!B11,"h:mm am/pm") -> 14Bpt02-A bracket A1,A3-8:40 AM | V6: ='14U BOYS SILVER-16 TEAMS'!D11&"-"&'14U BOYS SILVER-16 TEAMS'!I11&"-"&TEXT('14U BOYS SILVER-16 TEAMS'!B11,"h:mm am/pm") -> 14Bag02-W/L A1/A4-8:40 AM
A7: 2R | B7: 0.40277778 | C7: ='10U GIRLS COED AU AG-12 TEAMS'!D13&"-"&'10U GIRLS COED AU AG-12 TEAMS'!I13&"-"&TEXT('10U GIRLS COED AU AG-12 TEAMS'!B13,"h:mm am/pm") -> 10GCauag05-C bracket C1,C4 Girls 1st-4th-9:40 AM | D7: ='10U GIRLS COED AU AG-12 TEAMS'!D12&"-"&'10U GIRLS COED AU AG-12 TEAMS'!I12&"-"&TEXT('10U GIRLS COED AU AG-12 TEAMS'!B12,"h:mm am/pm") -> 10GCauag03-A bracket, A1/A4 coed gold 1st-4th-9:40 AM | F7: 0.39583333 | G7: ='12U BOYS-16 TEAMS'!D32&"-"&'12U BOYS-16 TEAMS'!I32&"-"&TEXT('12U BOYS-16 TEAMS'!B32,"h:mm am/pm") -> 12B11-W/L D1/D4-9:30 AM | H7: ='12U COED GIRLS-9 TEAMS CUSTOM'!D15&"-"&'12U COED GIRLS-9 TEAMS CUSTOM'!I15&"-"&TEXT('12U COED GIRLS-9 TEAMS CUSTOM'!B15,"h:mm am/pm") -> 12GC02-B bracket B1,B3-9:30 AM | I7: ='12U BOYS-16 TEAMS'!D23&"-"&'12U BOYS-16 TEAMS'!I23&"-"&TEXT('12U BOYS-16 TEAMS'!B23,"h:mm am/pm") -> 12B03-E bracket E1,E3 silver 1st-3rd-9:30 AM | K7: 0.41666667 | L7: ='19U BOYS PLATINUM GOLD-11 TEAMS'!D15&"-"&'19U BOYS PLATINUM GOLD-11 TEAMS'!I15&"-"&TEXT('19U BOYS PLATINUM GOLD-11 TEAMS'!B15,"h:mm am/pm") -> 19Bptau04-W/L B1/B4-10:00 AM | M7: ='19U BOYS PLATINUM GOLD-11 TEAMS'!D16&"-"&'19U BOYS PLATINUM GOLD-11 TEAMS'!I16&"-"&TEXT('19U BOYS PLATINUM GOLD-11 TEAMS'!B16,"h:mm am/pm") -> 19Bptau05-W/L B2/B3-10:00 AM | N7: ='16U BOYS SILVER-8 TEAMS'!D12&"-"&'16U BOYS SILVER-8 TEAMS'!I12&"-"&TEXT('16U BOYS SILVER-8 TEAMS'!B12,"h:mm am/pm") -> 16Bag03-bracket, A2/A3-10:00 AM | O7: ='16U BOYS PLATINUM GOLD-10 TEAMS'!D13&"-"&'16U BOYS PLATINUM GOLD-10 TEAMS'!I13&"-"&TEXT('16U BOYS PLATINUM GOLD-10 TEAMS'!B13,"h:mm am/pm") -> 16Bptau04-C bracket C2,C3-10:00 AM | Q7: 0.39583333 | R7: ='14U BOYS SILVER-16 TEAMS'!D13&"-"&'14U BOYS SILVER-16 TEAMS'!I13&"-"&TEXT('14U BOYS SILVER-16 TEAMS'!B13,"h:mm am/pm") -> 14Bag09-W/L D1/D4-9:30 AM | S7: ='14U BOYS GOLD-16 TEAMS'!D12&"-"&'14U BOYS GOLD-16 TEAMS'!I12&"-"&TEXT('14U BOYS GOLD-16 TEAMS'!B12,"h:mm am/pm") -> 14Bau03-W/L C2/C3-9:30 AM | U7: ='14U BOYS PLATINUM-10 TEAMS'!D12&"-"&'14U BOYS PLATINUM-10 TEAMS'!I12&"-"&TEXT('14U BOYS PLATINUM-10 TEAMS'!B12,"h:mm am/pm") -> 14Bpt03-B bracket B1,B3-9:30 AM | V7: ='14U BOYS SILVER-16 TEAMS'!D12&"-"&'14U BOYS SILVER-16 TEAMS'!I12&"-"&TEXT('14U BOYS SILVER-16 TEAMS'!B12,"h:mm am/pm") -> 14Bag03-W/L C2/C3-9:30 AM
A8: 2R | B8: 0.4375 | C8: ='10U GIRLS COED AU AG-12 TEAMS'!D15&"-"&'10U GIRLS COED AU AG-12 TEAMS'!I15&"-"&TEXT('10U GIRLS COED AU AG-12 TEAMS'!B15,"h:mm am/pm") -> 10GCauag06-C bracket C2,C3 Girls 1st-4th-10:30 AM | D8: ='10U GIRLS COED AU AG-12 TEAMS'!D14&"-"&'10U GIRLS COED AU AG-12 TEAMS'!I14&"-"&TEXT('10U GIRLS COED AU AG-12 TEAMS'!B14,"h:mm am/pm") -> 10GCauag04-A bracket, A2/A3 coed gold 1st-4th-10:30 AM | F8: 0.43055556 | G8: ='12U BOYS-16 TEAMS'!D33&"-"&'12U BOYS-16 TEAMS'!I33&"-"&TEXT('12U BOYS-16 TEAMS'!B33,"h:mm am/pm") -> 12B12-W/L D2/D3-10:20 AM | H8: ='12U COED GIRLS-9 TEAMS CUSTOM'!D16&"-"&'12U COED GIRLS-9 TEAMS CUSTOM'!I16&"-"&TEXT('12U COED GIRLS-9 TEAMS CUSTOM'!B16,"h:mm am/pm") -> 12GC03-C bracket C1,C3-10:20 AM | I8: ='12U BOYS-16 TEAMS'!D24&"-"&'12U BOYS-16 TEAMS'!I24&"-"&TEXT('12U BOYS-16 TEAMS'!B24,"h:mm am/pm") -> 12B04-A bracket A2,A3 platinum 1st-3rd-10:20 AM | K8: 0.45833333 | L8: ='19U BOYS PLATINUM GOLD-11 TEAMS'!D17&"-"&'19U BOYS PLATINUM GOLD-11 TEAMS'!I17&"-"&TEXT('19U BOYS PLATINUM GOLD-11 TEAMS'!B17,"h:mm am/pm") -> 19Bptau06-A bracket A2,A3-11:00 AM | M8: ='19U BOYS SILVER-5 TEAMS'!D14&"-"&'19U BOYS SILVER-5 TEAMS'!I14&"-"&TEXT('19U BOYS SILVER-5 TEAMS'!B14,"h:mm am/pm") -> 19Bag03-A bracket 2/4-11:00 AM | N8: ='16U BOYS SILVER-8 TEAMS'!D13&"-"&'16U BOYS SILVER-8 TEAMS'!I13&"-"&TEXT('16U BOYS SILVER-8 TEAMS'!B13,"h:mm am/pm") -> 16Bag04-bracket, A1/A4-11:00 AM | O8: ='16U BOYS PLATINUM GOLD-10 TEAMS'!D14&"-"&'16U BOYS PLATINUM GOLD-10 TEAMS'!I14&"-"&TEXT('16U BOYS PLATINUM GOLD-10 TEAMS'!B14,"h:mm am/pm") -> 16Bptau05-A bracket A2,A3 platinum 1st-3rd-11:00 AM | Q8: 0.43055556 | R8: ='14U BOYS SILVER-16 TEAMS'!D14&"-"&'14U BOYS SILVER-16 TEAMS'!I14&"-"&TEXT('14U BOYS SILVER-16 TEAMS'!B14,"h:mm am/pm") -> 14Bag10-W/L D2/D3-10:20 AM | S8: ='14U BOYS GOLD-16 TEAMS'!D13&"-"&'14U BOYS GOLD-16 TEAMS'!I13&"-"&TEXT('14U BOYS GOLD-16 TEAMS'!B13,"h:mm am/pm") -> 14Bau04-W/L C1/C4-10:20 AM | U8: ='14U BOYS PLATINUM-10 TEAMS'!D13&"-"&'14U BOYS PLATINUM-10 TEAMS'!I13&"-"&TEXT('14U BOYS PLATINUM-10 TEAMS'!B13,"h:mm am/pm") -> 14Bpt04-C bracket C1,C2-10:20 AM | V8: ='14U BOYS SILVER-16 TEAMS'!D15&"-"&'14U BOYS SILVER-16 TEAMS'!I15&"-"&TEXT('14U BOYS SILVER-16 TEAMS'!B15,"h:mm am/pm") -> 14Bag04-W/L C1/C4-10:20 AM
B9: 0.47222222 | C9: ='10U BOYS & COED PT-7 CUSTOM'!D13&"-"&'10U BOYS & COED PT-7 CUSTOM'!I13&"-"&TEXT('10U BOYS & COED PT-7 CUSTOM'!B13,"h:mm am/pm") -> 10BCpt03-B bracket B1,B4 Boys 1st-4th-11:20 AM | D9: ='10U GIRLS COED AU AG-12 TEAMS'!D16&"-"&'10U GIRLS COED AU AG-12 TEAMS'!I16&"-"&TEXT('10U GIRLS COED AU AG-12 TEAMS'!B16,"h:mm am/pm") -> 10GCauag07-B bracket, B2/B4 coed silver 1st-4th-11:20 AM | F9: 0.46527778 | G9: ='12U BOYS-16 TEAMS'!D34&"-"&'12U BOYS-16 TEAMS'!I34&"-"&TEXT('12U BOYS-16 TEAMS'!B34,"h:mm am/pm") -> 12B13-C bracket C2,C3-11:10 AM | H9: ='12U COED GIRLS-9 TEAMS CUSTOM'!D17&"-"&'12U COED GIRLS-9 TEAMS CUSTOM'!I17&"-"&TEXT('12U COED GIRLS-9 TEAMS CUSTOM'!B17,"h:mm am/pm") -> 12GC04-A bracket A2,A3-11:10 AM | I9: ='12U BOYS-16 TEAMS'!D25&"-"&'12U BOYS-16 TEAMS'!I25&"-"&TEXT('12U BOYS-16 TEAMS'!B25,"h:mm am/pm") -> 12B05-B bracket B2,B3-11:10 AM | K9: 0.5 | L9: ='19U BOYS PLATINUM GOLD-11 TEAMS'!D18&"-"&'19U BOYS PLATINUM GOLD-11 TEAMS'!I18&"-"&TEXT('19U BOYS PLATINUM GOLD-11 TEAMS'!B18,"h:mm am/pm") -> 19Bptau07-3rd/4thC-12:00 PM | M9: ='19U BOYS SILVER-5 TEAMS'!D15&"-"&'19U BOYS SILVER-5 TEAMS'!I15&"-"&TEXT('19U BOYS SILVER-5 TEAMS'!B15,"h:mm am/pm") -> 19Bag04-A bracket 3/5-12:00 PM | N9: ='16U BOYS SILVER-8 TEAMS'!D14&"-"&'16U BOYS SILVER-8 TEAMS'!I14&"-"&TEXT('16U BOYS SILVER-8 TEAMS'!B14,"h:mm am/pm") -> 16Bag05-bracket, B1/B3-12:00 PM | O9: ='16U BOYS PLATINUM GOLD-10 TEAMS'!D15&"-"&'16U BOYS PLATINUM GOLD-10 TEAMS'!I15&"-"&TEXT('16U BOYS PLATINUM GOLD-10 TEAMS'!B15,"h:mm am/pm") -> 16Bptau06-B bracket B2,B3-12:00 PM | Q9: 0.46527778 | R9: ='14U GIRLS-9 TEAMS'!D18&"-"&'14U GIRLS-9 TEAMS'!I18&"-"&TEXT('14U GIRLS-9 TEAMS'!B18,"h:mm am/pm") -> 14G04-C bracket silver 1st-3rd-11:10 AM | S9: ='14U BOYS GOLD-16 TEAMS'!D14&"-"&'14U BOYS GOLD-16 TEAMS'!I14&"-"&TEXT('14U BOYS GOLD-16 TEAMS'!B14,"h:mm am/pm") -> 14Bau05-W/L D1/D4-11:10 AM | T9: ='14U BOYS GOLD-16 TEAMS'!D15&"-"&'14U BOYS GOLD-16 TEAMS'!I15&"-"&TEXT('14U BOYS GOLD-16 TEAMS'!B15,"h:mm am/pm") -> 14Bau07-W/L B2/B3-11:10 AM | U9: ='14U BOYS PLATINUM-10 TEAMS'!D14&"-"&'14U BOYS PLATINUM-10 TEAMS'!I14&"-"&TEXT('14U BOYS PLATINUM-10 TEAMS'!B14,"h:mm am/pm") -> 14Bpt05-A bracket A2,A3-11:10 AM | V9: ='14U BOYS SILVER-16 TEAMS'!D16&"-"&'14U BOYS SILVER-16 TEAMS'!I16&"-"&TEXT('14U BOYS SILVER-16 TEAMS'!B16,"h:mm am/pm") -> 14Bag05-3rd/4thA-11:10 AM
B10: 0.50694444 | C10: ='10U BOYS & COED PT-7 CUSTOM'!D14&"-"&'10U BOYS & COED PT-7 CUSTOM'!I14&"-"&TEXT('10U BOYS & COED PT-7 CUSTOM'!B14,"h:mm am/pm") -> 10BCpt04-B bracket B2,B3 Boys 1st-4th-12:10 PM | D10: ='10U GIRLS COED AU AG-12 TEAMS'!D17&"-"&'10U GIRLS COED AU AG-12 TEAMS'!I17&"-"&TEXT('10U GIRLS COED AU AG-12 TEAMS'!B17,"h:mm am/pm") -> 10GCauag08-B bracket, B1/B3 coed silver 1st-4th-12:10 PM | F10: 0.5 | G10: ='12U BOYS-16 TEAMS'!D35&"-"&'12U BOYS-16 TEAMS'!I35&"-"&TEXT('12U BOYS-16 TEAMS'!B35,"h:mm am/pm") -> 12B14-3rd/4thD-12:00 PM | H10: ='12U COED GIRLS-9 TEAMS CUSTOM'!D18&"-"&'12U COED GIRLS-9 TEAMS CUSTOM'!I18&"-"&TEXT('12U COED GIRLS-9 TEAMS CUSTOM'!B18,"h:mm am/pm") -> 12GC05-B bracket B2,B3-12:00 PM | I10: ='12U BOYS-16 TEAMS'!D26&"-"&'12U BOYS-16 TEAMS'!I26&"-"&TEXT('12U BOYS-16 TEAMS'!B26,"h:mm am/pm") -> 12B06-E bracket E2,E3 silver 1st-3rd-12:00 PM | K10: 0.54166667 | L10: ='19U BOYS PLATINUM GOLD-11 TEAMS'!D19&"-"&'19U BOYS PLATINUM GOLD-11 TEAMS'!I19&"-"&TEXT('19U BOYS PLATINUM GOLD-11 TEAMS'!B19,"h:mm am/pm") -> 19Bptau08-1st/2ndC-1:00 PM | M10: ='19U BOYS PLATINUM GOLD-11 TEAMS'!D20&"-"&'19U BOYS PLATINUM GOLD-11 TEAMS'!I20&"-"&TEXT('19U BOYS PLATINUM GOLD-11 TEAMS'!B20,"h:mm am/pm") -> 19Bptau10-3rd/4thB-1:00 PM | N10: ='16U BOYS SILVER-8 TEAMS'!D15&"-"&'16U BOYS SILVER-8 TEAMS'!I15&"-"&TEXT('16U BOYS SILVER-8 TEAMS'!B15,"h:mm am/pm") -> 16Bag06-bracket, B2/B4-1:00 PM | O10: ='16U BOYS PLATINUM GOLD-10 TEAMS'!D16&"-"&'16U BOYS PLATINUM GOLD-10 TEAMS'!I16&"-"&TEXT('16U BOYS PLATINUM GOLD-10 TEAMS'!B16,"h:mm am/pm") -> 16Bptau07-C bracket C1,C2-1:00 PM | Q10: 0.5 | R10: ='14U GIRLS-9 TEAMS'!D19&"-"&'14U GIRLS-9 TEAMS'!I19&"-"&TEXT('14U GIRLS-9 TEAMS'!B19,"h:mm am/pm") -> 14G05-B bracket gold 1st-3rd-12:00 PM | S10: ='14U BOYS GOLD-16 TEAMS'!D16&"-"&'14U BOYS GOLD-16 TEAMS'!I16&"-"&TEXT('14U BOYS GOLD-16 TEAMS'!B16,"h:mm am/pm") -> 14Bau06-W/L D2/D3-12:00 PM | T10: ='14U BOYS GOLD-16 TEAMS'!D17&"-"&'14U BOYS GOLD-16 TEAMS'!I17&"-"&TEXT('14U BOYS GOLD-16 TEAMS'!B17,"h:mm am/pm") -> 14Bau08-W/L B1/B4-12:00 PM | U10: ='14U BOYS PLATINUM-10 TEAMS'!D15&"-"&'14U BOYS PLATINUM-10 TEAMS'!I15&"-"&TEXT('14U BOYS PLATINUM-10 TEAMS'!B15,"h:mm am/pm") -> 14Bpt06-B bracket B2,B3-12:00 PM | V10: ='14U BOYS SILVER-16 TEAMS'!D17&"-"&'14U BOYS SILVER-16 TEAMS'!I17&"-"&TEXT('14U BOYS SILVER-16 TEAMS'!B17,"h:mm am/pm") -> 14Bag06-1st/2ndA-12:00 PM
A11: 2R | B11: 0.54166667 | C11: ='10U GIRLS COED AU AG-12 TEAMS'!D19&"-"&'10U GIRLS COED AU AG-12 TEAMS'!I19&"-"&TEXT('10U GIRLS COED AU AG-12 TEAMS'!B19,"h:mm am/pm") -> 10GCauag11-C bracket C1,C2 Girls 1st-4th-1:00 PM | D11: ='10U GIRLS COED AU AG-12 TEAMS'!D18&"-"&'10U GIRLS COED AU AG-12 TEAMS'!I18&"-"&TEXT('10U GIRLS COED AU AG-12 TEAMS'!B18,"h:mm am/pm") -> 10GCauag09-A bracket, A1/A3 coed gold 1st-4th-1:00 PM | F11: 0.53472222 | G11: ='12U BOYS-16 TEAMS'!D36&"-"&'12U BOYS-16 TEAMS'!I36&"-"&TEXT('12U BOYS-16 TEAMS'!B36,"h:mm am/pm") -> 12B15-1st/2ndD-12:50 PM | H11: ='12U COED GIRLS-9 TEAMS CUSTOM'!D19&"-"&'12U COED GIRLS-9 TEAMS CUSTOM'!I19&"-"&TEXT('12U COED GIRLS-9 TEAMS CUSTOM'!B19,"h:mm am/pm") -> 12GC06-C bracket B2,B4 12U GIRLS 1st/2nd-12:50 PM | I11: ='12U BOYS-16 TEAMS'!D27&"-"&'12U BOYS-16 TEAMS'!I27&"-"&TEXT('12U BOYS-16 TEAMS'!B27,"h:mm am/pm") -> 12B07-A bracket A1,A2 platinum 1st-3rd-12:50 PM | K11: 0.58333333 | L11: ='19U BOYS PLATINUM GOLD-11 TEAMS'!D21&"-"&'19U BOYS PLATINUM GOLD-11 TEAMS'!I21&"-"&TEXT('19U BOYS PLATINUM GOLD-11 TEAMS'!B21,"h:mm am/pm") -> 19Bptau09-A bracket A1,A2-2:00 PM | M11: ='19U BOYS SILVER-5 TEAMS'!D17&"-"&'19U BOYS SILVER-5 TEAMS'!I17&"-"&TEXT('19U BOYS SILVER-5 TEAMS'!B17,"h:mm am/pm") -> 19Bag05-A bracket 1/4-2:00 PM | N11: ='16U BOYS SILVER-8 TEAMS'!D16&"-"&'16U BOYS SILVER-8 TEAMS'!I16&"-"&TEXT('16U BOYS SILVER-8 TEAMS'!B16,"h:mm am/pm") -> 16Bag07-bracket, A2/A4-2:00 PM | O11: ='16U BOYS PLATINUM GOLD-10 TEAMS'!D17&"-"&'16U BOYS PLATINUM GOLD-10 TEAMS'!I17&"-"&TEXT('16U BOYS PLATINUM GOLD-10 TEAMS'!B17,"h:mm am/pm") -> 16Bptau08-C bracket C3,C4-2:00 PM | Q11: 0.53472222 | R11: ='14U GIRLS-9 TEAMS'!D20&"-"&'14U GIRLS-9 TEAMS'!I20&"-"&TEXT('14U GIRLS-9 TEAMS'!B20,"h:mm am/pm") -> 14G06-A bracket platinum 1st-3rd-12:50 PM | S11: ='14U BOYS GOLD-16 TEAMS'!D19&"-"&'14U BOYS GOLD-16 TEAMS'!I19&"-"&TEXT('14U BOYS GOLD-16 TEAMS'!B19,"h:mm am/pm") -> 14Bau11-3rd/4thC-12:50 PM | T11: ='14U BOYS GOLD-16 TEAMS'!D18&"-"&'14U BOYS GOLD-16 TEAMS'!I18&"-"&TEXT('14U BOYS GOLD-16 TEAMS'!B18,"h:mm am/pm") -> 14Bau09-3rd/4thA (7-1 LAWP)-12:50 PM | U11: ='14U BOYS PLATINUM-10 TEAMS'!D16&"-"&'14U BOYS PLATINUM-10 TEAMS'!I16&"-"&TEXT('14U BOYS PLATINUM-10 TEAMS'!B16,"h:mm am/pm") -> 14Bpt07-C bracket C3,C4-12:50 PM | V11: ='14U BOYS SILVER-16 TEAMS'!D18&"-"&'14U BOYS SILVER-16 TEAMS'!I18&"-"&TEXT('14U BOYS SILVER-16 TEAMS'!B18,"h:mm am/pm") -> 14Bag11-W/L B2/B3-12:50 PM
A12: 2R | B12: 0.57638889 | C12: ='10U GIRLS COED AU AG-12 TEAMS'!D21&"-"&'10U GIRLS COED AU AG-12 TEAMS'!I21&"-"&TEXT('10U GIRLS COED AU AG-12 TEAMS'!B21,"h:mm am/pm") -> 10GCauag12-C bracket C3,C4 Girls 1st-4th-1:50 PM | D12: ='10U GIRLS COED AU AG-12 TEAMS'!D20&"-"&'10U GIRLS COED AU AG-12 TEAMS'!I20&"-"&TEXT('10U GIRLS COED AU AG-12 TEAMS'!B20,"h:mm am/pm") -> 10GCauag10-A bracket, A2/A4 coed gold 1st-4th-1:50 PM | F12: 0.56944444 | G12: ='12U BOYS-16 TEAMS'!D37&"-"&'12U BOYS-16 TEAMS'!I37&"-"&TEXT('12U BOYS-16 TEAMS'!B37,"h:mm am/pm") -> 12B16-C bracket C1,C2-1:40 PM | H12: ='12U COED GIRLS-9 TEAMS CUSTOM'!D20&"-"&'12U COED GIRLS-9 TEAMS CUSTOM'!I20&"-"&TEXT('12U COED GIRLS-9 TEAMS CUSTOM'!B20,"h:mm am/pm") -> 12GC07-A bracket A1,A2-1:40 PM | I12: ='12U BOYS-16 TEAMS'!D28&"-"&'12U BOYS-16 TEAMS'!I28&"-"&TEXT('12U BOYS-16 TEAMS'!B28,"h:mm am/pm") -> 12B08-B bracket B1,B2-1:40 PM | K12: 0.625 | L12: ='19U BOYS PLATINUM GOLD-11 TEAMS'!D22&"-"&'19U BOYS PLATINUM GOLD-11 TEAMS'!I22&"-"&TEXT('19U BOYS PLATINUM GOLD-11 TEAMS'!B22,"h:mm am/pm") -> 19Bptau11-1st/2ndB-3:00 PM | M12: ='16U BOYS SILVER-8 TEAMS'!D17&"-"&'16U BOYS SILVER-8 TEAMS'!I17&"-"&TEXT('16U BOYS SILVER-8 TEAMS'!B17,"h:mm am/pm") -> 16Bag08-bracket, A1/A3-3:00 PM | N12: ='14U BOYS SILVER-16 TEAMS'!D23&"-"&'14U BOYS SILVER-16 TEAMS'!I23&"-"&TEXT('14U BOYS SILVER-16 TEAMS'!B23,"h:mm am/pm") -> 14Bag08-1st/2ndC-3:00 PM | O12: ='16U BOYS PLATINUM GOLD-10 TEAMS'!D18&"-"&'16U BOYS PLATINUM GOLD-10 TEAMS'!I18&"-"&TEXT('16U BOYS PLATINUM GOLD-10 TEAMS'!B18,"h:mm am/pm") -> 16Bptau09-A bracket A1,A3 platinum 1st-3rd-3:00 PM | Q12: 0.56944444 | R12: ='14U BOYS SILVER-16 TEAMS'!D20&"-"&'14U BOYS SILVER-16 TEAMS'!I20&"-"&TEXT('14U BOYS SILVER-16 TEAMS'!B20,"h:mm am/pm") -> 14Bag13-3rd/4thD-1:40 PM | S12: ='14U BOYS GOLD-16 TEAMS'!D21&"-"&'14U BOYS GOLD-16 TEAMS'!I21&"-"&TEXT('14U BOYS GOLD-16 TEAMS'!B21,"h:mm am/pm") -> 14Bau12-1st/2ndC-1:40 PM | T12: ='14U BOYS GOLD-16 TEAMS'!D20&"-"&'14U BOYS GOLD-16 TEAMS'!I20&"-"&TEXT('14U BOYS GOLD-16 TEAMS'!B20,"h:mm am/pm") -> 14Bau10-1st/2ndA-1:40 PM | U12: ='14U BOYS PLATINUM-10 TEAMS'!D17&"-"&'14U BOYS PLATINUM-10 TEAMS'!I17&"-"&TEXT('14U BOYS PLATINUM-10 TEAMS'!B17,"h:mm am/pm") -> 14Bpt08-A bracket A1,A2-1:40 PM | V12: ='14U BOYS SILVER-16 TEAMS'!D19&"-"&'14U BOYS SILVER-16 TEAMS'!I19&"-"&TEXT('14U BOYS SILVER-16 TEAMS'!B19,"h:mm am/pm") -> 14Bag12-W/L B1/B4-1:40 PM
B13: 0.61111111 | C13: ='10U BOYS & COED PT-7 CUSTOM'!D16&"-"&'10U BOYS & COED PT-7 CUSTOM'!I16&"-"&TEXT('10U BOYS & COED PT-7 CUSTOM'!B16,"h:mm am/pm") -> 10BCpt05-A bracket A1,A2 Cpt 1st-3rd-2:40 PM | D13: ='10U BOYS & COED PT-7 CUSTOM'!D17&"-"&'10U BOYS & COED PT-7 CUSTOM'!I17&"-"&TEXT('10U BOYS & COED PT-7 CUSTOM'!B17,"h:mm am/pm") -> 10BCpt06-B bracket B1,B3 Boys 1st-4th-2:40 PM | F13: 0.60416667 | I13: ='12U BOYS-16 TEAMS'!D29&"-"&'12U BOYS-16 TEAMS'!I29&"-"&TEXT('12U BOYS-16 TEAMS'!B29,"h:mm am/pm") -> 12B09-E bracket E1,E2 silver 1st-3rd-2:30 PM | K13: 0.66666667 | N13: ='14U BOYS SILVER-16 TEAMS'!D25&"-"&'14U BOYS SILVER-16 TEAMS'!I25&"-"&TEXT('14U BOYS SILVER-16 TEAMS'!B25,"h:mm am/pm") -> 14Bag16-1st/2ndB-3:50 PM | O13: ='16U BOYS PLATINUM GOLD-10 TEAMS'!D19&"-"&'16U BOYS PLATINUM GOLD-10 TEAMS'!I19&"-"&TEXT('16U BOYS PLATINUM GOLD-10 TEAMS'!B19,"h:mm am/pm") -> 16Bptau10-B bracket B1,B3-4:00 PM | Q13: 0.60416667 | R13: ='14U BOYS SILVER-16 TEAMS'!D22&"-"&'14U BOYS SILVER-16 TEAMS'!I22&"-"&TEXT('14U BOYS SILVER-16 TEAMS'!B22,"h:mm am/pm") -> 14Bag14-1st/2ndD-2:30 PM | S13: ='14U BOYS GOLD-16 TEAMS'!D22&"-"&'14U BOYS GOLD-16 TEAMS'!I22&"-"&TEXT('14U BOYS GOLD-16 TEAMS'!B22,"h:mm am/pm") -> 14Bau13-3rd/4thD-2:30 PM | T13: ='14U BOYS GOLD-16 TEAMS'!D23&"-"&'14U BOYS GOLD-16 TEAMS'!I23&"-"&TEXT('14U BOYS GOLD-16 TEAMS'!B23,"h:mm am/pm") -> 14Bau15-3rd/4thB-2:30 PM | U13: ='14U BOYS PLATINUM-10 TEAMS'!D18&"-"&'14U BOYS PLATINUM-10 TEAMS'!I18&"-"&TEXT('14U BOYS PLATINUM-10 TEAMS'!B18,"h:mm am/pm") -> 14Bpt09-B bracket B1,B2-2:30 PM | V13: ='14U BOYS SILVER-16 TEAMS'!D21&"-"&'14U BOYS SILVER-16 TEAMS'!I21&"-"&TEXT('14U BOYS SILVER-16 TEAMS'!B21,"h:mm am/pm") -> 14Bag07-3rd/4thC-2:30 PM
A14: 2R | B14: 0.64583333 | D14: ='10U BOYS & COED PT-7 CUSTOM'!D18&"-"&'10U BOYS & COED PT-7 CUSTOM'!I18&"-"&TEXT('10U BOYS & COED PT-7 CUSTOM'!B18,"h:mm am/pm") -> 10BCpt07-B bracket B2,B4 Boys 1st-4th-3:30 PM | F14: 0.64583333 | G14: ='12U COED GIRLS-9 TEAMS CUSTOM'!D22&"-"&'12U COED GIRLS-9 TEAMS CUSTOM'!I22&"-"&TEXT('12U COED GIRLS-9 TEAMS CUSTOM'!B22,"h:mm am/pm") -> 12GC08-B bracket B1,B2-3:30 PM | K14: 0.70833333 | Q14: 0.63888889 | R14: ='14U GIRLS-9 TEAMS'!D22&"-"&'14U GIRLS-9 TEAMS'!I14&"-"&TEXT('14U GIRLS-9 TEAMS'!B22,"h:mm am/pm") -> 14G07-C bracket silver 1st-3rd-3:20 PM | S14: ='14U BOYS GOLD-16 TEAMS'!D24&"-"&'14U BOYS GOLD-16 TEAMS'!I24&"-"&TEXT('14U BOYS GOLD-16 TEAMS'!B24,"h:mm am/pm") -> 14Bau14-1st/2ndD-3:20 PM | T14: ='14U BOYS GOLD-16 TEAMS'!D25&"-"&'14U BOYS GOLD-16 TEAMS'!I25&"-"&TEXT('14U BOYS GOLD-16 TEAMS'!B25,"h:mm am/pm") -> 14Bau16-1st/2ndB-3:20 PM | U14: ='14U BOYS PLATINUM-10 TEAMS'!D19&"-"&'14U BOYS PLATINUM-10 TEAMS'!I19&"-"&TEXT('14U BOYS PLATINUM-10 TEAMS'!B19,"h:mm am/pm") -> 14Bpt10-C bracket C2,C3-3:20 PM | V14: ='14U BOYS SILVER-16 TEAMS'!D24&"-"&'14U BOYS SILVER-16 TEAMS'!I24&"-"&TEXT('14U BOYS SILVER-16 TEAMS'!B24,"h:mm am/pm") -> 14Bag15-3rd/4thB-3:20 PM
A15: 2R | B15: 0.68055556 | F15: 0.68055556 | G15: ='12U COED GIRLS-9 TEAMS CUSTOM'!D23&"-"&'12U COED GIRLS-9 TEAMS CUSTOM'!I23&"-"&TEXT('12U COED GIRLS-9 TEAMS CUSTOM'!B23,"h:mm am/pm") -> 12GC09-C bracket C1,C2-4:20 PM | Q15: 0.67361111 | R15: ='14U GIRLS-9 TEAMS'!D24&"-"&'14U GIRLS-9 TEAMS'!I24&"-"&TEXT('14U GIRLS-9 TEAMS'!B24,"h:mm am/pm") -> 14G09-A bracket platinum 1st-3rd-4:10 PM | S15: ='14U GIRLS-9 TEAMS'!D23&"-"&'14U GIRLS-9 TEAMS'!I23&"-"&TEXT('14U GIRLS-9 TEAMS'!B23,"h:mm am/pm") -> 14G08-B bracket gold 1st-3rd-4:10 PM
F16: moved from Far Left | Q16: 0.70833333
C21: =COUNTA(C5:C20) -> 9 | D21: =COUNTA(D4:D20) -> 10 | G21: =COUNTA(G4:G20) -> 9 | H21: =COUNTA(H4:H20) -> 7 | I21: =COUNTA(I4:I20) -> 9 | L21: =COUNTA(L4:L20) -> 9 | M21: =COUNTA(M4:M20) -> 8 | N21: =COUNTA(N4:N20) -> 9 | O21: =COUNTA(O4:O20) -> 10 | R21: =COUNTA(R4:R20) -> 12 | S21: =COUNTA(S4:S20) -> 11 | T21: =COUNTA(T4:T20) -> 6 | U21: =COUNTA(U4:U20) -> 10 | V21: =COUNTA(V5:V20) -> 10 | Y21: =SUM(C21:X21) -> 129
N22: last game 3:50pm
B27: DAYLIGHT SAVINGS!!!
B28: SUNDAY MARCH 8 | C28: 10U | D28: 10U | G28: 12U | H28: 12U | I28: 12U
C29: WOOLLETT FAR LEFT | D29: EL TORO HS 2 | G29: WOOLLETT FAR RIGHT | H29: LAGUNA HILLS HS | I29: COSTA MESA HS 2 | L29: WOOLLETT NEAR LEFT | M29: ESTANCIA HS 1 | N29: COSTA MESA HS 1 | O29: WOOLLETT NEAR RIGHT | R29: EL TORO HS 1 | S29: SAN JUAN HILLS HS | T29: ALISO NIGUEL HS | U29: WESTMINSTER HS | V29: ESTANCIA HS 2
F30: 0.29166667 | K30: 0.29166667 | Q30: 0.29166667
B31: 0.33333333 | C31: ='10U BOYS & COED PT-7 CUSTOM'!D22&"-"&'10U BOYS & COED PT-7 CUSTOM'!I22&"-"&TEXT('10U BOYS & COED PT-7 CUSTOM'!B22,"h:mm am/pm") -> 10BCpt08-B bracket B3,B4 Boys 1st-4th-8:00 AM | D31: ='10U GIRLS COED AU AG-12 TEAMS'!D25&"-"&'10U GIRLS COED AU AG-12 TEAMS'!I25&"-"&TEXT('10U GIRLS COED AU AG-12 TEAMS'!B25,"h:mm am/pm") -> 10GCauag13-bracket, A1/A2 coed gold 1st-4th-8:00 AM | E31: x | F31: 0.32638889 | H31: ='12U COED GIRLS-9 TEAMS CUSTOM'!D27&"-"&'12U COED GIRLS-9 TEAMS CUSTOM'!I27&"-"&TEXT('12U COED GIRLS-9 TEAMS CUSTOM'!B27,"h:mm am/pm") -> 12GC10-D bracket D1,D3 Coed 1st-3rd-7:50 AM | I31: ='12U BOYS-16 TEAMS'!D49&"-"&'12U BOYS-16 TEAMS'!I49&"-"&TEXT('12U BOYS-16 TEAMS'!B49,"h:mm am/pm") -> 12B19-cross-7:50 AM | K31: 0.33333333 | L31: ='19U BOYS PLATINUM GOLD-11 TEAMS'!D26&"-"&'19U BOYS PLATINUM GOLD-11 TEAMS'!I26&"-"&TEXT('19U BOYS PLATINUM GOLD-11 TEAMS'!B26,"h:mm am/pm") -> 19Bptau12-F1,F2 7th-11th-8:00 AM | M31: ='19U BOYS PLATINUM GOLD-11 TEAMS'!D27&"-"&'19U BOYS PLATINUM GOLD-11 TEAMS'!I27&"-"&TEXT('19U BOYS PLATINUM GOLD-11 TEAMS'!B27,"h:mm am/pm") -> 19Bptau15-E1,E3 4th-6th-8:00 AM | N31: ='16U BOYS SILVER-8 TEAMS'!D21&"-"&'16U BOYS SILVER-8 TEAMS'!I21&"-"&TEXT('16U BOYS SILVER-8 TEAMS'!B21,"h:mm am/pm") -> 16Bag09-bracket, B3/B4-8:00 AM | O31: ='16U BOYS PLATINUM GOLD-10 TEAMS'!D23&"-"&'16U BOYS PLATINUM GOLD-10 TEAMS'!I23&"-"&TEXT('16U BOYS PLATINUM GOLD-10 TEAMS'!B23,"h:mm am/pm") -> 16Bptau11-C bracket C2,C4-8:00 AM | Q31: 0.32638889 | R31: ='14U GIRLS-9 TEAMS'!D28&"-"&'14U GIRLS-9 TEAMS'!I28&"-"&TEXT('14U GIRLS-9 TEAMS'!B28,"h:mm am/pm") -> 14G10-plat-gold-silver D1,D3-7:50 AM | S31: ='14U BOYS GOLD-16 TEAMS'!D29&"-"&'14U BOYS GOLD-16 TEAMS'!I29&"-"&TEXT('14U BOYS GOLD-16 TEAMS'!B29,"h:mm am/pm") -> 14Bau27-9-12 semi 3A/3D-7:50 AM | T31: ='14U BOYS GOLD-16 TEAMS'!D28&"-"&'14U BOYS GOLD-16 TEAMS'!I28&"-"&TEXT('14U BOYS GOLD-16 TEAMS'!B28,"h:mm am/pm") -> 14Bau29-13-16 semi-7:50 AM | U31: ='14U BOYS PLATINUM-10 TEAMS'!D23&"-"&'14U BOYS PLATINUM-10 TEAMS'!I23&"-"&TEXT('14U BOYS PLATINUM-10 TEAMS'!B23,"h:mm am/pm") -> 14Bpt11-C bracket C2,C4-7:50 AM | V31: ='14U BOYS SILVER-16 TEAMS'!D29&"-"&'14U BOYS SILVER-16 TEAMS'!I29&"-"&TEXT('14U BOYS SILVER-16 TEAMS'!B29,"h:mm am/pm") -> 14Bag27-9-12 semi 3A/3D-7:50 AM
B32: 0.36805556 | C32: ='10U BOYS & COED PT-7 CUSTOM'!D23&"-"&'10U BOYS & COED PT-7 CUSTOM'!I23&"-"&TEXT('10U BOYS & COED PT-7 CUSTOM'!B23,"h:mm am/pm") -> 10BCpt09-B bracket B1,B2 Boys 1st-4th-8:50 AM | D32: ='10U GIRLS COED AU AG-12 TEAMS'!D26&"-"&'10U GIRLS COED AU AG-12 TEAMS'!I26&"-"&TEXT('10U GIRLS COED AU AG-12 TEAMS'!B26,"h:mm am/pm") -> 10GCauag14-bracket, A3/A4 coed gold 1st-4th-8:50 AM | F32: 0.36111111 | G32: ='12U BOYS-16 TEAMS'!D40&"-"&'12U BOYS-16 TEAMS'!I40&"-"&TEXT('12U BOYS-16 TEAMS'!B40,"h:mm am/pm") -> 12B17-G bracket G1,G3 gold 4th-6th-8:40 AM | H32: ='12U COED GIRLS-9 TEAMS CUSTOM'!D28&"-"&'12U COED GIRLS-9 TEAMS CUSTOM'!I28&"-"&TEXT('12U COED GIRLS-9 TEAMS CUSTOM'!B28,"h:mm am/pm") -> 12GC11-E bracket E1,E3 cross-8:40 AM | I32: ='12U BOYS-16 TEAMS'!D50&"-"&'12U BOYS-16 TEAMS'!I50&"-"&TEXT('12U BOYS-16 TEAMS'!B50,"h:mm am/pm") -> 12B20-cross-8:40 AM | K32: 0.375 | L32: ='19U BOYS PLATINUM GOLD-11 TEAMS'!D28&"-"&'19U BOYS PLATINUM GOLD-11 TEAMS'!I28&"-"&TEXT('19U BOYS PLATINUM GOLD-11 TEAMS'!B28,"h:mm am/pm") -> 19Bptau13-F3,F5 7th-11th-9:00 AM | M32: ='19U BOYS SILVER-5 TEAMS'!D21&"-"&'19U BOYS SILVER-5 TEAMS'!I21&"-"&TEXT('19U BOYS SILVER-5 TEAMS'!B21,"h:mm am/pm") -> 19Bag06-A bracket 2/3-9:00 AM | N32: ='16U BOYS SILVER-8 TEAMS'!D22&"-"&'16U BOYS SILVER-8 TEAMS'!I22&"-"&TEXT('16U BOYS SILVER-8 TEAMS'!B22,"h:mm am/pm") -> 16Bag10-bracket, A3/A4-9:00 AM | O32: ='16U BOYS PLATINUM GOLD-10 TEAMS'!D24&"-"&'16U BOYS PLATINUM GOLD-10 TEAMS'!I24&"-"&TEXT('16U BOYS PLATINUM GOLD-10 TEAMS'!B24,"h:mm am/pm") -> 16Bptau12-C bracket C1,C3-9:00 AM | Q32: 0.36111111 | R32: ='14U GIRLS-9 TEAMS'!D29&"-"&'14U GIRLS-9 TEAMS'!I29&"-"&TEXT('14U GIRLS-9 TEAMS'!B29,"h:mm am/pm") -> 14G11-plat-gold-silver E1,E3-8:40 AM | S32: ='14U BOYS GOLD-16 TEAMS'!D31&"-"&'14U BOYS GOLD-16 TEAMS'!I31&"-"&TEXT('14U BOYS GOLD-16 TEAMS'!B31,"h:mm am/pm") -> 14Bau28-9-12 semi 3B/3C-8:40 AM | T32: ='14U BOYS GOLD-16 TEAMS'!D30&"-"&'14U BOYS GOLD-16 TEAMS'!I30&"-"&TEXT('14U BOYS GOLD-16 TEAMS'!B30,"h:mm am/pm") -> 14Bau30-13-16 semi-8:40 AM | U32: ='14U BOYS PLATINUM-10 TEAMS'!D24&"-"&'14U BOYS PLATINUM-10 TEAMS'!I24&"-"&TEXT('14U BOYS PLATINUM-10 TEAMS'!B24,"h:mm am/pm") -> 14Bpt12-C bracket C1,C3-8:40 AM | V32: ='14U BOYS SILVER-16 TEAMS'!D30&"-"&'14U BOYS SILVER-16 TEAMS'!I30&"-"&TEXT('14U BOYS SILVER-16 TEAMS'!B30,"h:mm am/pm") -> 14Bag28-9-12 semi 3B/3C-8:40 AM
A33: 2R | B33: 0.40277778 | C33: ='10U GIRLS COED AU AG-12 TEAMS'!D27&"-"&'10U GIRLS COED AU AG-12 TEAMS'!I27&"-"&TEXT('10U GIRLS COED AU AG-12 TEAMS'!B27,"h:mm am/pm") -> 10GCauag15-bracket, B1/B2 coed silver 1st-4th-9:40 AM | D33: ='10U GIRLS COED AU AG-12 TEAMS'!D28&"-"&'10U GIRLS COED AU AG-12 TEAMS'!I28&"-"&TEXT('10U GIRLS COED AU AG-12 TEAMS'!B28,"h:mm am/pm") -> 10GCauag16-bracket, B3/B4 coed silver 1st-4th-9:40 AM | F33: 0.39583333 | G33: ='12U BOYS-16 TEAMS'!D41&"-"&'12U BOYS-16 TEAMS'!I41&"-"&TEXT('12U BOYS-16 TEAMS'!B41,"h:mm am/pm") -> 12B18-F bracket F1,F3 gold 1st-3rd-9:30 AM | H33: ='12U COED GIRLS-9 TEAMS CUSTOM'!D29&"-"&'12U COED GIRLS-9 TEAMS CUSTOM'!I29&"-"&TEXT('12U COED GIRLS-9 TEAMS CUSTOM'!B29,"h:mm am/pm") -> 12GC12-F bracket F1,F3 cross-9:30 AM | I33: ='12U BOYS-16 TEAMS'!D51&"-"&'12U BOYS-16 TEAMS'!I51&"-"&TEXT('12U BOYS-16 TEAMS'!B51,"h:mm am/pm") -> 12B23-cross-9:30 AM | K33: 0.41666667 | L33: ='19U BOYS PLATINUM GOLD-11 TEAMS'!D29&"-"&'19U BOYS PLATINUM GOLD-11 TEAMS'!I29&"-"&TEXT('19U BOYS PLATINUM GOLD-11 TEAMS'!B29,"h:mm am/pm") -> 19Bptau14-D1,D3 1st-3rd-10:00 AM | M33: ='19U BOYS SILVER-5 TEAMS'!D22&"-"&'19U BOYS SILVER-5 TEAMS'!I22&"-"&TEXT('19U BOYS SILVER-5 TEAMS'!B22,"h:mm am/pm") -> 19Bag07-A bracket 4/5-10:00 AM | N33: ='16U BOYS SILVER-8 TEAMS'!D23&"-"&'16U BOYS SILVER-8 TEAMS'!I23&"-"&TEXT('16U BOYS SILVER-8 TEAMS'!B23,"h:mm am/pm") -> 16Bag11-bracket, B1/B2-10:00 AM | O33: ='16U BOYS PLATINUM GOLD-10 TEAMS'!D25&"-"&'16U BOYS PLATINUM GOLD-10 TEAMS'!I25&"-"&TEXT('16U BOYS PLATINUM GOLD-10 TEAMS'!B25,"h:mm am/pm") -> 16Bptau13-cross-10:00 AM | Q33: 0.39583333 | R33: ='14U GIRLS-9 TEAMS'!D30&"-"&'14U GIRLS-9 TEAMS'!I30&"-"&TEXT('14U GIRLS-9 TEAMS'!B30,"h:mm am/pm") -> 14G12-plat-gold-silver F1,F3-9:30 AM | S33: ='14U BOYS GOLD-16 TEAMS'!D32&"-"&'14U BOYS GOLD-16 TEAMS'!I32&"-"&TEXT('14U BOYS GOLD-16 TEAMS'!B32,"h:mm am/pm") -> 14Bau21-5-8 semi 2D/2A-9:30 AM | T33: ='14U BOYS SILVER-16 TEAMS'!D32&"-"&'14U BOYS SILVER-16 TEAMS'!I32&"-"&TEXT('14U BOYS SILVER-16 TEAMS'!B32,"h:mm am/pm") -> 14Bag29-13-16 semi-9:30 AM | U33: ='14U BOYS PLATINUM-10 TEAMS'!D25&"-"&'14U BOYS PLATINUM-10 TEAMS'!I25&"-"&TEXT('14U BOYS PLATINUM-10 TEAMS'!B25,"h:mm am/pm") -> 14Bpt13-5th-10th 2A/3B-9:30 AM | V33: ='14U BOYS SILVER-16 TEAMS'!D31&"-"&'14U BOYS SILVER-16 TEAMS'!I31&"-"&TEXT('14U BOYS SILVER-16 TEAMS'!B31,"h:mm am/pm") -> 14Bag21-5-8 semi 2D/2A-9:30 AM
A34: 2R | B34: 0.4375 | C34: ='10U BOYS & COED PT-7 CUSTOM'!D25&"-"&'10U BOYS & COED PT-7 CUSTOM'!I25&"-"&TEXT('10U BOYS & COED PT-7 CUSTOM'!B25,"h:mm am/pm") -> 10BCpt10-cross-10:30 AM | D34: ='10U GIRLS COED AU AG-12 TEAMS'!D29&"-"&'10U GIRLS COED AU AG-12 TEAMS'!I29&"-"&TEXT('10U GIRLS COED AU AG-12 TEAMS'!B29,"h:mm am/pm") -> 10GCauag17-cross-10:30 AM | F34: 0.43055556 | H34: ='12U COED GIRLS-9 TEAMS CUSTOM'!D30&"-"&'12U COED GIRLS-9 TEAMS CUSTOM'!I30&"-"&TEXT('12U COED GIRLS-9 TEAMS CUSTOM'!B30,"h:mm am/pm") -> 12GC13-D bracket D2,D3 Coed 1st-3rd-10:20 AM | I34: ='12U BOYS-16 TEAMS'!D52&"-"&'12U BOYS-16 TEAMS'!I52&"-"&TEXT('12U BOYS-16 TEAMS'!B52,"h:mm am/pm") -> 12B24-cross-10:20 AM | K34: 0.45833333 | L34: ='19U BOYS PLATINUM GOLD-11 TEAMS'!D30&"-"&'19U BOYS PLATINUM GOLD-11 TEAMS'!I30&"-"&TEXT('19U BOYS PLATINUM GOLD-11 TEAMS'!B30,"h:mm am/pm") -> 19Bptau16-F2,F4 7th-11th-11:00 AM | M34: ='19U BOYS PLATINUM GOLD-11 TEAMS'!D31&"-"&'19U BOYS PLATINUM GOLD-11 TEAMS'!I31&"-"&TEXT('19U BOYS PLATINUM GOLD-11 TEAMS'!B31,"h:mm am/pm") -> 19Bptau19-E2,E3 4th-6th-11:00 AM | N34: ='16U BOYS SILVER-8 TEAMS'!D24&"-"&'16U BOYS SILVER-8 TEAMS'!I24&"-"&TEXT('16U BOYS SILVER-8 TEAMS'!B24,"h:mm am/pm") -> 16Bag12-bracket, A1/A2-11:00 AM | O34: ='16U BOYS PLATINUM GOLD-10 TEAMS'!D26&"-"&'16U BOYS PLATINUM GOLD-10 TEAMS'!I26&"-"&TEXT('16U BOYS PLATINUM GOLD-10 TEAMS'!B26,"h:mm am/pm") -> 16Bptau14-cross-11:00 AM | Q34: 0.43055556 | R34: ='14U GIRLS-9 TEAMS'!D31&"-"&'14U GIRLS-9 TEAMS'!I31&"-"&TEXT('14U GIRLS-9 TEAMS'!B31,"h:mm am/pm") -> 14G13-plat-gold-silver D2,D3-10:20 AM | S34: ='14U BOYS GOLD-16 TEAMS'!D33&"-"&'14U BOYS GOLD-16 TEAMS'!I33&"-"&TEXT('14U BOYS GOLD-16 TEAMS'!B33,"h:mm am/pm") -> 14Bau22-5-8 semi 2C/2B-10:20 AM | T34: ='14U BOYS SILVER-16 TEAMS'!D33&"-"&'14U BOYS SILVER-16 TEAMS'!I33&"-"&TEXT('14U BOYS SILVER-16 TEAMS'!B33,"h:mm am/pm") -> 14Bag30-13-16 semi-10:20 AM | U34: ='14U BOYS PLATINUM-10 TEAMS'!D26&"-"&'14U BOYS PLATINUM-10 TEAMS'!I26&"-"&TEXT('14U BOYS PLATINUM-10 TEAMS'!B26,"h:mm am/pm") -> 14Bpt14-5th-10th 3A/2B-10:20 AM | V34: ='14U BOYS SILVER-16 TEAMS'!D34&"-"&'14U BOYS SILVER-16 TEAMS'!I34&"-"&TEXT('14U BOYS SILVER-16 TEAMS'!B34,"h:mm am/pm") -> 14Bag22-5-8 semi 2C/2B-10:20 AM
A35: 2R | B35: 0.47222222 | C35: ='10U BOYS & COED PT-7 CUSTOM'!D26&"-"&'10U BOYS & COED PT-7 CUSTOM'!I26&"-"&TEXT('10U BOYS & COED PT-7 CUSTOM'!B26,"h:mm am/pm") -> 10BCpt11-cross-11:20 AM | D35: ='10U GIRLS COED AU AG-12 TEAMS'!D30&"-"&'10U GIRLS COED AU AG-12 TEAMS'!I30&"-"&TEXT('10U GIRLS COED AU AG-12 TEAMS'!B30,"h:mm am/pm") -> 10GCauag18-cross-11:20 AM | F35: 0.46527778 | G35: ='12U BOYS-16 TEAMS'!D43&"-"&'12U BOYS-16 TEAMS'!I43&"-"&TEXT('12U BOYS-16 TEAMS'!B43,"h:mm am/pm") -> 12B21-G bracket G2,G3 gold 4th-6th-11:10 AM | H35: ='12U COED GIRLS-9 TEAMS CUSTOM'!D31&"-"&'12U COED GIRLS-9 TEAMS CUSTOM'!I31&"-"&TEXT('12U COED GIRLS-9 TEAMS CUSTOM'!B31,"h:mm am/pm") -> 12GC14-E bracket E2,E3 cross-11:10 AM | I35: ='12U BOYS-16 TEAMS'!D53&"-"&'12U BOYS-16 TEAMS'!I53&"-"&TEXT('12U BOYS-16 TEAMS'!B53,"h:mm am/pm") -> 12B27-cross-11:10 AM | K35: 0.5 | L35: ='19U BOYS PLATINUM GOLD-11 TEAMS'!D32&"-"&'19U BOYS PLATINUM GOLD-11 TEAMS'!I32&"-"&TEXT('19U BOYS PLATINUM GOLD-11 TEAMS'!B32,"h:mm am/pm") -> 19Bptau17-F1,F3 7th-11th-12:00 PM | M35: ='19U BOYS SILVER-5 TEAMS'!D24&"-"&'19U BOYS SILVER-5 TEAMS'!I24&"-"&TEXT('19U BOYS SILVER-5 TEAMS'!B24,"h:mm am/pm") -> 19Bag08-A bracket 1/2-12:00 PM | N35: ='16U BOYS SILVER-8 TEAMS'!D25&"-"&'16U BOYS SILVER-8 TEAMS'!I25&"-"&TEXT('16U BOYS SILVER-8 TEAMS'!B25,"h:mm am/pm") -> 16Bag13-7th-12:00 PM | O35: ='16U BOYS PLATINUM GOLD-10 TEAMS'!D27&"-"&'16U BOYS PLATINUM GOLD-10 TEAMS'!I27&"-"&TEXT('16U BOYS PLATINUM GOLD-10 TEAMS'!B27,"h:mm am/pm") -> 16Bptau15-Gold 3rd-12:00 PM | Q35: 0.46527778 | R35: ='14U GIRLS-9 TEAMS'!D32&"-"&'14U GIRLS-9 TEAMS'!I32&"-"&TEXT('14U GIRLS-9 TEAMS'!B32,"h:mm am/pm") -> 14G14-plat-gold-silver E2,E3-11:10 AM | S35: ='14U BOYS GOLD-16 TEAMS'!D34&"-"&'14U BOYS GOLD-16 TEAMS'!I34&"-"&TEXT('14U BOYS GOLD-16 TEAMS'!B34,"h:mm am/pm") -> 14Bau19-1-4 semi 1A/1D-11:10 AM | T35: ='14U BOYS GOLD-16 TEAMS'!D35&"-"&'14U BOYS GOLD-16 TEAMS'!I35&"-"&TEXT('14U BOYS GOLD-16 TEAMS'!B35,"h:mm am/pm") -> 14Bau34-13th-11:10 AM | U35: ='14U BOYS PLATINUM-10 TEAMS'!D27&"-"&'14U BOYS PLATINUM-10 TEAMS'!I27&"-"&TEXT('14U BOYS PLATINUM-10 TEAMS'!B27,"h:mm am/pm") -> 14Bpt15-1-4 semi 1A/2C-11:10 AM | V35: ='14U BOYS SILVER-16 TEAMS'!D35&"-"&'14U BOYS SILVER-16 TEAMS'!I35&"-"&TEXT('14U BOYS SILVER-16 TEAMS'!B35,"h:mm am/pm") -> 14Bag19-1-4 semi 1A/1D-11:10 AM
B36: 0.50694444 | C36: ='10U BOYS & COED PT-7 CUSTOM'!D27&"-"&'10U BOYS & COED PT-7 CUSTOM'!I27&"-"&TEXT('10U BOYS & COED PT-7 CUSTOM'!B27,"h:mm am/pm") -> 10BCpt12-cross-12:10 PM | D36: ='10U GIRLS COED AU AG-12 TEAMS'!D31&"-"&'10U GIRLS COED AU AG-12 TEAMS'!I31&"-"&TEXT('10U GIRLS COED AU AG-12 TEAMS'!B31,"h:mm am/pm") -> 10GCauag19-cross-12:10 PM | F36: 0.5 | G36: ='12U BOYS-16 TEAMS'!D44&"-"&'12U BOYS-16 TEAMS'!I44&"-"&TEXT('12U BOYS-16 TEAMS'!B44,"h:mm am/pm") -> 12B22-F bracket F2,F3 gold 1st-3rd-12:00 PM | H36: ='12U COED GIRLS-9 TEAMS CUSTOM'!D32&"-"&'12U COED GIRLS-9 TEAMS CUSTOM'!I32&"-"&TEXT('12U COED GIRLS-9 TEAMS CUSTOM'!B32,"h:mm am/pm") -> 12GC15-F bracket F2,F3 cross-12:00 PM | I36: ='12U BOYS-16 TEAMS'!D54&"-"&'12U BOYS-16 TEAMS'!I54&"-"&TEXT('12U BOYS-16 TEAMS'!B54,"h:mm am/pm") -> 12B28-cross-12:00 PM | K36: 0.54166667 | L36: ='19U BOYS PLATINUM GOLD-11 TEAMS'!D33&"-"&'19U BOYS PLATINUM GOLD-11 TEAMS'!I33&"-"&TEXT('19U BOYS PLATINUM GOLD-11 TEAMS'!B33,"h:mm am/pm") -> 19Bptau18-D2,D3 1st-3rd-1:00 PM | M36: ='19U BOYS SILVER-5 TEAMS'!D25&"-"&'19U BOYS SILVER-5 TEAMS'!I25&"-"&TEXT('19U BOYS SILVER-5 TEAMS'!B25,"h:mm am/pm") -> 19Bag09-A bracket 3/4-1:00 PM | N36: ='16U BOYS SILVER-8 TEAMS'!D26&"-"&'16U BOYS SILVER-8 TEAMS'!I26&"-"&TEXT('16U BOYS SILVER-8 TEAMS'!B26,"h:mm am/pm") -> 16Bag14-5th-1:00 PM | O36: ='16U BOYS PLATINUM GOLD-10 TEAMS'!D28&"-"&'16U BOYS PLATINUM GOLD-10 TEAMS'!I28&"-"&TEXT('16U BOYS PLATINUM GOLD-10 TEAMS'!B28,"h:mm am/pm") -> 16Bptau16-Gold 1st-1:00 PM | Q36: 0.5 | R36: ='14U GIRLS-9 TEAMS'!D33&"-"&'14U GIRLS-9 TEAMS'!I33&"-"&TEXT('14U GIRLS-9 TEAMS'!B33,"h:mm am/pm") -> 14G15-plat-gold-silver F2,F3-12:00 PM | S36: ='14U BOYS GOLD-16 TEAMS'!D37&"-"&'14U BOYS GOLD-16 TEAMS'!I37&"-"&TEXT('14U BOYS GOLD-16 TEAMS'!B37,"h:mm am/pm") -> 14Bau20-1-4 semi 1B/1C-12:00 PM | T36: ='14U BOYS GOLD-16 TEAMS'!D36&"-"&'14U BOYS GOLD-16 TEAMS'!I36&"-"&TEXT('14U BOYS GOLD-16 TEAMS'!B36,"h:mm am/pm") -> 14Bau33-15th-12:00 PM | U36: ='14U BOYS PLATINUM-10 TEAMS'!D28&"-"&'14U BOYS PLATINUM-10 TEAMS'!I28&"-"&TEXT('14U BOYS PLATINUM-10 TEAMS'!B28,"h:mm am/pm") -> 14Bpt16-1-4 semi 1B/1C-12:00 PM | V36: ='14U BOYS SILVER-16 TEAMS'!D36&"-"&'14U BOYS SILVER-16 TEAMS'!I36&"-"&TEXT('14U BOYS SILVER-16 TEAMS'!B36,"h:mm am/pm") -> 14Bag20-1-4 semi 1B/1C-12:00 PM
B37: 0.54166667 | C37: ='10U BOYS & COED PT-7 CUSTOM'!D28&"-"&'10U BOYS & COED PT-7 CUSTOM'!I28&"-"&TEXT('10U BOYS & COED PT-7 CUSTOM'!B28,"h:mm am/pm") -> 10BCpt13-cross-1:00 PM | D37: ='10U GIRLS COED AU AG-12 TEAMS'!D32&"-"&'10U GIRLS COED AU AG-12 TEAMS'!I32&"-"&TEXT('10U GIRLS COED AU AG-12 TEAMS'!B32,"h:mm am/pm") -> 10GCauag20-cross-1:00 PM | F37: 0.53472222 | H37: ='12U COED GIRLS-9 TEAMS CUSTOM'!D33&"-"&'12U COED GIRLS-9 TEAMS CUSTOM'!I33&"-"&TEXT('12U COED GIRLS-9 TEAMS CUSTOM'!B33,"h:mm am/pm") -> 12GC16-D bracket D1,D2 Coed 1st-3rd-12:50 PM | I37: ='12U BOYS-16 TEAMS'!D55&"-"&'12U BOYS-16 TEAMS'!I55&"-"&TEXT('12U BOYS-16 TEAMS'!B55,"h:mm am/pm") -> 12B29-cross-12:50 PM | K37: 0.58333333 | L37: ='19U BOYS PLATINUM GOLD-11 TEAMS'!D34&"-"&'19U BOYS PLATINUM GOLD-11 TEAMS'!I34&"-"&TEXT('19U BOYS PLATINUM GOLD-11 TEAMS'!B34,"h:mm am/pm") -> 19Bptau20-F4,F5 7th-11th-2:00 PM | M37: ='19U BOYS PLATINUM GOLD-11 TEAMS'!D35&"-"&'19U BOYS PLATINUM GOLD-11 TEAMS'!I35&"-"&TEXT('19U BOYS PLATINUM GOLD-11 TEAMS'!B35,"h:mm am/pm") -> 19Bptau22-E1,E2 4th-6th-2:00 PM | N37: ='16U BOYS SILVER-8 TEAMS'!D27&"-"&'16U BOYS SILVER-8 TEAMS'!I27&"-"&TEXT('16U BOYS SILVER-8 TEAMS'!B27,"h:mm am/pm") -> 16Bag15-3rd-2:00 PM | O37: ='16U BOYS PLATINUM GOLD-10 TEAMS'!D29&"-"&'16U BOYS PLATINUM GOLD-10 TEAMS'!I29&"-"&TEXT('16U BOYS PLATINUM GOLD-10 TEAMS'!B29,"h:mm am/pm") -> 16Bptau17-cross-2:00 PM | Q37: 0.53472222 | R37: ='14U BOYS GOLD-16 TEAMS'!D39&"-"&'14U BOYS GOLD-16 TEAMS'!I39&"-"&TEXT('14U BOYS GOLD-16 TEAMS'!B39,"h:mm am/pm") -> 14Bau31-9th-12:50 PM | S37: ='14U BOYS GOLD-16 TEAMS'!D38&"-"&'14U BOYS GOLD-16 TEAMS'!I38&"-"&TEXT('14U BOYS GOLD-16 TEAMS'!B38,"h:mm am/pm") -> 14Bau25-5th-12:50 PM | T37: ='14U BOYS SILVER-16 TEAMS'!D38&"-"&'14U BOYS SILVER-16 TEAMS'!I38&"-"&TEXT('14U BOYS SILVER-16 TEAMS'!B38,"h:mm am/pm") -> 14Bag31-9th-12:50 PM | U37: ='14U BOYS PLATINUM-10 TEAMS'!D29&"-"&'14U BOYS PLATINUM-10 TEAMS'!I29&"-"&TEXT('14U BOYS PLATINUM-10 TEAMS'!B29,"h:mm am/pm") -> 14Bpt18-7th-10th-12:50 PM | V37: ='14U BOYS SILVER-16 TEAMS'!D37&"-"&'14U BOYS SILVER-16 TEAMS'!I37&"-"&TEXT('14U BOYS SILVER-16 TEAMS'!B37,"h:mm am/pm") -> 14Bag25-5th-12:50 PM
A38: 2R | B38: 0.57638889 | C38: ='10U BOYS & COED PT-7 CUSTOM'!D29&"-"&'10U BOYS & COED PT-7 CUSTOM'!I29&"-"&TEXT('10U BOYS & COED PT-7 CUSTOM'!B29,"h:mm am/pm") -> 10BCpt14-cross-1:50 PM | D38: ='10U GIRLS COED AU AG-12 TEAMS'!D33&"-"&'10U GIRLS COED AU AG-12 TEAMS'!I33&"-"&TEXT('10U GIRLS COED AU AG-12 TEAMS'!B33,"h:mm am/pm") -> 10GCauag21-cross-1:50 PM | E38: x | F38: 0.56944444 | G38: ='12U BOYS-16 TEAMS'!D46&"-"&'12U BOYS-16 TEAMS'!I46&"-"&TEXT('12U BOYS-16 TEAMS'!B46,"h:mm am/pm") -> 12B25-G bracket G1,G2 gold 4th-6th-1:40 PM | H38: ='12U COED GIRLS-9 TEAMS CUSTOM'!D34&"-"&'12U COED GIRLS-9 TEAMS CUSTOM'!I34&"-"&TEXT('12U COED GIRLS-9 TEAMS CUSTOM'!B34,"h:mm am/pm") -> 12GC17-E bracket E1,E2 Coed 4th-1:40 PM | I38: ='12U BOYS-16 TEAMS'!D56&"-"&'12U BOYS-16 TEAMS'!I56&"-"&TEXT('12U BOYS-16 TEAMS'!B56,"h:mm am/pm") -> 12B30-cross-1:40 PM | K38: 0.625 | L38: ='19U BOYS PLATINUM GOLD-11 TEAMS'!D36&"-"&'19U BOYS PLATINUM GOLD-11 TEAMS'!I36&"-"&TEXT('19U BOYS PLATINUM GOLD-11 TEAMS'!B36,"h:mm am/pm") -> 19Bptau21-D1,D2 1st-3rd-3:00 PM | M38: ='19U BOYS SILVER-5 TEAMS'!D27&"-"&'19U BOYS SILVER-5 TEAMS'!I27&"-"&TEXT('19U BOYS SILVER-5 TEAMS'!B27,"h:mm am/pm") -> 19Bag10-A bracket 1/5-3:00 PM | N38: ='16U BOYS SILVER-8 TEAMS'!D28&"-"&'16U BOYS SILVER-8 TEAMS'!I28&"-"&TEXT('16U BOYS SILVER-8 TEAMS'!B28,"h:mm am/pm") -> 16Bag16-1st-3:00 PM | O38: ='16U BOYS PLATINUM GOLD-10 TEAMS'!D30&"-"&'16U BOYS PLATINUM GOLD-10 TEAMS'!I30&"-"&TEXT('16U BOYS PLATINUM GOLD-10 TEAMS'!B30,"h:mm am/pm") -> 16Bptau18-cross-3:00 PM | Q38: 0.56944444 | R38: ='14U BOYS GOLD-16 TEAMS'!D41&"-"&'14U BOYS GOLD-16 TEAMS'!I41&"-"&TEXT('14U BOYS GOLD-16 TEAMS'!B41,"h:mm am/pm") -> 14Bau32-11th-1:40 PM | S38: ='14U BOYS GOLD-16 TEAMS'!D40&"-"&'14U BOYS GOLD-16 TEAMS'!I40&"-"&TEXT('14U BOYS GOLD-16 TEAMS'!B40,"h:mm am/pm") -> 14Bau26-7th-1:40 PM | T38: ='14U BOYS SILVER-16 TEAMS'!D40&"-"&'14U BOYS SILVER-16 TEAMS'!I40&"-"&TEXT('14U BOYS SILVER-16 TEAMS'!B40,"h:mm am/pm") -> 14Bag32-11th-1:40 PM | U38: ='14U BOYS PLATINUM-10 TEAMS'!D30&"-"&'14U BOYS PLATINUM-10 TEAMS'!I30&"-"&TEXT('14U BOYS PLATINUM-10 TEAMS'!B30,"h:mm am/pm") -> 14Bpt20-3rd-1:40 PM | V38: ='14U BOYS SILVER-16 TEAMS'!D39&"-"&'14U BOYS SILVER-16 TEAMS'!I39&"-"&TEXT('14U BOYS SILVER-16 TEAMS'!B39,"h:mm am/pm") -> 14Bag26-7th-1:40 PM
A39: 2R | B39: 0.61111111 | C39: ='10U BOYS & COED PT-7 CUSTOM'!D30&"-"&'10U BOYS & COED PT-7 CUSTOM'!I30&"-"&TEXT('10U BOYS & COED PT-7 CUSTOM'!B30,"h:mm am/pm") -> 10BCpt15-cross-2:40 PM | D39: ='10U GIRLS COED AU AG-12 TEAMS'!D34&"-"&'10U GIRLS COED AU AG-12 TEAMS'!I34&"-"&TEXT('10U GIRLS COED AU AG-12 TEAMS'!B34,"h:mm am/pm") -> 10GCauag22-cross-2:40 PM | F39: 0.60416667 | G39: ='12U BOYS-16 TEAMS'!D47&"-"&'12U BOYS-16 TEAMS'!I47&"-"&TEXT('12U BOYS-16 TEAMS'!B47,"h:mm am/pm") -> 12B26-F bracket F1,F2 gold 1st-3rd-2:30 PM | I39: ='12U BOYS-16 TEAMS'!D57&"-"&'12U BOYS-16 TEAMS'!I57&"-"&TEXT('12U BOYS-16 TEAMS'!B57,"h:mm am/pm") -> 12B31-cross-2:30 PM | K39: 0.66666667 | L39: ='16U BOYS PLATINUM GOLD-10 TEAMS'!D32&"-"&'16U BOYS PLATINUM GOLD-10 TEAMS'!I32&"-"&TEXT('16U BOYS PLATINUM GOLD-10 TEAMS'!B32,"h:mm am/pm") -> 16Bptau20-cross-4:00 PM | O39: ='16U BOYS PLATINUM GOLD-10 TEAMS'!D31&"-"&'16U BOYS PLATINUM GOLD-10 TEAMS'!I31&"-"&TEXT('16U BOYS PLATINUM GOLD-10 TEAMS'!B31,"h:mm am/pm") -> 16Bptau19-cross-4:00 PM | Q39: 0.60416667 | R39: ='14U GIRLS-9 TEAMS'!D35&"-"&'14U GIRLS-9 TEAMS'!I35&"-"&TEXT('14U GIRLS-9 TEAMS'!B35,"h:mm am/pm") -> 14G16-plat-gold-silver D1,D2-2:30 PM | S39: ='14U BOYS GOLD-16 TEAMS'!D42&"-"&'14U BOYS GOLD-16 TEAMS'!I42&"-"&TEXT('14U BOYS GOLD-16 TEAMS'!B42,"h:mm am/pm") -> 14Bau23-3rd-2:30 PM | T39: ='14U BOYS SILVER-16 TEAMS'!D41&"-"&'14U BOYS SILVER-16 TEAMS'!I41&"-"&TEXT('14U BOYS SILVER-16 TEAMS'!B41,"h:mm am/pm") -> 14Bag34-13th-2:30 PM | U39: ='14U BOYS PLATINUM-10 TEAMS'!D31&"-"&'14U BOYS PLATINUM-10 TEAMS'!I31&"-"&TEXT('14U BOYS PLATINUM-10 TEAMS'!B31,"h:mm am/pm") -> 14Bpt21-1st-2:30 PM | V39: ='14U BOYS SILVER-16 TEAMS'!D42&"-"&'14U BOYS SILVER-16 TEAMS'!I42&"-"&TEXT('14U BOYS SILVER-16 TEAMS'!B42,"h:mm am/pm") -> 14Bag23-3rd-2:30 PM
A40: 2R | B40: 0.64583333 | D40: ='10U GIRLS COED AU AG-12 TEAMS'!D35&"-"&'10U GIRLS COED AU AG-12 TEAMS'!I35&"-"&TEXT('10U GIRLS COED AU AG-12 TEAMS'!B35,"h:mm am/pm") -> 10GCauag23-cross-3:30 PM | F40: 0.64583333 | G40: ='12U COED GIRLS-9 TEAMS CUSTOM'!D36&"-"&'12U COED GIRLS-9 TEAMS CUSTOM'!I36&"-"&TEXT('12U COED GIRLS-9 TEAMS CUSTOM'!B36,"h:mm am/pm") -> 12GC18-F bracket F1,F2 Coed 6th-3:30 PM | I40: ='12U BOYS-16 TEAMS'!D58&"-"&'12U BOYS-16 TEAMS'!I58&"-"&TEXT('12U BOYS-16 TEAMS'!B58,"h:mm am/pm") -> 12B32-cross-3:20 PM | K40: 0.70833333 | Q40: 0.63888889 | R40: ='14U GIRLS-9 TEAMS'!D36&"-"&'14U GIRLS-9 TEAMS'!I36&"-"&TEXT('14U GIRLS-9 TEAMS'!B36,"h:mm am/pm") -> 14G17-plat-gold-silver E1,E2-3:20 PM | S40: ='14U BOYS GOLD-16 TEAMS'!D43&"-"&'14U BOYS GOLD-16 TEAMS'!I43&"-"&TEXT('14U BOYS GOLD-16 TEAMS'!B43,"h:mm am/pm") -> 14Bau24-1st-3:20 PM | T40: ='14U BOYS SILVER-16 TEAMS'!D43&"-"&'14U BOYS SILVER-16 TEAMS'!I43&"-"&TEXT('14U BOYS SILVER-16 TEAMS'!B43,"h:mm am/pm") -> 14Bag33-15th-3:20 PM | U40: ='14U BOYS PLATINUM-10 TEAMS'!D32&"-"&'14U BOYS PLATINUM-10 TEAMS'!I32&"-"&TEXT('14U BOYS PLATINUM-10 TEAMS'!B32,"h:mm am/pm") -> 14Bpt17-5th-3:20 PM | V40: ='14U BOYS SILVER-16 TEAMS'!D44&"-"&'14U BOYS SILVER-16 TEAMS'!I44&"-"&TEXT('14U BOYS SILVER-16 TEAMS'!B44,"h:mm am/pm") -> 14Bag24-1st-3:20 PM
B41: 0.68055556 | D41: ='10U GIRLS COED AU AG-12 TEAMS'!D36&"-"&'10U GIRLS COED AU AG-12 TEAMS'!I36&"-"&TEXT('10U GIRLS COED AU AG-12 TEAMS'!B36,"h:mm am/pm") -> 10GCauag24-cross-4:20 PM | F41: moved from Far Left same time | Q41: 0.67361111 | R41: ='14U GIRLS-9 TEAMS'!D37&"-"&'14U GIRLS-9 TEAMS'!I37&"-"&TEXT('14U GIRLS-9 TEAMS'!B37,"h:mm am/pm") -> 14G18-plat-gold-silver F1,F2-4:10 PM | U41: ='14U BOYS PLATINUM-10 TEAMS'!D33&"-"&'14U BOYS PLATINUM-10 TEAMS'!I33&"-"&TEXT('14U BOYS PLATINUM-10 TEAMS'!B33,"h:mm am/pm") -> 14Bpt19-7th-10th-4:10 PM
C49: =COUNTA(C30:C48) -> 9 | D49: =COUNTA(D30:D48) -> 11 | G49: =COUNTA(G30:G48) -> 7 | H49: =COUNTA(H30:H48) -> 8 | I49: =COUNTA(I30:I48) -> 10 | L49: =COUNTA(L31:L48) -> 9 | M49: =COUNTA(M30:M48) -> 8 | N49: =COUNTA(N30:N48) -> 8 | O49: =COUNTA(O30:O48) -> 9 | R49: =COUNTA(R30:R48) -> 11 | S49: =COUNTA(S30:S48) -> 10 | T49: =COUNTA(T30:T48) -> 10 | U49: =COUNTA(U30:U48) -> 11 | V49: =COUNTA(V30:V48) -> 10 | Y49: =SUM(C49:X49) -> 131
B53: 130 | C53: =B53/14 -> 9.2857143

Sheet MASTER BY DIVISION
A1: DATE | B1: TIME | C1: LOCATION | D1: GAME ID | E1: WHITE TEAM | F1: S | G1: DARK TEAM | H1: S | I1: COMMENTS | J1: DIVISION | K1: SORTKEY
A2: ='10U GIRLS COED AU AG-12 TEAMS'!A10 -> 46088 | B2: ='10U GIRLS COED AU AG-12 TEAMS'!B10 -> 0.33333333 | C2: ='10U GIRLS COED AU AG-12 TEAMS'!C10&"" -> EL TORO HS 2 | D2: ='10U GIRLS COED AU AG-12 TEAMS'!D10&"" -> 10GCauag01 | E2: ='10U GIRLS COED AU AG-12 TEAMS'!E10&"" -> B1-SAN CLEMENTE GIRLS RED ag | F2: ='10U GIRLS COED AU AG-12 TEAMS'!F10&"" -> 6 | G2: ='10U GIRLS COED AU AG-12 TEAMS'!G10&"" -> B4-TROJAN NORTH ag | H2: ='10U GIRLS COED AU AG-12 TEAMS'!H10&"" -> 14 | I2: ='10U GIRLS COED AU AG-12 TEAMS'!I10&"" -> B bracket, B1/B4 coed silver 1st-4th | J2: ='10U GIRLS COED AU AG-12 TEAMS'!J10&"" -> 10U_GIRLS_COED_GOLD_SILVER | K2: =TEXT(DATE(2026, MONTH(A2), DAY(A2)) + TIME(HOUR(B2), MINUTE(B2), 0), "yyyymmddhhmm") -> 202603070800
A3: ='10U GIRLS COED AU AG-12 TEAMS'!A11 -> 46088 | B3: ='10U GIRLS COED AU AG-12 TEAMS'!B11 -> 0.36805556 | C3: ='10U GIRLS COED AU AG-12 TEAMS'!C11&"" -> EL TORO HS 2 | D3: ='10U GIRLS COED AU AG-12 TEAMS'!D11&"" -> 10GCauag02 | E3: ='10U GIRLS COED AU AG-12 TEAMS'!E11&"" -> B2-CDM BOYS WHITE ag | F3: ='10U GIRLS COED AU AG-12 TEAMS'!F11&"" -> 8 | G3: ='10U GIRLS COED AU AG-12 TEAMS'!G11&"" -> B3-LAGUNA BEACH ag | H3: ='10U GIRLS COED AU AG-12 TEAMS'!H11&"" -> 10 | I3: ='10U GIRLS COED AU AG-12 TEAMS'!I11&"" -> B bracket, B2/B3 coed silver 1st-4th | J3: ='10U GIRLS COED AU AG-12 TEAMS'!J11&"" -> 10U_GIRLS_COED_GOLD_SILVER | K3: =TEXT(DATE(2026, MONTH(A3), DAY(A3)) + TIME(HOUR(B3), MINUTE(B3), 0), "yyyymmddhhmm") -> 202603070850
A4: ='10U GIRLS COED AU AG-12 TEAMS'!A12 -> 46088 | B4: ='10U GIRLS COED AU AG-12 TEAMS'!B12 -> 0.40277778 | C4: ='10U GIRLS COED AU AG-12 TEAMS'!C12&"" -> EL TORO HS 2 | D4: ='10U GIRLS COED AU AG-12 TEAMS'!D12&"" -> 10GCauag03 | E4: ='10U GIRLS COED AU AG-12 TEAMS'!E12&"" -> A1-TROJAN SOUTH au | F4: ='10U GIRLS COED AU AG-12 TEAMS'!F12&"" -> 3 | G4: ='10U GIRLS COED AU AG-12 TEAMS'!G12&"" -> A4-ORANGE COUNTY WPC B au | H4: ='10U GIRLS COED AU AG-12 TEAMS'!H12&"" -> 14 | I4: ='10U GIRLS COED AU AG-12 TEAMS'!I12&"" -> A bracket, A1/A4 coed gold 1st-4th | J4: ='10U GIRLS COED AU AG-12 TEAMS'!J12&"" -> 10U_GIRLS_COED_GOLD_SILVER | K4: =TEXT(DATE(2026, MONTH(A4), DAY(A4)) + TIME(HOUR(B4), MINUTE(B4), 0), "yyyymmddhhmm") -> 202603070940
A5: ='10U GIRLS COED AU AG-12 TEAMS'!A13 -> 46088 | B5: ='10U GIRLS COED AU AG-12 TEAMS'!B13 -> 0.40277778 | C5: ='10U GIRLS COED AU AG-12 TEAMS'!C13&"" -> WOOLLETT FAR LEFT | D5: ='10U GIRLS COED AU AG-12 TEAMS'!D13&"" -> 10GCauag05 | E5: ='10U GIRLS COED AU AG-12 TEAMS'!E13&"" -> C1-DEL MAR GIRLS BLUE | F5: ='10U GIRLS COED AU AG-12 TEAMS'!F13&"" -> 20 | G5: ='10U GIRLS COED AU AG-12 TEAMS'!G13&"" -> C4-NEWPORT BEACH GIRLS WHITE | H5: ='10U GIRLS COED AU AG-12 TEAMS'!H13&"" -> 0 | I5: ='10U GIRLS COED AU AG-12 TEAMS'!I13&"" -> C bracket C1,C4 Girls 1st-4th | J5: ='10U GIRLS COED AU AG-12 TEAMS'!J13&"" -> 10U_GIRLS_COED_GOLD_SILVER | K5: =TEXT(DATE(2026, MONTH(A5), DAY(A5)) + TIME(HOUR(B5), MINUTE(B5), 0), "yyyymmddhhmm") -> 202603070940
A6: ='10U GIRLS COED AU AG-12 TEAMS'!A14 -> 46088 | B6: ='10U GIRLS COED AU AG-12 TEAMS'!B14 -> 0.4375 | C6: ='10U GIRLS COED AU AG-12 TEAMS'!C14&"" -> EL TORO HS 2 | D6: ='10U GIRLS COED AU AG-12 TEAMS'!D14&"" -> 10GCauag04 | E6: ='10U GIRLS COED AU AG-12 TEAMS'!E14&"" -> A2-VANGUARD BLUE au | F6: ='10U GIRLS COED AU AG-12 TEAMS'!F14&"" -> 17 | G6: ='10U GIRLS COED AU AG-12 TEAMS'!G14&"" -> A3-SAN CLEMENTE BLACK au | H6: ='10U GIRLS COED AU AG-12 TEAMS'!H14&"" -> 3 | I6: ='10U GIRLS COED AU AG-12 TEAMS'!I14&"" -> A bracket, A2/A3 coed gold 1st-4th | J6: ='10U GIRLS COED AU AG-12 TEAMS'!J14&"" -> 10U_GIRLS_COED_GOLD_SILVER | K6: =TEXT(DATE(2026, MONTH(A6), DAY(A6)) + TIME(HOUR(B6), MINUTE(B6), 0), "yyyymmddhhmm") -> 202603071030
A7: ='10U GIRLS COED AU AG-12 TEAMS'!A15 -> 46088 | B7: ='10U GIRLS COED AU AG-12 TEAMS'!B15 -> 0.4375 | C7: ='10U GIRLS COED AU AG-12 TEAMS'!C15&"" -> WOOLLETT FAR LEFT | D7: ='10U GIRLS COED AU AG-12 TEAMS'!D15&"" -> 10GCauag06 | E7: ='10U GIRLS COED AU AG-12 TEAMS'!E15&"" -> C2-NEWPORT BEACH GIRLS BLUE | F7: ='10U GIRLS COED AU AG-12 TEAMS'!F15&"" -> 17 | G7: ='10U GIRLS COED AU AG-12 TEAMS'!G15&"" -> C3-DEL MAR GIRLS WHITE | H7: ='10U GIRLS COED AU AG-12 TEAMS'!H15&"" -> 1 | I7: ='10U GIRLS COED AU AG-12 TEAMS'!I15&"" -> C bracket C2,C3 Girls 1st-4th | J7: ='10U GIRLS COED AU AG-12 TEAMS'!J15&"" -> 10U_GIRLS_COED_GOLD_SILVER | K7: =TEXT(DATE(2026, MONTH(A7), DAY(A7)) + TIME(HOUR(B7), MINUTE(B7), 0), "yyyymmddhhmm") -> 202603071030
A8: ='10U GIRLS COED AU AG-12 TEAMS'!A16 -> 46088 | B8: ='10U GIRLS COED AU AG-12 TEAMS'!B16 -> 0.47222222 | C8: ='10U GIRLS COED AU AG-12 TEAMS'!C16&"" -> EL TORO HS 2 | D8: ='10U GIRLS COED AU AG-12 TEAMS'!D16&"" -> 10GCauag07 | E8: ='10U GIRLS COED AU AG-12 TEAMS'!E16&"" -> B2-CDM BOYS WHITE ag | F8: ='10U GIRLS COED AU AG-12 TEAMS'!F16&"" -> 4 | G8: ='10U GIRLS COED AU AG-12 TEAMS'!G16&"" -> B4-TROJAN NORTH ag | H8: ='10U GIRLS COED AU AG-12 TEAMS'!H16&"" -> 14 | I8: ='10U GIRLS COED AU AG-12 TEAMS'!I16&"" -> B bracket, B2/B4 coed silver 1st-4th | J8: ='10U GIRLS COED AU AG-12 TEAMS'!J16&"" -> 10U_GIRLS_COED_GOLD_SILVER | K8: =TEXT(DATE(2026, MONTH(A8), DAY(A8)) + TIME(HOUR(B8), MINUTE(B8), 0), "yyyymmddhhmm") -> 202603071120
A9: ='10U GIRLS COED AU AG-12 TEAMS'!A17 -> 46088 | B9: ='10U GIRLS COED AU AG-12 TEAMS'!B17 -> 0.50694444 | C9: ='10U GIRLS COED AU AG-12 TEAMS'!C17&"" -> EL TORO HS 2 | D9: ='10U GIRLS COED AU AG-12 TEAMS'!D17&"" -> 10GCauag08 | E9: ='10U GIRLS COED AU AG-12 TEAMS'!E17&"" -> B1-SAN CLEMENTE GIRLS RED ag | F9: ='10U GIRLS COED AU AG-12 TEAMS'!F17&"" -> 9 | G9: ='10U GIRLS COED AU AG-12 TEAMS'!G17&"" -> B3-LAGUNA BEACH ag | H9: ='10U GIRLS COED AU AG-12 TEAMS'!H17&"" -> 10 | I9: ='10U GIRLS COED AU AG-12 TEAMS'!I17&"" -> B bracket, B1/B3 coed silver 1st-4th | J9: ='10U GIRLS COED AU AG-12 TEAMS'!J17&"" -> 10U_GIRLS_COED_GOLD_SILVER | K9: =TEXT(DATE(2026, MONTH(A9), DAY(A9)) + TIME(HOUR(B9), MINUTE(B9), 0), "yyyymmddhhmm") -> 202603071210
A10: ='10U GIRLS COED AU AG-12 TEAMS'!A18 -> 46088 | B10: ='10U GIRLS COED AU AG-12 TEAMS'!B18 -> 0.54166667 | C10: ='10U GIRLS COED AU AG-12 TEAMS'!C18&"" -> EL TORO HS 2 | D10: ='10U GIRLS COED AU AG-12 TEAMS'!D18&"" -> 10GCauag09 | E10: ='10U GIRLS COED AU AG-12 TEAMS'!E18&"" -> A1-TROJAN SOUTH au | F10: ='10U GIRLS COED AU AG-12 TEAMS'!F18&"" -> 15 | G10: ='10U GIRLS COED AU AG-12 TEAMS'!G18&"" -> A3-SAN CLEMENTE BLACK au | H10: ='10U GIRLS COED AU AG-12 TEAMS'!H18&"" -> 6 | I10: ='10U GIRLS COED AU AG-12 TEAMS'!I18&"" -> A bracket, A1/A3 coed gold 1st-4th | J10: ='10U GIRLS COED AU AG-12 TEAMS'!J18&"" -> 10U_GIRLS_COED_GOLD_SILVER | K10: =TEXT(DATE(2026, MONTH(A10), DAY(A10)) + TIME(HOUR(B10), MINUTE(B10), 0), "yyyymmddhhmm") -> 202603071300
A11: ='10U GIRLS COED AU AG-12 TEAMS'!A19 -> 46088 | B11: ='10U GIRLS COED AU AG-12 TEAMS'!B19 -> 0.54166667 | C11: ='10U GIRLS COED AU AG-12 TEAMS'!C19&"" -> WOOLLETT FAR LEFT | D11: ='10U GIRLS COED AU AG-12 TEAMS'!D19&"" -> 10GCauag11 | E11: ='10U GIRLS COED AU AG-12 TEAMS'!E19&"" -> C1-DEL MAR GIRLS BLUE | F11: ='10U GIRLS COED AU AG-12 TEAMS'!F19&"" -> 7 | G11: ='10U GIRLS COED AU AG-12 TEAMS'!G19&"" -> C2-NEWPORT BEACH GIRLS BLUE | H11: ='10U GIRLS COED AU AG-12 TEAMS'!H19&"" -> 3 | I11: ='10U GIRLS COED AU AG-12 TEAMS'!I19&"" -> C bracket C1,C2 Girls 1st-4th | J11: ='10U GIRLS COED AU AG-12 TEAMS'!J19&"" -> 10U_GIRLS_COED_GOLD_SILVER | K11: =TEXT(DATE(2026, MONTH(A11), DAY(A11)) + TIME(HOUR(B11), MINUTE(B11), 0), "yyyymmddhhmm") -> 202603071300
A12: ='10U GIRLS COED AU AG-12 TEAMS'!A20 -> 46088 | B12: ='10U GIRLS COED AU AG-12 TEAMS'!B20 -> 0.57638889 | C12: ='10U GIRLS COED AU AG-12 TEAMS'!C20&"" -> EL TORO HS 2 | D12: ='10U GIRLS COED AU AG-12 TEAMS'!D20&"" -> 10GCauag10 | E12: ='10U GIRLS COED AU AG-12 TEAMS'!E20&"" -> A2-VANGUARD BLUE au | F12: ='10U GIRLS COED AU AG-12 TEAMS'!F20&"" -> 5 | G12: ='10U GIRLS COED AU AG-12 TEAMS'!G20&"" -> A4-ORANGE COUNTY WPC B au | H12: ='10U GIRLS COED AU AG-12 TEAMS'!H20&"" -> 11 | I12: ='10U GIRLS COED AU AG-12 TEAMS'!I20&"" -> A bracket, A2/A4 coed gold 1st-4th | J12: ='10U GIRLS COED AU AG-12 TEAMS'!J20&"" -> 10U_GIRLS_COED_GOLD_SILVER | K12: =TEXT(DATE(2026, MONTH(A12), DAY(A12)) + TIME(HOUR(B12), MINUTE(B12), 0), "yyyymmddhhmm") -> 202603071350
A13: ='10U GIRLS COED AU AG-12 TEAMS'!A21 -> 46088 | B13: ='10U GIRLS COED AU AG-12 TEAMS'!B21 -> 0.57638889 | C13: ='10U GIRLS COED AU AG-12 TEAMS'!C21&"" -> WOOLLETT FAR LEFT | D13: ='10U GIRLS COED AU AG-12 TEAMS'!D21&"" -> 10GCauag12 | E13: ='10U GIRLS COED AU AG-12 TEAMS'!E21&"" -> C3-DEL MAR GIRLS WHITE | F13: ='10U GIRLS COED AU AG-12 TEAMS'!F21&"" -> 16 | G13: ='10U GIRLS COED AU AG-12 TEAMS'!G21&"" -> C4-NEWPORT BEACH GIRLS WHITE | H13: ='10U GIRLS COED AU AG-12 TEAMS'!H21&"" -> 0 | I13: ='10U GIRLS COED AU AG-12 TEAMS'!I21&"" -> C bracket C3,C4 Girls 1st-4th | J13: ='10U GIRLS COED AU AG-12 TEAMS'!J21&"" -> 10U_GIRLS_COED_GOLD_SILVER | K13: =TEXT(DATE(2026, MONTH(A13), DAY(A13)) + TIME(HOUR(B13), MINUTE(B13), 0), "yyyymmddhhmm") -> 202603071350
A14: ='10U GIRLS COED AU AG-12 TEAMS'!A25 -> 46089 | B14: ='10U GIRLS COED AU AG-12 TEAMS'!B25 -> 0.33333333 | C14: ='10U GIRLS COED AU AG-12 TEAMS'!C25&"" -> EL TORO HS 2 | D14: ='10U GIRLS COED AU AG-12 TEAMS'!D25&"" -> 10GCauag13 | E14: ='10U GIRLS COED AU AG-12 TEAMS'!E25&"" -> A1-TROJAN SOUTH au | F14: ='10U GIRLS COED AU AG-12 TEAMS'!F25&"" -> 9 | G14: ='10U GIRLS COED AU AG-12 TEAMS'!G25&"" -> A2-VANGUARD BLUE au | H14: ='10U GIRLS COED AU AG-12 TEAMS'!H25&"" -> 15 | I14: ='10U GIRLS COED AU AG-12 TEAMS'!I25&"" -> bracket, A1/A2 coed gold 1st-4th | J14: ='10U GIRLS COED AU AG-12 TEAMS'!J25&"" -> 10U_GIRLS_COED_GOLD_SILVER | K14: =TEXT(DATE(2026, MONTH(A14), DAY(A14)) + TIME(HOUR(B14), MINUTE(B14), 0), "yyyymmddhhmm") -> 202603080800
A15: ='10U GIRLS COED AU AG-12 TEAMS'!A26 -> 46089 | B15: ='10U GIRLS COED AU AG-12 TEAMS'!B26 -> 0.36805556 | C15: ='10U GIRLS COED AU AG-12 TEAMS'!C26&"" -> EL TORO HS 2 | D15: ='10U GIRLS COED AU AG-12 TEAMS'!D26&"" -> 10GCauag14 | E15: ='10U GIRLS COED AU AG-12 TEAMS'!E26&"" -> A3-SAN CLEMENTE BLACK au | F15: ='10U GIRLS COED AU AG-12 TEAMS'!F26&"" -> 3 | G15: ='10U GIRLS COED AU AG-12 TEAMS'!G26&"" -> A4-ORANGE COUNTY WPC B au | H15: ='10U GIRLS COED AU AG-12 TEAMS'!H26&"" -> 17 | I15: ='10U GIRLS COED AU AG-12 TEAMS'!I26&"" -> bracket, A3/A4 coed gold 1st-4th | J15: ='10U GIRLS COED AU AG-12 TEAMS'!J26&"" -> 10U_GIRLS_COED_GOLD_SILVER | K15: =TEXT(DATE(2026, MONTH(A15), DAY(A15)) + TIME(HOUR(B15), MINUTE(B15), 0), "yyyymmddhhmm") -> 202603080850
A16: ='10U GIRLS COED AU AG-12 TEAMS'!A27 -> 46089 | B16: ='10U GIRLS COED AU AG-12 TEAMS'!B27 -> 0.40277778 | C16: ='10U GIRLS COED AU AG-12 TEAMS'!C27&"" -> WOOLLETT FAR LEFT | D16: ='10U GIRLS COED AU AG-12 TEAMS'!D27&"" -> 10GCauag15 | E16: ='10U GIRLS COED AU AG-12 TEAMS'!E27&"" -> B1-SAN CLEMENTE GIRLS RED ag | F16: ='10U GIRLS COED AU AG-12 TEAMS'!F27&"" -> 10 | G16: ='10U GIRLS COED AU AG-12 TEAMS'!G27&"" -> B2-CDM BOYS WHITE ag | H16: ='10U GIRLS COED AU AG-12 TEAMS'!H27&"" -> 3 | I16: ='10U GIRLS COED AU AG-12 TEAMS'!I27&"" -> bracket, B1/B2 coed silver 1st-4th | J16: ='10U GIRLS COED AU AG-12 TEAMS'!J27&"" -> 10U_GIRLS_COED_GOLD_SILVER | K16: =TEXT(DATE(2026, MONTH(A16), DAY(A16)) + TIME(HOUR(B16), MINUTE(B16), 0), "yyyymmddhhmm") -> 202603080940
A17: ='10U GIRLS COED AU AG-12 TEAMS'!A28 -> 46089 | B17: ='10U GIRLS COED AU AG-12 TEAMS'!B28 -> 0.40277778 | C17: ='10U GIRLS COED AU AG-12 TEAMS'!C28&"" -> EL TORO HS 2 | D17: ='10U GIRLS COED AU AG-12 TEAMS'!D28&"" -> 10GCauag16 | E17: ='10U GIRLS COED AU AG-12 TEAMS'!E28&"" -> B3-LAGUNA BEACH ag | F17: ='10U GIRLS COED AU AG-12 TEAMS'!F28&"" -> 4 | G17: ='10U GIRLS COED AU AG-12 TEAMS'!G28&"" -> B4-TROJAN NORTH ag | H17: ='10U GIRLS COED AU AG-12 TEAMS'!H28&"" -> 15 | I17: ='10U GIRLS COED AU AG-12 TEAMS'!I28&"" -> bracket, B3/B4 coed silver 1st-4th | J17: ='10U GIRLS COED AU AG-12 TEAMS'!J28&"" -> 10U_GIRLS_COED_GOLD_SILVER | K17: =TEXT(DATE(2026, MONTH(A17), DAY(A17)) + TIME(HOUR(B17), MINUTE(B17), 0), "yyyymmddhhmm") -> 202603080940
A18: ='10U GIRLS COED AU AG-12 TEAMS'!A29 -> 46089 | B18: ='10U GIRLS COED AU AG-12 TEAMS'!B29 -> 0.4375 | C18: ='10U GIRLS COED AU AG-12 TEAMS'!C29&"" -> EL TORO HS 2 | D18: ='10U GIRLS COED AU AG-12 TEAMS'!D29&"" -> 10GCauag17 | E18: ='10U GIRLS COED AU AG-12 TEAMS'!E29&"" -> 1stA-ORANGE COUNTY WPC B au | F18: ='10U GIRLS COED AU AG-12 TEAMS'!F29&"" -> 7 | G18: ='10U GIRLS COED AU AG-12 TEAMS'!G29&"" -> C1-DEL MAR GIRLS BLUE | H18: ='10U GIRLS COED AU AG-12 TEAMS'!H29&"" -> 9 | I18: ='10U GIRLS COED AU AG-12 TEAMS'!I29&"" -> cross | J18: ='10U GIRLS COED AU AG-12 TEAMS'!J29&"" -> 10U_GIRLS_COED_GOLD_SILVER | K18: =TEXT(DATE(2026, MONTH(A18), DAY(A18)) + TIME(HOUR(B18), MINUTE(B18), 0), "yyyymmddhhmm") -> 202603081030
A19: ='10U GIRLS COED AU AG-12 TEAMS'!A30 -> 46089 | B19: ='10U GIRLS COED AU AG-12 TEAMS'!B30 -> 0.47222222 | C19: ='10U GIRLS COED AU AG-12 TEAMS'!C30&"" -> EL TORO HS 2 | D19: ='10U GIRLS COED AU AG-12 TEAMS'!D30&"" -> 10GCauag18 | E19: ='10U GIRLS COED AU AG-12 TEAMS'!E30&"" -> 3rdA-TROJAN SOUTH au | F19: ='10U GIRLS COED AU AG-12 TEAMS'!F30&"" -> 13 | G19: ='10U GIRLS COED AU AG-12 TEAMS'!G30&"" -> C3-DEL MAR GIRLS WHITE | H19: ='10U GIRLS COED AU AG-12 TEAMS'!H30&"" -> 7 | I19: ='10U GIRLS COED AU AG-12 TEAMS'!I30&"" -> cross | J19: ='10U GIRLS COED AU AG-12 TEAMS'!J30&"" -> 10U_GIRLS_COED_GOLD_SILVER | K19: =TEXT(DATE(2026, MONTH(A19), DAY(A19)) + TIME(HOUR(B19), MINUTE(B19), 0), "yyyymmddhhmm") -> 202603081120
A20: ='10U GIRLS COED AU AG-12 TEAMS'!A31 -> 46089 | B20: ='10U GIRLS COED AU AG-12 TEAMS'!B31 -> 0.50694444 | C20: ='10U GIRLS COED AU AG-12 TEAMS'!C31&"" -> EL TORO HS 2 | D20: ='10U GIRLS COED AU AG-12 TEAMS'!D31&"" -> 10GCauag19 | E20: ='10U GIRLS COED AU AG-12 TEAMS'!E31&"" -> 2ndA-VANGUARD BLUE au | F20: ='10U GIRLS COED AU AG-12 TEAMS'!F31&"" -> 7 | G20: ='10U GIRLS COED AU AG-12 TEAMS'!G31&"" -> C2-NEWPORT BEACH GIRLS BLUE | H20: ='10U GIRLS COED AU AG-12 TEAMS'!H31&"" -> 21 | I20: ='10U GIRLS COED AU AG-12 TEAMS'!I31&"" -> cross | J20: ='10U GIRLS COED AU AG-12 TEAMS'!J31&"" -> 10U_GIRLS_COED_GOLD_SILVER | K20: =TEXT(DATE(2026, MONTH(A20), DAY(A20)) + TIME(HOUR(B20), MINUTE(B20), 0), "yyyymmddhhmm") -> 202603081210
A21: ='10U GIRLS COED AU AG-12 TEAMS'!A32 -> 46089 | B21: ='10U GIRLS COED AU AG-12 TEAMS'!B32 -> 0.54166667 | C21: ='10U GIRLS COED AU AG-12 TEAMS'!C32&"" -> EL TORO HS 2 | D21: ='10U GIRLS COED AU AG-12 TEAMS'!D32&"" -> 10GCauag20 | E21: ='10U GIRLS COED AU AG-12 TEAMS'!E32&"" -> 4thA-SAN CLEMENTE BLACK au | F21: ='10U GIRLS COED AU AG-12 TEAMS'!F32&"" -> 14 | G21: ='10U GIRLS COED AU AG-12 TEAMS'!G32&"" -> C4-NEWPORT BEACH GIRLS WHITE | H21: ='10U GIRLS COED AU AG-12 TEAMS'!H32&"" -> 8 | I21: ='10U GIRLS COED AU AG-12 TEAMS'!I32&"" -> cross | J21: ='10U GIRLS COED AU AG-12 TEAMS'!J32&"" -> 10U_GIRLS_COED_GOLD_SILVER | K21: =TEXT(DATE(2026, MONTH(A21), DAY(A21)) + TIME(HOUR(B21), MINUTE(B21), 0), "yyyymmddhhmm") -> 202603081300
A22: ='10U GIRLS COED AU AG-12 TEAMS'!A33 -> 46089 | B22: ='10U GIRLS COED AU AG-12 TEAMS'!B33 -> 0.57638889 | C22: ='10U GIRLS COED AU AG-12 TEAMS'!C33&"" -> EL TORO HS 2 | D22: ='10U GIRLS COED AU AG-12 TEAMS'!D33&"" -> 10GCauag21 | E22: ='10U GIRLS COED AU AG-12 TEAMS'!E33&"" -> 1stB-TROJAN NORTH ag | F22: ='10U GIRLS COED AU AG-12 TEAMS'!F33&"" -> 4 | G22: ='10U GIRLS COED AU AG-12 TEAMS'!G33&"" -> C1-DEL MAR GIRLS BLUE | H22: ='10U GIRLS COED AU AG-12 TEAMS'!H33&"" -> 16 | I22: ='10U GIRLS COED AU AG-12 TEAMS'!I33&"" -> cross | J22: ='10U GIRLS COED AU AG-12 TEAMS'!J33&"" -> 10U_GIRLS_COED_GOLD_SILVER | K22: =TEXT(DATE(2026, MONTH(A22), DAY(A22)) + TIME(HOUR(B22), MINUTE(B22), 0), "yyyymmddhhmm") -> 202603081350
A23: ='10U GIRLS COED AU AG-12 TEAMS'!A34 -> 46089 | B23: ='10U GIRLS COED AU AG-12 TEAMS'!B34 -> 0.61111111 | C23: ='10U GIRLS COED AU AG-12 TEAMS'!C34&"" -> EL TORO HS 2 | D23: ='10U GIRLS COED AU AG-12 TEAMS'!D34&"" -> 10GCauag22 | E23: ='10U GIRLS COED AU AG-12 TEAMS'!E34&"" -> 3rdB-SAN CLEMENTE RED GIRLS ag | F23: ='10U GIRLS COED AU AG-12 TEAMS'!F34&"" -> 8 | G23: ='10U GIRLS COED AU AG-12 TEAMS'!G34&"" -> C3-DEL MAR GIRLS WHITE | H23: ='10U GIRLS COED AU AG-12 TEAMS'!H34&"" -> 6 | I23: ='10U GIRLS COED AU AG-12 TEAMS'!I34&"" -> cross | J23: ='10U GIRLS COED AU AG-12 TEAMS'!J34&"" -> 10U_GIRLS_COED_GOLD_SILVER | K23: =TEXT(DATE(2026, MONTH(A23), DAY(A23)) + TIME(HOUR(B23), MINUTE(B23), 0), "yyyymmddhhmm") -> 202603081440
A24: ='10U GIRLS COED AU AG-12 TEAMS'!A35 -> 46089 | B24: ='10U GIRLS COED AU AG-12 TEAMS'!B35 -> 0.64583333 | C24: ='10U GIRLS COED AU AG-12 TEAMS'!C35&"" -> EL TORO HS 2 | D24: ='10U GIRLS COED AU AG-12 TEAMS'!D35&"" -> 10GCauag23 | E24: ='10U GIRLS COED AU AG-12 TEAMS'!E35&"" -> 2ndB-LAGUNA BEACH ag | F24: ='10U GIRLS COED AU AG-12 TEAMS'!F35&"" -> 4 | G24: ='10U GIRLS COED AU AG-12 TEAMS'!G35&"" -> C2-NEWPORT BEACH GIRLS BLUE | H24: ='10U GIRLS COED AU AG-12 TEAMS'!H35&"" -> 19 | I24: ='10U GIRLS COED AU AG-12 TEAMS'!I35&"" -> cross | J24: ='10U GIRLS COED AU AG-12 TEAMS'!J35&"" -> 10U_GIRLS_COED_GOLD_SILVER | K24: =TEXT(DATE(2026, MONTH(A24), DAY(A24)) + TIME(HOUR(B24), MINUTE(B24), 0), "yyyymmddhhmm") -> 202603081530
A25: ='10U GIRLS COED AU AG-12 TEAMS'!A36 -> 46089 | B25: ='10U GIRLS COED AU AG-12 TEAMS'!B36 -> 0.68055556 | C25: ='10U GIRLS COED AU AG-12 TEAMS'!C36&"" -> EL TORO HS 2 | D25: ='10U GIRLS COED AU AG-12 TEAMS'!D36&"" -> 10GCauag24 | E25: ='10U GIRLS COED AU AG-12 TEAMS'!E36&"" -> 4thB-CDM BOYS WHITE ag | F25: ='10U GIRLS COED AU AG-12 TEAMS'!F36&"" -> 20 | G25: ='10U GIRLS COED AU AG-12 TEAMS'!G36&"" -> C4-NEWPORT BEACH GIRLS WHITE | H25: ='10U GIRLS COED AU AG-12 TEAMS'!H36&"" -> 2 | I25: ='10U GIRLS COED AU AG-12 TEAMS'!I36&"" -> cross | J25: ='10U GIRLS COED AU AG-12 TEAMS'!J36&"" -> 10U_GIRLS_COED_GOLD_SILVER | K25: =TEXT(DATE(2026, MONTH(A25), DAY(A25)) + TIME(HOUR(B25), MINUTE(B25), 0), "yyyymmddhhmm") -> 202603081620
A26: ='10U BOYS & COED PT-7 CUSTOM'!A10 -> 46088 | B26: ='10U BOYS & COED PT-7 CUSTOM'!B10 -> 0.33333333 | C26: ='10U BOYS & COED PT-7 CUSTOM'!C10&"" -> WOOLLETT FAR LEFT | D26: ='10U BOYS & COED PT-7 CUSTOM'!D10&"" -> 10BCpt01 | E26: ='10U BOYS & COED PT-7 CUSTOM'!E10&"" -> A1-NORTH IRVINE BLACK | F26: ='10U BOYS & COED PT-7 CUSTOM'!F10&"" -> 22 | G26: ='10U BOYS & COED PT-7 CUSTOM'!G10&"" -> A3-VIKING | H26: ='10U BOYS & COED PT-7 CUSTOM'!H10&"" -> 8 | I26: ='10U BOYS & COED PT-7 CUSTOM'!I10&"" -> A bracket A1,A3 Cpt 1st-3rd | J26: ='10U BOYS & COED PT-7 CUSTOM'!J10&"" -> 10U_BOYS_&_COED_PLATINUM | K26: =TEXT(DATE(2026, MONTH(A26), DAY(A26)) + TIME(HOUR(B26), MINUTE(B26), 0), "yyyymmddhhmm") -> 202603070800
A27: ='10U BOYS & COED PT-7 CUSTOM'!A11 -> 46088 | B27: ='10U BOYS & COED PT-7 CUSTOM'!B11 -> 0.36805556 | C27: ='10U BOYS & COED PT-7 CUSTOM'!C11&"" -> WOOLLETT FAR LEFT | D27: ='10U BOYS & COED PT-7 CUSTOM'!D11&"" -> 10BCpt02 | E27: ='10U BOYS & COED PT-7 CUSTOM'!E11&"" -> A2-SAN DIEGO DONS BLACK | F27: ='10U BOYS & COED PT-7 CUSTOM'!F11&"" -> 15 | G27: ='10U BOYS & COED PT-7 CUSTOM'!G11&"" -> A3-VIKING | H27: ='10U BOYS & COED PT-7 CUSTOM'!H11&"" -> 7 | I27: ='10U BOYS & COED PT-7 CUSTOM'!I11&"" -> A bracket A2,A3 Cpt 1st-3rd | J27: ='10U BOYS & COED PT-7 CUSTOM'!J11&"" -> 10U_BOYS_&_COED_PLATINUM | K27: =TEXT(DATE(2026, MONTH(A27), DAY(A27)) + TIME(HOUR(B27), MINUTE(B27), 0), "yyyymmddhhmm") -> 202603070850
A28: ='10U BOYS & COED PT-7 CUSTOM'!A13 -> 46088 | B28: ='10U BOYS & COED PT-7 CUSTOM'!B13 -> 0.47222222 | C28: ='10U BOYS & COED PT-7 CUSTOM'!C13&"" -> WOOLLETT FAR LEFT | D28: ='10U BOYS & COED PT-7 CUSTOM'!D13&"" -> 10BCpt03 | E28: ='10U BOYS & COED PT-7 CUSTOM'!E13&"" -> B1-ORWP A | F28: ='10U BOYS & COED PT-7 CUSTOM'!F13&"" -> 10 | G28: ='10U BOYS & COED PT-7 CUSTOM'!G13&"" -> B4-NEWPORT BEACH WHITE | H28: ='10U BOYS & COED PT-7 CUSTOM'!H13&"" -> 7 | I28: ='10U BOYS & COED PT-7 CUSTOM'!I13&"" -> B bracket B1,B4 Boys 1st-4th | J28: ='10U BOYS & COED PT-7 CUSTOM'!J13&"" -> 10U_BOYS_&_COED_PLATINUM | K28: =TEXT(DATE(2026, MONTH(A28), DAY(A28)) + TIME(HOUR(B28), MINUTE(B28), 0), "yyyymmddhhmm") -> 202603071120
A29: ='10U BOYS & COED PT-7 CUSTOM'!A14 -> 46088 | B29: ='10U BOYS & COED PT-7 CUSTOM'!B14 -> 0.50694444 | C29: ='10U BOYS & COED PT-7 CUSTOM'!C14&"" -> WOOLLETT FAR LEFT | D29: ='10U BOYS & COED PT-7 CUSTOM'!D14&"" -> 10BCpt04 | E29: ='10U BOYS & COED PT-7 CUSTOM'!E14&"" -> B2-CDM BLUE | F29: ='10U BOYS & COED PT-7 CUSTOM'!F14&"" -> 11 | G29: ='10U BOYS & COED PT-7 CUSTOM'!G14&"" -> B3-SAN CLEMENTE RED | H29: ='10U BOYS & COED PT-7 CUSTOM'!H14&"" -> 14 | I29: ='10U BOYS & COED PT-7 CUSTOM'!I14&"" -> B bracket B2,B3 Boys 1st-4th | J29: ='10U BOYS & COED PT-7 CUSTOM'!J14&"" -> 10U_BOYS_&_COED_PLATINUM | K29: =TEXT(DATE(2026, MONTH(A29), DAY(A29)) + TIME(HOUR(B29), MINUTE(B29), 0), "yyyymmddhhmm") -> 202603071210
A30: ='10U BOYS & COED PT-7 CUSTOM'!A16 -> 46088 | B30: ='10U BOYS & COED PT-7 CUSTOM'!B16 -> 0.61111111 | C30: ='10U BOYS & COED PT-7 CUSTOM'!C16&"" -> WOOLLETT FAR LEFT | D30: ='10U BOYS & COED PT-7 CUSTOM'!D16&"" -> 10BCpt05 | E30: ='10U BOYS & COED PT-7 CUSTOM'!E16&"" -> A1-NORTH IRVINE BLACK | F30: ='10U BOYS & COED PT-7 CUSTOM'!F16&"" -> 16 | G30: ='10U BOYS & COED PT-7 CUSTOM'!G16&"" -> A2-SAN DIEGO DONS BLACK | H30: ='10U BOYS & COED PT-7 CUSTOM'!H16&"" -> 5 | I30: ='10U BOYS & COED PT-7 CUSTOM'!I16&"" -> A bracket A1,A2 Cpt 1st-3rd | J30: ='10U BOYS & COED PT-7 CUSTOM'!J16&"" -> 10U_BOYS_&_COED_PLATINUM | K30: =TEXT(DATE(2026, MONTH(A30), DAY(A30)) + TIME(HOUR(B30), MINUTE(B30), 0), "yyyymmddhhmm") -> 202603071440
A31: ='10U BOYS & COED PT-7 CUSTOM'!A17 -> 46088 | B31: ='10U BOYS & COED PT-7 CUSTOM'!B17 -> 0.61111111 | C31: ='10U BOYS & COED PT-7 CUSTOM'!C17&"" -> EL TORO HS 2 | D31: ='10U BOYS & COED PT-7 CUSTOM'!D17&"" -> 10BCpt06 | E31: ='10U BOYS & COED PT-7 CUSTOM'!E17&"" -> B1-ORWP A | F31: ='10U BOYS & COED PT-7 CUSTOM'!F17&"" -> 9 | G31: ='10U BOYS & COED PT-7 CUSTOM'!G17&"" -> B3-SAN CLEMENTE RED | H31: ='10U BOYS & COED PT-7 CUSTOM'!H17&"" -> 8 | I31: ='10U BOYS & COED PT-7 CUSTOM'!I17&"" -> B bracket B1,B3 Boys 1st-4th | J31: ='10U BOYS & COED PT-7 CUSTOM'!J17&"" -> 10U_BOYS_&_COED_PLATINUM | K31: =TEXT(DATE(2026, MONTH(A31), DAY(A31)) + TIME(HOUR(B31), MINUTE(B31), 0), "yyyymmddhhmm") -> 202603071440
A32: ='10U BOYS & COED PT-7 CUSTOM'!A18 -> 46088 | B32: ='10U BOYS & COED PT-7 CUSTOM'!B18 -> 0.64583333 | C32: ='10U BOYS & COED PT-7 CUSTOM'!C18&"" -> EL TORO HS 2 | D32: ='10U BOYS & COED PT-7 CUSTOM'!D18&"" -> 10BCpt07 | E32: ='10U BOYS & COED PT-7 CUSTOM'!E18&"" -> B2-CDM BLUE | F32: ='10U BOYS & COED PT-7 CUSTOM'!F18&"" -> 13 | G32: ='10U BOYS & COED PT-7 CUSTOM'!G18&"" -> B4-NEWPORT BEACH WHITE | H32: ='10U BOYS & COED PT-7 CUSTOM'!H18&"" -> 10 | I32: ='10U BOYS & COED PT-7 CUSTOM'!I18&"" -> B bracket B2,B4 Boys 1st-4th | J32: ='10U BOYS & COED PT-7 CUSTOM'!J18&"" -> 10U_BOYS_&_COED_PLATINUM | K32: =TEXT(DATE(2026, MONTH(A32), DAY(A32)) + TIME(HOUR(B32), MINUTE(B32), 0), "yyyymmddhhmm") -> 202603071530
A33: ='10U BOYS & COED PT-7 CUSTOM'!A22 -> 46089 | B33: ='10U BOYS & COED PT-7 CUSTOM'!B22 -> 0.33333333 | C33: ='10U BOYS & COED PT-7 CUSTOM'!C22&"" -> WOOLLETT FAR LEFT | D33: ='10U BOYS & COED PT-7 CUSTOM'!D22&"" -> 10BCpt08 | E33: ='10U BOYS & COED PT-7 CUSTOM'!E22&"" -> B3-SAN CLEMENTE RED | F33: ='10U BOYS & COED PT-7 CUSTOM'!F22&"" -> 17 | G33: ='10U BOYS & COED PT-7 CUSTOM'!G22&"" -> B4-NEWPORT BEACH WHITE | H33: ='10U BOYS & COED PT-7 CUSTOM'!H22&"" -> 4 | I33: ='10U BOYS & COED PT-7 CUSTOM'!I22&"" -> B bracket B3,B4 Boys 1st-4th | J33: ='10U BOYS & COED PT-7 CUSTOM'!J22&"" -> 10U_BOYS_&_COED_PLATINUM | K33: =TEXT(DATE(2026, MONTH(A33), DAY(A33)) + TIME(HOUR(B33), MINUTE(B33), 0), "yyyymmddhhmm") -> 202603080800
A34: ='10U BOYS & COED PT-7 CUSTOM'!A23 -> 46089 | B34: ='10U BOYS & COED PT-7 CUSTOM'!B23 -> 0.36805556 | C34: ='10U BOYS & COED PT-7 CUSTOM'!C23&"" -> WOOLLETT FAR LEFT | D34: ='10U BOYS & COED PT-7 CUSTOM'!D23&"" -> 10BCpt09 | E34: ='10U BOYS & COED PT-7 CUSTOM'!E23&"" -> B1-ORWP A | F34: ='10U BOYS & COED PT-7 CUSTOM'!F23&"" -> 8 | G34: ='10U BOYS & COED PT-7 CUSTOM'!G23&"" -> B2-CDM BLUE | H34: ='10U BOYS & COED PT-7 CUSTOM'!H23&"" -> 7 | I34: ='10U BOYS & COED PT-7 CUSTOM'!I23&"" -> B bracket B1,B2 Boys 1st-4th | J34: ='10U BOYS & COED PT-7 CUSTOM'!J23&"" -> 10U_BOYS_&_COED_PLATINUM | K34: =TEXT(DATE(2026, MONTH(A34), DAY(A34)) + TIME(HOUR(B34), MINUTE(B34), 0), "yyyymmddhhmm") -> 202603080850
A35: ='10U BOYS & COED PT-7 CUSTOM'!A25 -> 46089 | B35: ='10U BOYS & COED PT-7 CUSTOM'!B25 -> 0.4375 | C35: ='10U BOYS & COED PT-7 CUSTOM'!C25&"" -> WOOLLETT FAR LEFT | D35: ='10U BOYS & COED PT-7 CUSTOM'!D25&"" -> 10BCpt10 | E35: ='10U BOYS & COED PT-7 CUSTOM'!E25&"" -> 3rdA-VIKING | F35: ='10U BOYS & COED PT-7 CUSTOM'!F25&"" -> 4 | G35: ='10U BOYS & COED PT-7 CUSTOM'!G25&"" -> 4thB-NEWPORT BEACH WHITE | H35: ='10U BOYS & COED PT-7 CUSTOM'!H25&"" -> 9 | I35: ='10U BOYS & COED PT-7 CUSTOM'!I25&"" -> cross | J35: ='10U BOYS & COED PT-7 CUSTOM'!J25&"" -> 10U_BOYS_&_COED_PLATINUM | K35: =TEXT(DATE(2026, MONTH(A35), DAY(A35)) + TIME(HOUR(B35), MINUTE(B35), 0), "yyyymmddhhmm") -> 202603081030
A36: ='10U BOYS & COED PT-7 CUSTOM'!A26 -> 46089 | B36: ='10U BOYS & COED PT-7 CUSTOM'!B26 -> 0.47222222 | C36: ='10U BOYS & COED PT-7 CUSTOM'!C26&"" -> WOOLLETT FAR LEFT | D36: ='10U BOYS & COED PT-7 CUSTOM'!D26&"" -> 10BCpt11 | E36: ='10U BOYS & COED PT-7 CUSTOM'!E26&"" -> 1stA-NORTH IRVINE BLACK | F36: ='10U BOYS & COED PT-7 CUSTOM'!F26&"" -> 12 | G36: ='10U BOYS & COED PT-7 CUSTOM'!G26&"" -> 2ndB-SAN CLEMENTE RED | H36: ='10U BOYS & COED PT-7 CUSTOM'!H26&"" -> 9 | I36: ='10U BOYS & COED PT-7 CUSTOM'!I26&"" -> cross | J36: ='10U BOYS & COED PT-7 CUSTOM'!J26&"" -> 10U_BOYS_&_COED_PLATINUM | K36: =TEXT(DATE(2026, MONTH(A36), DAY(A36)) + TIME(HOUR(B36), MINUTE(B36), 0), "yyyymmddhhmm") -> 202603081120
A37: ='10U BOYS & COED PT-7 CUSTOM'!A27 -> 46089 | B37: ='10U BOYS & COED PT-7 CUSTOM'!B27 -> 0.50694444 | C37: ='10U BOYS & COED PT-7 CUSTOM'!C27&"" -> WOOLLETT FAR LEFT | D37: ='10U BOYS & COED PT-7 CUSTOM'!D27&"" -> 10BCpt12 | E37: ='10U BOYS & COED PT-7 CUSTOM'!E27&"" -> 1stB-ORWP A | F37: ='10U BOYS & COED PT-7 CUSTOM'!F27&"" -> 10 | G37: ='10U BOYS & COED PT-7 CUSTOM'!G27&"" -> 2ndA-SAN DIEGO DONS BLACK | H37: ='10U BOYS & COED PT-7 CUSTOM'!H27&"" -> 6 | I37: ='10U BOYS & COED PT-7 CUSTOM'!I27&"" -> cross | J37: ='10U BOYS & COED PT-7 CUSTOM'!J27&"" -> 10U_BOYS_&_COED_PLATINUM | K37: =TEXT(DATE(2026, MONTH(A37), DAY(A37)) + TIME(HOUR(B37), MINUTE(B37), 0), "yyyymmddhhmm") -> 202603081210
A38: ='10U BOYS & COED PT-7 CUSTOM'!A28 -> 46089 | B38: ='10U BOYS & COED PT-7 CUSTOM'!B28 -> 0.54166667 | C38: ='10U BOYS & COED PT-7 CUSTOM'!C28&"" -> WOOLLETT FAR LEFT | D38: ='10U BOYS & COED PT-7 CUSTOM'!D28&"" -> 10BCpt13 | E38: ='10U BOYS & COED PT-7 CUSTOM'!E28&"" -> 3rdA-VIKING | F38: ='10U BOYS & COED PT-7 CUSTOM'!F28&"" -> 2 | G38: ='10U BOYS & COED PT-7 CUSTOM'!G28&"" -> 3rdB-CDM BLUE | H38: ='10U BOYS & COED PT-7 CUSTOM'!H28&"" -> 7 | I38: ='10U BOYS & COED PT-7 CUSTOM'!I28&"" -> cross | J38: ='10U BOYS & COED PT-7 CUSTOM'!J28&"" -> 10U_BOYS_&_COED_PLATINUM | K38: =TEXT(DATE(2026, MONTH(A38), DAY(A38)) + TIME(HOUR(B38), MINUTE(B38), 0), "yyyymmddhhmm") -> 202603081300
A39: ='10U BOYS & COED PT-7 CUSTOM'!A29 -> 46089 | B39: ='10U BOYS & COED PT-7 CUSTOM'!B29 -> 0.57638889 | C39: ='10U BOYS & COED PT-7 CUSTOM'!C29&"" -> WOOLLETT FAR LEFT | D39: ='10U BOYS & COED PT-7 CUSTOM'!D29&"" -> 10BCpt14 | E39: ='10U BOYS & COED PT-7 CUSTOM'!E29&"" -> 1stA-NORTH IRVINE BLACK | F39: ='10U BOYS & COED PT-7 CUSTOM'!F29&"" -> 14 | G39: ='10U BOYS & COED PT-7 CUSTOM'!G29&"" -> 1stB-ORWP A | H39: ='10U BOYS & COED PT-7 CUSTOM'!H29&"" -> 1 | I39: ='10U BOYS & COED PT-7 CUSTOM'!I29&"" -> cross | J39: ='10U BOYS & COED PT-7 CUSTOM'!J29&"" -> 10U_BOYS_&_COED_PLATINUM | K39: =TEXT(DATE(2026, MONTH(A39), DAY(A39)) + TIME(HOUR(B39), MINUTE(B39), 0), "yyyymmddhhmm") -> 202603081350
A40: ='10U BOYS & COED PT-7 CUSTOM'!A30 -> 46089 | B40: ='10U BOYS & COED PT-7 CUSTOM'!B30 -> 0.61111111 | C40: ='10U BOYS & COED PT-7 CUSTOM'!C30&"" -> WOOLLETT FAR LEFT | D40: ='10U BOYS & COED PT-7 CUSTOM'!D30&"" -> 10BCpt15 | E40: ='10U BOYS & COED PT-7 CUSTOM'!E30&"" -> 2ndA-SAN DIEGO DONS BLACK | F40: ='10U BOYS & COED PT-7 CUSTOM'!F30&"" -> 9 | G40: ='10U BOYS & COED PT-7 CUSTOM'!G30&"" -> 2ndB-SAN CLEMENTE RED | H40: ='10U BOYS & COED PT-7 CUSTOM'!H30&"" -> 14 | I40: ='10U BOYS & COED PT-7 CUSTOM'!I30&"" -> cross | J40: ='10U BOYS & COED PT-7 CUSTOM'!J30&"" -> 10U_BOYS_&_COED_PLATINUM | K40: =TEXT(DATE(2026, MONTH(A40), DAY(A40)) + TIME(HOUR(B40), MINUTE(B40), 0), "yyyymmddhhmm") -> 202603081440
A41: ='12U BOYS-16 TEAMS'!A21 -> 46088 | B41: ='12U BOYS-16 TEAMS'!B21 -> 0.32638889 | C41: ='12U BOYS-16 TEAMS'!C21&"" -> COSTA MESA HS 2 | D41: ='12U BOYS-16 TEAMS'!D21&"" -> 12B01 | E41: ='12U BOYS-16 TEAMS'!E21&"" -> A1-LA PREMIER | F41: ='12U BOYS-16 TEAMS'!F21&"" -> 6 | G41: ='12U BOYS-16 TEAMS'!G21&"" -> A3-CMAC | H41: ='12U BOYS-16 TEAMS'!H21&"" -> 9 | I41: ='12U BOYS-16 TEAMS'!I21&"" -> A bracket A1,A3 platinum 1st-3rd | J41: ='12U BOYS-16 TEAMS'!J21&"" -> 12U_BOYS | K41: =TEXT(DATE(2026, MONTH(A41), DAY(A41)) + TIME(HOUR(B41), MINUTE(B41), 0), "yyyymmddhhmm") -> 202603070750
A42: ='12U BOYS-16 TEAMS'!A22 -> 46088 | B42: ='12U BOYS-16 TEAMS'!B22 -> 0.36111111 | C42: ='12U BOYS-16 TEAMS'!C22&"" -> COSTA MESA HS 2 | D42: ='12U BOYS-16 TEAMS'!D22&"" -> 12B02 | E42: ='12U BOYS-16 TEAMS'!E22&"" -> B1-TROJAN | F42: ='12U BOYS-16 TEAMS'!F22&"" -> 12 | G42: ='12U BOYS-16 TEAMS'!G22&"" -> B3-LAGUNA BEACH | H42: ='12U BOYS-16 TEAMS'!H22&"" -> 6 | I42: ='12U BOYS-16 TEAMS'!I22&"" -> B bracket B1,B3 | J42: ='12U BOYS-16 TEAMS'!J22&"" -> 12U_BOYS | K42: =TEXT(DATE(2026, MONTH(A42), DAY(A42)) + TIME(HOUR(B42), MINUTE(B42), 0), "yyyymmddhhmm") -> 202603070840
A43: ='12U BOYS-16 TEAMS'!A23 -> 46088 | B43: ='12U BOYS-16 TEAMS'!B23 -> 0.39583333 | C43: ='12U BOYS-16 TEAMS'!C23&"" -> COSTA MESA HS 2 | D43: ='12U BOYS-16 TEAMS'!D23&"" -> 12B03 | E43: ='12U BOYS-16 TEAMS'!E23&"" -> E1-CDM | F43: ='12U BOYS-16 TEAMS'!F23&"" -> 7 | G43: ='12U BOYS-16 TEAMS'!G23&"" -> E3-ORANGE COUNTY WPC B | H43: ='12U BOYS-16 TEAMS'!H23&"" -> 11 | I43: ='12U BOYS-16 TEAMS'!I23&"" -> E bracket E1,E3 silver 1st-3rd | J43: ='12U BOYS-16 TEAMS'!J23&"" -> 12U_BOYS | K43: =TEXT(DATE(2026, MONTH(A43), DAY(A43)) + TIME(HOUR(B43), MINUTE(B43), 0), "yyyymmddhhmm") -> 202603070930
A44: ='12U BOYS-16 TEAMS'!A24 -> 46088 | B44: ='12U BOYS-16 TEAMS'!B24 -> 0.43055556 | C44: ='12U BOYS-16 TEAMS'!C24&"" -> COSTA MESA HS 2 | D44: ='12U BOYS-16 TEAMS'!D24&"" -> 12B04 | E44: ='12U BOYS-16 TEAMS'!E24&"" -> A2-ORANGE COUNTY WPC A | F44: ='12U BOYS-16 TEAMS'!F24&"" -> 12 | G44: ='12U BOYS-16 TEAMS'!G24&"" -> A3-CMAC | H44: ='12U BOYS-16 TEAMS'!H24&"" -> 5 | I44: ='12U BOYS-16 TEAMS'!I24&"" -> A bracket A2,A3 platinum 1st-3rd | J44: ='12U BOYS-16 TEAMS'!J24&"" -> 12U_BOYS | K44: =TEXT(DATE(2026, MONTH(A44), DAY(A44)) + TIME(HOUR(B44), MINUTE(B44), 0), "yyyymmddhhmm") -> 202603071020
A45: ='12U BOYS-16 TEAMS'!A25 -> 46088 | B45: ='12U BOYS-16 TEAMS'!B25 -> 0.46527778 | C45: ='12U BOYS-16 TEAMS'!C25&"" -> COSTA MESA HS 2 | D45: ='12U BOYS-16 TEAMS'!D25&"" -> 12B05 | E45: ='12U BOYS-16 TEAMS'!E25&"" -> B2-ROUTE 66 | F45: ='12U BOYS-16 TEAMS'!F25&"" -> 12 | G45: ='12U BOYS-16 TEAMS'!G25&"" -> B3-LAGUNA BEACH | H45: ='12U BOYS-16 TEAMS'!H25&"" -> 5 | I45: ='12U BOYS-16 TEAMS'!I25&"" -> B bracket B2,B3 | J45: ='12U BOYS-16 TEAMS'!J25&"" -> 12U_BOYS | K45: =TEXT(DATE(2026, MONTH(A45), DAY(A45)) + TIME(HOUR(B45), MINUTE(B45), 0), "yyyymmddhhmm") -> 202603071110
A46: ='12U BOYS-16 TEAMS'!A26 -> 46088 | B46: ='12U BOYS-16 TEAMS'!B26 -> 0.5 | C46: ='12U BOYS-16 TEAMS'!C26&"" -> COSTA MESA HS 2 | D46: ='12U BOYS-16 TEAMS'!D26&"" -> 12B06 | E46: ='12U BOYS-16 TEAMS'!E26&"" -> E2-ORWP B | F46: ='12U BOYS-16 TEAMS'!F26&"" -> 9.1 | G46: ='12U BOYS-16 TEAMS'!G26&"" -> E3-ORANGE COUNTY WPC B | H46: ='12U BOYS-16 TEAMS'!H26&"" -> 9.2 | I46: ='12U BOYS-16 TEAMS'!I26&"" -> E bracket E2,E3 silver 1st-3rd | J46: ='12U BOYS-16 TEAMS'!J26&"" -> 12U_BOYS | K46: =TEXT(DATE(2026, MONTH(A46), DAY(A46)) + TIME(HOUR(B46), MINUTE(B46), 0), "yyyymmddhhmm") -> 202603071200
A47: ='12U BOYS-16 TEAMS'!A27 -> 46088 | B47: ='12U BOYS-16 TEAMS'!B27 -> 0.53472222 | C47: ='12U BOYS-16 TEAMS'!C27&"" -> COSTA MESA HS 2 | D47: ='12U BOYS-16 TEAMS'!D27&"" -> 12B07 | E47: ='12U BOYS-16 TEAMS'!E27&"" -> A1-LA PREMIER | F47: ='12U BOYS-16 TEAMS'!F27&"" -> 4 | G47: ='12U BOYS-16 TEAMS'!G27&"" -> A2-ORANGE COUNTY WPC A | H47: ='12U BOYS-16 TEAMS'!H27&"" -> 8 | I47: ='12U BOYS-16 TEAMS'!I27&"" -> A bracket A1,A2 platinum 1st-3rd | J47: ='12U BOYS-16 TEAMS'!J27&"" -> 12U_BOYS | K47: =TEXT(DATE(2026, MONTH(A47), DAY(A47)) + TIME(HOUR(B47), MINUTE(B47), 0), "yyyymmddhhmm") -> 202603071250
A48: ='12U BOYS-16 TEAMS'!A28 -> 46088 | B48: ='12U BOYS-16 TEAMS'!B28 -> 0.56944444 | C48: ='12U BOYS-16 TEAMS'!C28&"" -> COSTA MESA HS 2 | D48: ='12U BOYS-16 TEAMS'!D28&"" -> 12B08 | E48: ='12U BOYS-16 TEAMS'!E28&"" -> B1-TROJAN | F48: ='12U BOYS-16 TEAMS'!F28&"" -> 5 | G48: ='12U BOYS-16 TEAMS'!G28&"" -> B2-ROUTE 66 | H48: ='12U BOYS-16 TEAMS'!H28&"" -> 8 | I48: ='12U BOYS-16 TEAMS'!I28&"" -> B bracket B1,B2 | J48: ='12U BOYS-16 TEAMS'!J28&"" -> 12U_BOYS | K48: =TEXT(DATE(2026, MONTH(A48), DAY(A48)) + TIME(HOUR(B48), MINUTE(B48), 0), "yyyymmddhhmm") -> 202603071340
A49: ='12U BOYS-16 TEAMS'!A29 -> 46088 | B49: ='12U BOYS-16 TEAMS'!B29 -> 0.60416667 | C49: ='12U BOYS-16 TEAMS'!C29&"" -> COSTA MESA HS 2 | D49: ='12U BOYS-16 TEAMS'!D29&"" -> 12B09 | E49: ='12U BOYS-16 TEAMS'!E29&"" -> E1-CDM | F49: ='12U BOYS-16 TEAMS'!F29&"" -> 6 | G49: ='12U BOYS-16 TEAMS'!G29&"" -> E2-ORWP B | H49: ='12U BOYS-16 TEAMS'!H29&"" -> 11 | I49: ='12U BOYS-16 TEAMS'!I29&"" -> E bracket E1,E2 silver 1st-3rd | J49: ='12U BOYS-16 TEAMS'!J29&"" -> 12U_BOYS | K49: =TEXT(DATE(2026, MONTH(A49), DAY(A49)) + TIME(HOUR(B49), MINUTE(B49), 0), "yyyymmddhhmm") -> 202603071430
A50: ='12U BOYS-16 TEAMS'!A31 -> 46088 | B50: ='12U BOYS-16 TEAMS'!B31 -> 0.36111111 | C50: ='12U BOYS-16 TEAMS'!C31&"" -> WOOLLETT FAR RIGHT | D50: ='12U BOYS-16 TEAMS'!D31&"" -> 12B10 | E50: ='12U BOYS-16 TEAMS'!E31&"" -> C1-LAWPC | F50: ='12U BOYS-16 TEAMS'!F31&"" -> 8 | G50: ='12U BOYS-16 TEAMS'!G31&"" -> C3-NORTH IRVINE RED | H50: ='12U BOYS-16 TEAMS'!H31&"" -> 5 | I50: ='12U BOYS-16 TEAMS'!I31&"" -> C bracket C1,C3 | J50: ='12U BOYS-16 TEAMS'!J31&"" -> 12U_BOYS | K50: =TEXT(DATE(2026, MONTH(A50), DAY(A50)) + TIME(HOUR(B50), MINUTE(B50), 0), "yyyymmddhhmm") -> 202603070840
A51: ='12U BOYS-16 TEAMS'!A32 -> 46088 | B51: ='12U BOYS-16 TEAMS'!B32 -> 0.39583333 | C51: ='12U BOYS-16 TEAMS'!C32&"" -> WOOLLETT FAR RIGHT | D51: ='12U BOYS-16 TEAMS'!D32&"" -> 12B11 | E51: ='12U BOYS-16 TEAMS'!E32&"" -> D1-PEGASUS WPA BLUE | F51: ='12U BOYS-16 TEAMS'!F32&"" -> 11 | G51: ='12U BOYS-16 TEAMS'!G32&"" -> D4-NEWPORT BEACH 10 BLUE | H51: ='12U BOYS-16 TEAMS'!H32&"" -> 7 | I51: ='12U BOYS-16 TEAMS'!I32&"" -> W/L D1/D4 | J51: ='12U BOYS-16 TEAMS'!J32&"" -> 12U_BOYS | K51: =TEXT(DATE(2026, MONTH(A51), DAY(A51)) + TIME(HOUR(B51), MINUTE(B51), 0), "yyyymmddhhmm") -> 202603070930
A52: ='12U BOYS-16 TEAMS'!A33 -> 46088 | B52: ='12U BOYS-16 TEAMS'!B33 -> 0.43055556 | C52: ='12U BOYS-16 TEAMS'!C33&"" -> WOOLLETT FAR RIGHT | D52: ='12U BOYS-16 TEAMS'!D33&"" -> 12B12 | E52: ='12U BOYS-16 TEAMS'!E33&"" -> D2-VANGUARD SILVER | F52: ='12U BOYS-16 TEAMS'!F33&"" -> 8 | G52: ='12U BOYS-16 TEAMS'!G33&"" -> D3-SAN DIEGO DONS 10 RED | H52: ='12U BOYS-16 TEAMS'!H33&"" -> 10 | I52: ='12U BOYS-16 TEAMS'!I33&"" -> W/L D2/D3 | J52: ='12U BOYS-16 TEAMS'!J33&"" -> 12U_BOYS | K52: =TEXT(DATE(2026, MONTH(A52), DAY(A52)) + TIME(HOUR(B52), MINUTE(B52), 0), "yyyymmddhhmm") -> 202603071020
A53: ='12U BOYS-16 TEAMS'!A34 -> 46088 | B53: ='12U BOYS-16 TEAMS'!B34 -> 0.46527778 | C53: ='12U BOYS-16 TEAMS'!C34&"" -> WOOLLETT FAR RIGHT | D53: ='12U BOYS-16 TEAMS'!D34&"" -> 12B13 | E53: ='12U BOYS-16 TEAMS'!E34&"" -> C2-MISSION B | F53: ='12U BOYS-16 TEAMS'!F34&"" -> 16 | G53: ='12U BOYS-16 TEAMS'!G34&"" -> C3-NORTH IRVINE RED | H53: ='12U BOYS-16 TEAMS'!H34&"" -> 2 | I53: ='12U BOYS-16 TEAMS'!I34&"" -> C bracket C2,C3 | J53: ='12U BOYS-16 TEAMS'!J34&"" -> 12U_BOYS | K53: =TEXT(DATE(2026, MONTH(A53), DAY(A53)) + TIME(HOUR(B53), MINUTE(B53), 0), "yyyymmddhhmm") -> 202603071110
A54: ='12U BOYS-16 TEAMS'!A35 -> 46088 | B54: ='12U BOYS-16 TEAMS'!B35 -> 0.5 | C54: ='12U BOYS-16 TEAMS'!C35&"" -> WOOLLETT FAR RIGHT | D54: ='12U BOYS-16 TEAMS'!D35&"" -> 12B14 | E54: ='12U BOYS-16 TEAMS'!E35&"" -> L#D1/D4-NEWPORT BEACH 10 BLUE | F54: ='12U BOYS-16 TEAMS'!F35&"" -> 7 | G54: ='12U BOYS-16 TEAMS'!G35&"" -> L#D2/D3-VANGUARD SILVER | H54: ='12U BOYS-16 TEAMS'!H35&"" -> 4 | I54: ='12U BOYS-16 TEAMS'!I35&"" -> 3rd/4thD | J54: ='12U BOYS-16 TEAMS'!J35&"" -> 12U_BOYS | K54: =TEXT(DATE(2026, MONTH(A54), DAY(A54)) + TIME(HOUR(B54), MINUTE(B54), 0), "yyyymmddhhmm") -> 202603071200
A55: ='12U BOYS-16 TEAMS'!A36 -> 46088 | B55: ='12U BOYS-16 TEAMS'!B36 -> 0.53472222 | C55: ='12U BOYS-16 TEAMS'!C36&"" -> WOOLLETT FAR RIGHT | D55: ='12U BOYS-16 TEAMS'!D36&"" -> 12B15 | E55: ='12U BOYS-16 TEAMS'!E36&"" -> W#D1/D4-PEGASUS WPA BLUE | F55: ='12U BOYS-16 TEAMS'!F36&"" -> 14 | G55: ='12U BOYS-16 TEAMS'!G36&"" -> W#D2/D3-SAN DIEGO DONS 10 RED | H55: ='12U BOYS-16 TEAMS'!H36&"" -> 10 | I55: ='12U BOYS-16 TEAMS'!I36&"" -> 1st/2ndD | J55: ='12U BOYS-16 TEAMS'!J36&"" -> 12U_BOYS | K55: =TEXT(DATE(2026, MONTH(A55), DAY(A55)) + TIME(HOUR(B55), MINUTE(B55), 0), "yyyymmddhhmm") -> 202603071250
A56: ='12U BOYS-16 TEAMS'!A37 -> 46088 | B56: ='12U BOYS-16 TEAMS'!B37 -> 0.56944444 | C56: ='12U BOYS-16 TEAMS'!C37&"" -> WOOLLETT FAR RIGHT | D56: ='12U BOYS-16 TEAMS'!D37&"" -> 12B16 | E56: ='12U BOYS-16 TEAMS'!E37&"" -> C1-LAWPC | F56: ='12U BOYS-16 TEAMS'!F37&"" -> 9 | G56: ='12U BOYS-16 TEAMS'!G37&"" -> C2-MISSION B | H56: ='12U BOYS-16 TEAMS'!H37&"" -> 14 | I56: ='12U BOYS-16 TEAMS'!I37&"" -> C bracket C1,C2 | J56: ='12U BOYS-16 TEAMS'!J37&"" -> 12U_BOYS | K56: =TEXT(DATE(2026, MONTH(A56), DAY(A56)) + TIME(HOUR(B56), MINUTE(B56), 0), "yyyymmddhhmm") -> 202603071340
A57: ='12U BOYS-16 TEAMS'!A40 -> 46089 | B57: ='12U BOYS-16 TEAMS'!B40 -> 0.36111111 | C57: ='12U BOYS-16 TEAMS'!C40&"" -> WOOLLETT FAR RIGHT | D57: ='12U BOYS-16 TEAMS'!D40&"" -> 12B17 | E57: ='12U BOYS-16 TEAMS'!E40&"" -> G1(2ndB)-TROJAN | F57: ='12U BOYS-16 TEAMS'!F40&"" -> 5 | G57: ='12U BOYS-16 TEAMS'!G40&"" -> G3(2ndD)-SAN DIEGO DONS 10 RED | H57: ='12U BOYS-16 TEAMS'!H40&"" -> 12 | I57: ='12U BOYS-16 TEAMS'!I40&"" -> G bracket G1,G3 gold 4th-6th | J57: ='12U BOYS-16 TEAMS'!J40&"" -> 12U_BOYS | K57: =TEXT(DATE(2026, MONTH(A57), DAY(A57)) + TIME(HOUR(B57), MINUTE(B57), 0), "yyyymmddhhmm") -> 202603080840
A58: ='12U BOYS-16 TEAMS'!A41 -> 46089 | B58: ='12U BOYS-16 TEAMS'!B41 -> 0.39583333 | C58: ='12U BOYS-16 TEAMS'!C41&"" -> WOOLLETT FAR RIGHT | D58: ='12U BOYS-16 TEAMS'!D41&"" -> 12B18 | E58: ='12U BOYS-16 TEAMS'!E41&"" -> F1(1stB)-ROUTE 66 | F58: ='12U BOYS-16 TEAMS'!F41&"" -> 8 | G58: ='12U BOYS-16 TEAMS'!G41&"" -> F3(1stD)-PEGASUS WPA BLUE | H58: ='12U BOYS-16 TEAMS'!H41&"" -> 11 | I58: ='12U BOYS-16 TEAMS'!I41&"" -> F bracket F1,F3 gold 1st-3rd | J58: ='12U BOYS-16 TEAMS'!J41&"" -> 12U_BOYS | K58: =TEXT(DATE(2026, MONTH(A58), DAY(A58)) + TIME(HOUR(B58), MINUTE(B58), 0), "yyyymmddhhmm") -> 202603080930
A59: ='12U BOYS-16 TEAMS'!A43 -> 46089 | B59: ='12U BOYS-16 TEAMS'!B43 -> 0.46527778 | C59: ='12U BOYS-16 TEAMS'!C43&"" -> WOOLLETT FAR RIGHT | D59: ='12U BOYS-16 TEAMS'!D43&"" -> 12B21 | E59: ='12U BOYS-16 TEAMS'!E43&"" -> G2(2ndC)-LAWPC | F59: ='12U BOYS-16 TEAMS'!F43&"" -> 9 | G59: ='12U BOYS-16 TEAMS'!G43&"" -> G3(2ndD)-SAN DIEGO DONS 10 RED | H59: ='12U BOYS-16 TEAMS'!H43&"" -> 10 | I59: ='12U BOYS-16 TEAMS'!I43&"" -> G bracket G2,G3 gold 4th-6th | J59: ='12U BOYS-16 TEAMS'!J43&"" -> 12U_BOYS | K59: =TEXT(DATE(2026, MONTH(A59), DAY(A59)) + TIME(HOUR(B59), MINUTE(B59), 0), "yyyymmddhhmm") -> 202603081110
A60: ='12U BOYS-16 TEAMS'!A44 -> 46089 | B60: ='12U BOYS-16 TEAMS'!B44 -> 0.5 | C60: ='12U BOYS-16 TEAMS'!C44&"" -> WOOLLETT FAR RIGHT | D60: ='12U BOYS-16 TEAMS'!D44&"" -> 12B22 | E60: ='12U BOYS-16 TEAMS'!E44&"" -> F2(1stC)-MISSION B | F60: ='12U BOYS-16 TEAMS'!F44&"" -> 11 | G60: ='12U BOYS-16 TEAMS'!G44&"" -> F3(1stD)-PEGASUS WPA BLUE | H60: ='12U BOYS-16 TEAMS'!H44&"" -> 6 | I60: ='12U BOYS-16 TEAMS'!I44&"" -> F bracket F2,F3 gold 1st-3rd | J60: ='12U BOYS-16 TEAMS'!J44&"" -> 12U_BOYS | K60: =TEXT(DATE(2026, MONTH(A60), DAY(A60)) + TIME(HOUR(B60), MINUTE(B60), 0), "yyyymmddhhmm") -> 202603081200
A61: ='12U BOYS-16 TEAMS'!A46 -> 46089 | B61: ='12U BOYS-16 TEAMS'!B46 -> 0.56944444 | C61: ='12U BOYS-16 TEAMS'!C46&"" -> WOOLLETT FAR RIGHT | D61: ='12U BOYS-16 TEAMS'!D46&"" -> 12B25 | E61: ='12U BOYS-16 TEAMS'!E46&"" -> G1(2ndB)-TROJAN | F61: ='12U BOYS-16 TEAMS'!F46&"" -> 9 | G61: ='12U BOYS-16 TEAMS'!G46&"" -> G2(2ndC)-LAWPC | H61: ='12U BOYS-16 TEAMS'!H46&"" -> 14 | I61: ='12U BOYS-16 TEAMS'!I46&"" -> G bracket G1,G2 gold 4th-6th | J61: ='12U BOYS-16 TEAMS'!J46&"" -> 12U_BOYS | K61: =TEXT(DATE(2026, MONTH(A61), DAY(A61)) + TIME(HOUR(B61), MINUTE(B61), 0), "yyyymmddhhmm") -> 202603081340
A62: ='12U BOYS-16 TEAMS'!A47 -> 46089 | B62: ='12U BOYS-16 TEAMS'!B47 -> 0.60416667 | C62: ='12U BOYS-16 TEAMS'!C47&"" -> WOOLLETT FAR RIGHT | D62: ='12U BOYS-16 TEAMS'!D47&"" -> 12B26 | E62: ='12U BOYS-16 TEAMS'!E47&"" -> F1(1stB)-ROUTE 66 | F62: ='12U BOYS-16 TEAMS'!F47&"" -> 5 | G62: ='12U BOYS-16 TEAMS'!G47&"" -> F2(1stC)-MISSION B | H62: ='12U BOYS-16 TEAMS'!H47&"" -> 14 | I62: ='12U BOYS-16 TEAMS'!I47&"" -> F bracket F1,F2 gold 1st-3rd | J62: ='12U BOYS-16 TEAMS'!J47&"" -> 12U_BOYS | K62: =TEXT(DATE(2026, MONTH(A62), DAY(A62)) + TIME(HOUR(B62), MINUTE(B62), 0), "yyyymmddhhmm") -> 202603081430
A63: ='12U BOYS-16 TEAMS'!A49 -> 46089 | B63: ='12U BOYS-16 TEAMS'!B49 -> 0.32638889 | C63: ='12U BOYS-16 TEAMS'!C49&"" -> COSTA MESA HS 2 | D63: ='12U BOYS-16 TEAMS'!D49&"" -> 12B19 | E63: ='12U BOYS-16 TEAMS'!E49&"" -> 2ndA-CMAC | F63: ='12U BOYS-16 TEAMS'!F49&"" -> 8 | G63: ='12U BOYS-16 TEAMS'!G49&"" -> 3rdD-NEWPORT BEACH 10 BLUE | H63: ='12U BOYS-16 TEAMS'!H49&"" -> 6 | I63: ='12U BOYS-16 TEAMS'!I49&"" -> cross | J63: ='12U BOYS-16 TEAMS'!J49&"" -> 12U_BOYS | K63: =TEXT(DATE(2026, MONTH(A63), DAY(A63)) + TIME(HOUR(B63), MINUTE(B63), 0), "yyyymmddhhmm") -> 202603080750
A64: ='12U BOYS-16 TEAMS'!A50 -> 46089 | B64: ='12U BOYS-16 TEAMS'!B50 -> 0.36111111 | C64: ='12U BOYS-16 TEAMS'!C50&"" -> COSTA MESA HS 2 | D64: ='12U BOYS-16 TEAMS'!D50&"" -> 12B20 | E64: ='12U BOYS-16 TEAMS'!E50&"" -> 2ndE-ORWP B | F64: ='12U BOYS-16 TEAMS'!F50&"" -> 6 | G64: ='12U BOYS-16 TEAMS'!G50&"" -> 4thD-VANGUARD SILVER | H64: ='12U BOYS-16 TEAMS'!H50&"" -> 16 | I64: ='12U BOYS-16 TEAMS'!I50&"" -> cross | J64: ='12U BOYS-16 TEAMS'!J50&"" -> 12U_BOYS | K64: =TEXT(DATE(2026, MONTH(A64), DAY(A64)) + TIME(HOUR(B64), MINUTE(B64), 0), "yyyymmddhhmm") -> 202603080840
A65: ='12U BOYS-16 TEAMS'!A51 -> 46089 | B65: ='12U BOYS-16 TEAMS'!B51 -> 0.39583333 | C65: ='12U BOYS-16 TEAMS'!C51&"" -> COSTA MESA HS 2 | D65: ='12U BOYS-16 TEAMS'!D51&"" -> 12B23 | E65: ='12U BOYS-16 TEAMS'!E51&"" -> 1stA-ORANGE COUNTY WPC A | F65: ='12U BOYS-16 TEAMS'!F51&"" -> 18 | G65: ='12U BOYS-16 TEAMS'!G51&"" -> 3rdB-LAGUNA BEACH | H65: ='12U BOYS-16 TEAMS'!H51&"" -> 2 | I65: ='12U BOYS-16 TEAMS'!I51&"" -> cross | J65: ='12U BOYS-16 TEAMS'!J51&"" -> 12U_BOYS | K65: =TEXT(DATE(2026, MONTH(A65), DAY(A65)) + TIME(HOUR(B65), MINUTE(B65), 0), "yyyymmddhhmm") -> 202603080930
A66: ='12U BOYS-16 TEAMS'!A52 -> 46089 | B66: ='12U BOYS-16 TEAMS'!B52 -> 0.43055556 | C66: ='12U BOYS-16 TEAMS'!C52&"" -> COSTA MESA HS 2 | D66: ='12U BOYS-16 TEAMS'!D52&"" -> 12B24 | E66: ='12U BOYS-16 TEAMS'!E52&"" -> 2ndA-CMAC | F66: ='12U BOYS-16 TEAMS'!F52&"" -> 16 | G66: ='12U BOYS-16 TEAMS'!G52&"" -> 1stE-ORANGE COUNTY WPC B | H66: ='12U BOYS-16 TEAMS'!H52&"" -> 6 | I66: ='12U BOYS-16 TEAMS'!I52&"" -> cross | J66: ='12U BOYS-16 TEAMS'!J52&"" -> 12U_BOYS | K66: =TEXT(DATE(2026, MONTH(A66), DAY(A66)) + TIME(HOUR(B66), MINUTE(B66), 0), "yyyymmddhhmm") -> 202603081020
A67: ='12U BOYS-16 TEAMS'!A53 -> 46089 | B67: ='12U BOYS-16 TEAMS'!B53 -> 0.46527778 | C67: ='12U BOYS-16 TEAMS'!C53&"" -> COSTA MESA HS 2 | D67: ='12U BOYS-16 TEAMS'!D53&"" -> 12B27 | E67: ='12U BOYS-16 TEAMS'!E53&"" -> 3rdE-CDM | F67: ='12U BOYS-16 TEAMS'!F53&"" -> 6 | G67: ='12U BOYS-16 TEAMS'!G53&"" -> 4thD-VANGUARD SILVER | H67: ='12U BOYS-16 TEAMS'!H53&"" -> 11 | I67: ='12U BOYS-16 TEAMS'!I53&"" -> cross | J67: ='12U BOYS-16 TEAMS'!J53&"" -> 12U_BOYS | K67: =TEXT(DATE(2026, MONTH(A67), DAY(A67)) + TIME(HOUR(B67), MINUTE(B67), 0), "yyyymmddhhmm") -> 202603081110
A68: ='12U BOYS-16 TEAMS'!A54 -> 46089 | B68: ='12U BOYS-16 TEAMS'!B54 -> 0.5 | C68: ='12U BOYS-16 TEAMS'!C54&"" -> COSTA MESA HS 2 | D68: ='12U BOYS-16 TEAMS'!D54&"" -> 12B28 | E68: ='12U BOYS-16 TEAMS'!E54&"" -> 1stA-ORANGE COUNTY WPC A | F68: ='12U BOYS-16 TEAMS'!F54&"" -> 19 | G68: ='12U BOYS-16 TEAMS'!G54&"" -> 3rdC-NORTH IRVINE RED | H68: ='12U BOYS-16 TEAMS'!H54&"" -> 2 | I68: ='12U BOYS-16 TEAMS'!I54&"" -> cross | J68: ='12U BOYS-16 TEAMS'!J54&"" -> 12U_BOYS | K68: =TEXT(DATE(2026, MONTH(A68), DAY(A68)) + TIME(HOUR(B68), MINUTE(B68), 0), "yyyymmddhhmm") -> 202603081200
A69: ='12U BOYS-16 TEAMS'!A55 -> 46089 | B69: ='12U BOYS-16 TEAMS'!B55 -> 0.53472222 | C69: ='12U BOYS-16 TEAMS'!C55&"" -> COSTA MESA HS 2 | D69: ='12U BOYS-16 TEAMS'!D55&"" -> 12B29 | E69: ='12U BOYS-16 TEAMS'!E55&"" -> 2ndE-ORWP B | F69: ='12U BOYS-16 TEAMS'!F55&"" -> 1 | G69: ='12U BOYS-16 TEAMS'!G55&"" -> 3rdD-NEWPORT BEACH 10 BLUE | H69: ='12U BOYS-16 TEAMS'!H55&"" -> 14 | I69: ='12U BOYS-16 TEAMS'!I55&"" -> cross | J69: ='12U BOYS-16 TEAMS'!J55&"" -> 12U_BOYS | K69: =TEXT(DATE(2026, MONTH(A69), DAY(A69)) + TIME(HOUR(B69), MINUTE(B69), 0), "yyyymmddhhmm") -> 202603081250
A70: ='12U BOYS-16 TEAMS'!A56 -> 46089 | B70: ='12U BOYS-16 TEAMS'!B56 -> 0.56944444 | C70: ='12U BOYS-16 TEAMS'!C56&"" -> COSTA MESA HS 2 | D70: ='12U BOYS-16 TEAMS'!D56&"" -> 12B30 | E70: ='12U BOYS-16 TEAMS'!E56&"" -> 3rdA-LA PREMIER | F70: ='12U BOYS-16 TEAMS'!F56&"" -> 24 | G70: ='12U BOYS-16 TEAMS'!G56&"" -> 1stE-ORANGE COUNTY WPC B | H70: ='12U BOYS-16 TEAMS'!H56&"" -> 0 | I70: ='12U BOYS-16 TEAMS'!I56&"" -> cross | J70: ='12U BOYS-16 TEAMS'!J56&"" -> 12U_BOYS | K70: =TEXT(DATE(2026, MONTH(A70), DAY(A70)) + TIME(HOUR(B70), MINUTE(B70), 0), "yyyymmddhhmm") -> 202603081340
A71: ='12U BOYS-16 TEAMS'!A57 -> 46089 | B71: ='12U BOYS-16 TEAMS'!B57 -> 0.60416667 | C71: ='12U BOYS-16 TEAMS'!C57&"" -> COSTA MESA HS 2 | D71: ='12U BOYS-16 TEAMS'!D57&"" -> 12B31 | E71: ='12U BOYS-16 TEAMS'!E57&"" -> 3rdB-LAGUNA BEACH | F71: ='12U BOYS-16 TEAMS'!F57&"" -> 0 | G71: ='12U BOYS-16 TEAMS'!G57&"" -> 3rdC-NORTH IRVINE RED | H71: ='12U BOYS-16 TEAMS'!H57&"" -> 8 | I71: ='12U BOYS-16 TEAMS'!I57&"" -> cross | J71: ='12U BOYS-16 TEAMS'!J57&"" -> 12U_BOYS | K71: =TEXT(DATE(2026, MONTH(A71), DAY(A71)) + TIME(HOUR(B71), MINUTE(B71), 0), "yyyymmddhhmm") -> 202603081430
A72: ='12U BOYS-16 TEAMS'!A58 -> 46089 | B72: ='12U BOYS-16 TEAMS'!B58 -> 0.63888889 | C72: ='12U BOYS-16 TEAMS'!C58&"" -> COSTA MESA HS 2 | D72: ='12U BOYS-16 TEAMS'!D58&"" -> 12B32 | E72: ='12U BOYS-16 TEAMS'!E58&"" -> 3rdA-LA PREMIER | F72: ='12U BOYS-16 TEAMS'!F58&"" -> 6 | G72: ='12U BOYS-16 TEAMS'!G58&"" -> 3rdE-CDM | H72: ='12U BOYS-16 TEAMS'!H58&"" -> 1 | I72: ='12U BOYS-16 TEAMS'!I58&"" -> cross | J72: ='12U BOYS-16 TEAMS'!J58&"" -> 12U_BOYS | K72: =TEXT(DATE(2026, MONTH(A72), DAY(A72)) + TIME(HOUR(B72), MINUTE(B72), 0), "yyyymmddhhmm") -> 202603081520
A73: ='12U COED GIRLS-9 TEAMS CUSTOM'!A14 -> 46088 | B73: ='12U COED GIRLS-9 TEAMS CUSTOM'!B14 -> 0.36111111 | C73: ='12U COED GIRLS-9 TEAMS CUSTOM'!C14&"" -> LAGUNA HILLS HS | D73: ='12U COED GIRLS-9 TEAMS CUSTOM'!D14&"" -> 12GC01 | E73: ='12U COED GIRLS-9 TEAMS CUSTOM'!E14&"" -> A1-HIELAND | F73: ='12U COED GIRLS-9 TEAMS CUSTOM'!F14&"" -> 2 | G73: ='12U COED GIRLS-9 TEAMS CUSTOM'!G14&"" -> A3-TRILOGY | H73: ='12U COED GIRLS-9 TEAMS CUSTOM'!H14&"" -> 7 | I73: ='12U COED GIRLS-9 TEAMS CUSTOM'!I14&"" -> A bracket A1,A3 | J73: ='12U COED GIRLS-9 TEAMS CUSTOM'!J14&"" -> 12U_COED_GIRLS | K73: =TEXT(DATE(2026, MONTH(A73), DAY(A73)) + TIME(HOUR(B73), MINUTE(B73), 0), "yyyymmddhhmm") -> 202603070840
A74: ='12U COED GIRLS-9 TEAMS CUSTOM'!A15 -> 46088 | B74: ='12U COED GIRLS-9 TEAMS CUSTOM'!B15 -> 0.39583333 | C74: ='12U COED GIRLS-9 TEAMS CUSTOM'!C15&"" -> LAGUNA HILLS HS | D74: ='12U COED GIRLS-9 TEAMS CUSTOM'!D15&"" -> 12GC02 | E74: ='12U COED GIRLS-9 TEAMS CUSTOM'!E15&"" -> B1-ARROYO GRANDE | F74: ='12U COED GIRLS-9 TEAMS CUSTOM'!F15&"" -> 4 | G74: ='12U COED GIRLS-9 TEAMS CUSTOM'!G15&"" -> B3-VIKING | H74: ='12U COED GIRLS-9 TEAMS CUSTOM'!H15&"" -> 8 | I74: ='12U COED GIRLS-9 TEAMS CUSTOM'!I15&"" -> B bracket B1,B3 | J74: ='12U COED GIRLS-9 TEAMS CUSTOM'!J15&"" -> 12U_COED_GIRLS | K74: =TEXT(DATE(2026, MONTH(A74), DAY(A74)) + TIME(HOUR(B74), MINUTE(B74), 0), "yyyymmddhhmm") -> 202603070930
A75: ='12U COED GIRLS-9 TEAMS CUSTOM'!A16 -> 46088 | B75: ='12U COED GIRLS-9 TEAMS CUSTOM'!B16 -> 0.43055556 | C75: ='12U COED GIRLS-9 TEAMS CUSTOM'!C16&"" -> LAGUNA HILLS HS | D75: ='12U COED GIRLS-9 TEAMS CUSTOM'!D16&"" -> 12GC03 | E75: ='12U COED GIRLS-9 TEAMS CUSTOM'!E16&"" -> C1-INNIS ARDEN | F75: ='12U COED GIRLS-9 TEAMS CUSTOM'!F16&"" -> 15 | G75: ='12U COED GIRLS-9 TEAMS CUSTOM'!G16&"" -> C3-LAGUNA BEACH GIRLS | H75: ='12U COED GIRLS-9 TEAMS CUSTOM'!H16&"" -> 5 | I75: ='12U COED GIRLS-9 TEAMS CUSTOM'!I16&"" -> C bracket C1,C3 | J75: ='12U COED GIRLS-9 TEAMS CUSTOM'!J16&"" -> 12U_COED_GIRLS | K75: =TEXT(DATE(2026, MONTH(A75), DAY(A75)) + TIME(HOUR(B75), MINUTE(B75), 0), "yyyymmddhhmm") -> 202603071020
A76: ='12U COED GIRLS-9 TEAMS CUSTOM'!A17 -> 46088 | B76: ='12U COED GIRLS-9 TEAMS CUSTOM'!B17 -> 0.46527778 | C76: ='12U COED GIRLS-9 TEAMS CUSTOM'!C17&"" -> LAGUNA HILLS HS | D76: ='12U COED GIRLS-9 TEAMS CUSTOM'!D17&"" -> 12GC04 | E76: ='12U COED GIRLS-9 TEAMS CUSTOM'!E17&"" -> A2-PALOS VERDES | F76: ='12U COED GIRLS-9 TEAMS CUSTOM'!F17&"" -> 4 | G76: ='12U COED GIRLS-9 TEAMS CUSTOM'!G17&"" -> A3-TRILOGY | H76: ='12U COED GIRLS-9 TEAMS CUSTOM'!H17&"" -> 11 | I76: ='12U COED GIRLS-9 TEAMS CUSTOM'!I17&"" -> A bracket A2,A3 | J76: ='12U COED GIRLS-9 TEAMS CUSTOM'!J17&"" -> 12U_COED_GIRLS | K76: =TEXT(DATE(2026, MONTH(A76), DAY(A76)) + TIME(HOUR(B76), MINUTE(B76), 0), "yyyymmddhhmm") -> 202603071110
A77: ='12U COED GIRLS-9 TEAMS CUSTOM'!A18 -> 46088 | B77: ='12U COED GIRLS-9 TEAMS CUSTOM'!B18 -> 0.5 | C77: ='12U COED GIRLS-9 TEAMS CUSTOM'!C18&"" -> LAGUNA HILLS HS | D77: ='12U COED GIRLS-9 TEAMS CUSTOM'!D18&"" -> 12GC05 | E77: ='12U COED GIRLS-9 TEAMS CUSTOM'!E18&"" -> B2-SET | F77: ='12U COED GIRLS-9 TEAMS CUSTOM'!F18&"" -> 5 | G77: ='12U COED GIRLS-9 TEAMS CUSTOM'!G18&"" -> B3-VIKING | H77: ='12U COED GIRLS-9 TEAMS CUSTOM'!H18&"" -> 15 | I77: ='12U COED GIRLS-9 TEAMS CUSTOM'!I18&"" -> B bracket B2,B3 | J77: ='12U COED GIRLS-9 TEAMS CUSTOM'!J18&"" -> 12U_COED_GIRLS | K77: =TEXT(DATE(2026, MONTH(A77), DAY(A77)) + TIME(HOUR(B77), MINUTE(B77), 0), "yyyymmddhhmm") -> 202603071200
A78: ='12U COED GIRLS-9 TEAMS CUSTOM'!A19 -> 46088 | B78: ='12U COED GIRLS-9 TEAMS CUSTOM'!B19 -> 0.53472222 | C78: ='12U COED GIRLS-9 TEAMS CUSTOM'!C19&"" -> LAGUNA HILLS HS | D78: ='12U COED GIRLS-9 TEAMS CUSTOM'!D19&"" -> 12GC06 | E78: ='12U COED GIRLS-9 TEAMS CUSTOM'!E19&"" -> C2-CMAC GIRLS | F78: ='12U COED GIRLS-9 TEAMS CUSTOM'!F19&"" -> 9 | G78: ='12U COED GIRLS-9 TEAMS CUSTOM'!G19&"" -> C3-LAGUNA BEACH GIRLS | H78: ='12U COED GIRLS-9 TEAMS CUSTOM'!H19&"" -> 10 | I78: ='12U COED GIRLS-9 TEAMS CUSTOM'!I19&"" -> C bracket B2,B4 12U GIRLS 1st/2nd | J78: ='12U COED GIRLS-9 TEAMS CUSTOM'!J19&"" -> 12U_COED_GIRLS | K78: =TEXT(DATE(2026, MONTH(A78), DAY(A78)) + TIME(HOUR(B78), MINUTE(B78), 0), "yyyymmddhhmm") -> 202603071250
A79: ='12U COED GIRLS-9 TEAMS CUSTOM'!A20 -> 46088 | B79: ='12U COED GIRLS-9 TEAMS CUSTOM'!B20 -> 0.56944444 | C79: ='12U COED GIRLS-9 TEAMS CUSTOM'!C20&"" -> LAGUNA HILLS HS | D79: ='12U COED GIRLS-9 TEAMS CUSTOM'!D20&"" -> 12GC07 | E79: ='12U COED GIRLS-9 TEAMS CUSTOM'!E20&"" -> A1-HIELAND | F79: ='12U COED GIRLS-9 TEAMS CUSTOM'!F20&"" -> 6 | G79: ='12U COED GIRLS-9 TEAMS CUSTOM'!G20&"" -> A2-PALOS VERDES | H79: ='12U COED GIRLS-9 TEAMS CUSTOM'!H20&"" -> 12 | I79: ='12U COED GIRLS-9 TEAMS CUSTOM'!I20&"" -> A bracket A1,A2 | J79: ='12U COED GIRLS-9 TEAMS CUSTOM'!J20&"" -> 12U_COED_GIRLS | K79: =TEXT(DATE(2026, MONTH(A79), DAY(A79)) + TIME(HOUR(B79), MINUTE(B79), 0), "yyyymmddhhmm") -> 202603071340
A80: ='12U COED GIRLS-9 TEAMS CUSTOM'!A22 -> 46088 | B80: ='12U COED GIRLS-9 TEAMS CUSTOM'!B22 -> 0.64583333 | C80: ='12U COED GIRLS-9 TEAMS CUSTOM'!C22&"" -> WOOLLETT FAR RIGHT | D80: ='12U COED GIRLS-9 TEAMS CUSTOM'!D22&"" -> 12GC08 | E80: ='12U COED GIRLS-9 TEAMS CUSTOM'!E22&"" -> B1-ARROYO GRANDE | F80: ='12U COED GIRLS-9 TEAMS CUSTOM'!F22&"" -> 14 | G80: ='12U COED GIRLS-9 TEAMS CUSTOM'!G22&"" -> B2-SET | H80: ='12U COED GIRLS-9 TEAMS CUSTOM'!H22&"" -> 6 | I80: ='12U COED GIRLS-9 TEAMS CUSTOM'!I22&"" -> B bracket B1,B2 | J80: ='12U COED GIRLS-9 TEAMS CUSTOM'!J22&"" -> 12U_COED_GIRLS | K80: =TEXT(DATE(2026, MONTH(A80), DAY(A80)) + TIME(HOUR(B80), MINUTE(B80), 0), "yyyymmddhhmm") -> 202603071530
A81: ='12U COED GIRLS-9 TEAMS CUSTOM'!A23 -> 46088 | B81: ='12U COED GIRLS-9 TEAMS CUSTOM'!B23 -> 0.68055556 | C81: ='12U COED GIRLS-9 TEAMS CUSTOM'!C23&"" -> WOOLLETT FAR RIGHT | D81: ='12U COED GIRLS-9 TEAMS CUSTOM'!D23&"" -> 12GC09 | E81: ='12U COED GIRLS-9 TEAMS CUSTOM'!E23&"" -> C1-INNIS ARDEN | F81: ='12U COED GIRLS-9 TEAMS CUSTOM'!F23&"" -> 12 | G81: ='12U COED GIRLS-9 TEAMS CUSTOM'!G23&"" -> C2-CMAC GIRLS | H81: ='12U COED GIRLS-9 TEAMS CUSTOM'!H23&"" -> 7 | I81: ='12U COED GIRLS-9 TEAMS CUSTOM'!I23&"" -> C bracket C1,C2 | J81: ='12U COED GIRLS-9 TEAMS CUSTOM'!J23&"" -> 12U_COED_GIRLS | K81: =TEXT(DATE(2026, MONTH(A81), DAY(A81)) + TIME(HOUR(B81), MINUTE(B81), 0), "yyyymmddhhmm") -> 202603071620
A82: ='12U COED GIRLS-9 TEAMS CUSTOM'!A27 -> 46089 | B82: ='12U COED GIRLS-9 TEAMS CUSTOM'!B27 -> 0.32638889 | C82: ='12U COED GIRLS-9 TEAMS CUSTOM'!C27&"" -> LAGUNA HILLS HS | D82: ='12U COED GIRLS-9 TEAMS CUSTOM'!D27&"" -> 12GC10 | E82: ='12U COED GIRLS-9 TEAMS CUSTOM'!E27&"" -> D1(1stA)-TRILOGY | F82: ='12U COED GIRLS-9 TEAMS CUSTOM'!F27&"" -> 10 | G82: ='12U COED GIRLS-9 TEAMS CUSTOM'!G27&"" -> D3(1stC)-INNIS ARDEN | H82: ='12U COED GIRLS-9 TEAMS CUSTOM'!H27&"" -> 8 | I82: ='12U COED GIRLS-9 TEAMS CUSTOM'!I27&"" -> D bracket D1,D3 Coed 1st-3rd | J82: ='12U COED GIRLS-9 TEAMS CUSTOM'!J27&"" -> 12U_COED_GIRLS | K82: =TEXT(DATE(2026, MONTH(A82), DAY(A82)) + TIME(HOUR(B82), MINUTE(B82), 0), "yyyymmddhhmm") -> 202603080750
A83: ='12U COED GIRLS-9 TEAMS CUSTOM'!A28 -> 46089 | B83: ='12U COED GIRLS-9 TEAMS CUSTOM'!B28 -> 0.36111111 | C83: ='12U COED GIRLS-9 TEAMS CUSTOM'!C28&"" -> LAGUNA HILLS HS | D83: ='12U COED GIRLS-9 TEAMS CUSTOM'!D28&"" -> 12GC11 | E83: ='12U COED GIRLS-9 TEAMS CUSTOM'!E28&"" -> E1(2ndA)-PALOS VERDES | F83: ='12U COED GIRLS-9 TEAMS CUSTOM'!F28&"" -> 10 | G83: ='12U COED GIRLS-9 TEAMS CUSTOM'!G28&"" -> E3(2ndC)-LAGUNA BEACH GIRLS | H83: ='12U COED GIRLS-9 TEAMS CUSTOM'!H28&"" -> 3 | I83: ='12U COED GIRLS-9 TEAMS CUSTOM'!I28&"" -> E bracket E1,E3 cross | J83: ='12U COED GIRLS-9 TEAMS CUSTOM'!J28&"" -> 12U_COED_GIRLS | K83: =TEXT(DATE(2026, MONTH(A83), DAY(A83)) + TIME(HOUR(B83), MINUTE(B83), 0), "yyyymmddhhmm") -> 202603080840
A84: ='12U COED GIRLS-9 TEAMS CUSTOM'!A29 -> 46089 | B84: ='12U COED GIRLS-9 TEAMS CUSTOM'!B29 -> 0.39583333 | C84: ='12U COED GIRLS-9 TEAMS CUSTOM'!C29&"" -> LAGUNA HILLS HS | D84: ='12U COED GIRLS-9 TEAMS CUSTOM'!D29&"" -> 12GC12 | E84: ='12U COED GIRLS-9 TEAMS CUSTOM'!E29&"" -> F1(3rdA)-HEILAND | F84: ='12U COED GIRLS-9 TEAMS CUSTOM'!F29&"" -> 8 | G84: ='12U COED GIRLS-9 TEAMS CUSTOM'!G29&"" -> F3(3rdC)-CMAC GIRLS | H84: ='12U COED GIRLS-9 TEAMS CUSTOM'!H29&"" -> 5 | I84: ='12U COED GIRLS-9 TEAMS CUSTOM'!I29&"" -> F bracket F1,F3 cross | J84: ='12U COED GIRLS-9 TEAMS CUSTOM'!J29&"" -> 12U_COED_GIRLS | K84: =TEXT(DATE(2026, MONTH(A84), DAY(A84)) + TIME(HOUR(B84), MINUTE(B84), 0), "yyyymmddhhmm") -> 202603080930
A85: ='12U COED GIRLS-9 TEAMS CUSTOM'!A30 -> 46089 | B85: ='12U COED GIRLS-9 TEAMS CUSTOM'!B30 -> 0.43055556 | C85: ='12U COED GIRLS-9 TEAMS CUSTOM'!C30&"" -> LAGUNA HILLS HS | D85: ='12U COED GIRLS-9 TEAMS CUSTOM'!D30&"" -> 12GC13 | E85: ='12U COED GIRLS-9 TEAMS CUSTOM'!E30&"" -> D2(1stB)-VIKING | F85: ='12U COED GIRLS-9 TEAMS CUSTOM'!F30&"" -> 9 | G85: ='12U COED GIRLS-9 TEAMS CUSTOM'!G30&"" -> D3(1stC)-INNIS ARDEN | H85: ='12U COED GIRLS-9 TEAMS CUSTOM'!H30&"" -> 6 | I85: ='12U COED GIRLS-9 TEAMS CUSTOM'!I30&"" -> D bracket D2,D3 Coed 1st-3rd | J85: ='12U COED GIRLS-9 TEAMS CUSTOM'!J30&"" -> 12U_COED_GIRLS | K85: =TEXT(DATE(2026, MONTH(A85), DAY(A85)) + TIME(HOUR(B85), MINUTE(B85), 0), "yyyymmddhhmm") -> 202603081020
A86: ='12U COED GIRLS-9 TEAMS CUSTOM'!A31 -> 46089 | B86: ='12U COED GIRLS-9 TEAMS CUSTOM'!B31 -> 0.46527778 | C86: ='12U COED GIRLS-9 TEAMS CUSTOM'!C31&"" -> LAGUNA HILLS HS | D86: ='12U COED GIRLS-9 TEAMS CUSTOM'!D31&"" -> 12GC14 | E86: ='12U COED GIRLS-9 TEAMS CUSTOM'!E31&"" -> E2(2ndB)-ARROYO GRANDE | F86: ='12U COED GIRLS-9 TEAMS CUSTOM'!F31&"" -> 9 | G86: ='12U COED GIRLS-9 TEAMS CUSTOM'!G31&"" -> E3(2ndC)-LAGUNA BEACH GIRLS | H86: ='12U COED GIRLS-9 TEAMS CUSTOM'!H31&"" -> 10 | I86: ='12U COED GIRLS-9 TEAMS CUSTOM'!I31&"" -> E bracket E2,E3 cross | J86: ='12U COED GIRLS-9 TEAMS CUSTOM'!J31&"" -> 12U_COED_GIRLS | K86: =TEXT(DATE(2026, MONTH(A86), DAY(A86)) + TIME(HOUR(B86), MINUTE(B86), 0), "yyyymmddhhmm") -> 202603081110
A87: ='12U COED GIRLS-9 TEAMS CUSTOM'!A32 -> 46089 | B87: ='12U COED GIRLS-9 TEAMS CUSTOM'!B32 -> 0.5 | C87: ='12U COED GIRLS-9 TEAMS CUSTOM'!C32&"" -> LAGUNA HILLS HS | D87: ='12U COED GIRLS-9 TEAMS CUSTOM'!D32&"" -> 12GC15 | E87: ='12U COED GIRLS-9 TEAMS CUSTOM'!E32&"" -> F2(3rdB)-SET | F87: ='12U COED GIRLS-9 TEAMS CUSTOM'!F32&"" -> 4 | G87: ='12U COED GIRLS-9 TEAMS CUSTOM'!G32&"" -> F3(3rdC)-CMAC GIRLS | H87: ='12U COED GIRLS-9 TEAMS CUSTOM'!H32&"" -> 9 | I87: ='12U COED GIRLS-9 TEAMS CUSTOM'!I32&"" -> F bracket F2,F3 cross | J87: ='12U COED GIRLS-9 TEAMS CUSTOM'!J32&"" -> 12U_COED_GIRLS | K87: =TEXT(DATE(2026, MONTH(A87), DAY(A87)) + TIME(HOUR(B87), MINUTE(B87), 0), "yyyymmddhhmm") -> 202603081200
A88: ='12U COED GIRLS-9 TEAMS CUSTOM'!A33 -> 46089 | B88: ='12U COED GIRLS-9 TEAMS CUSTOM'!B33 -> 0.53472222 | C88: ='12U COED GIRLS-9 TEAMS CUSTOM'!C33&"" -> LAGUNA HILLS HS | D88: ='12U COED GIRLS-9 TEAMS CUSTOM'!D33&"" -> 12GC16 | E88: ='12U COED GIRLS-9 TEAMS CUSTOM'!E33&"" -> D1(1stA)-TRILOGY | F88: ='12U COED GIRLS-9 TEAMS CUSTOM'!F33&"" -> 3 | G88: ='12U COED GIRLS-9 TEAMS CUSTOM'!G33&"" -> D2(1stB)-VIKING | H88: ='12U COED GIRLS-9 TEAMS CUSTOM'!H33&"" -> 4 | I88: ='12U COED GIRLS-9 TEAMS CUSTOM'!I33&"" -> D bracket D1,D2 Coed 1st-3rd | J88: ='12U COED GIRLS-9 TEAMS CUSTOM'!J33&"" -> 12U_COED_GIRLS | K88: =TEXT(DATE(2026, MONTH(A88), DAY(A88)) + TIME(HOUR(B88), MINUTE(B88), 0), "yyyymmddhhmm") -> 202603081250
A89: ='12U COED GIRLS-9 TEAMS CUSTOM'!A34 -> 46089 | B89: ='12U COED GIRLS-9 TEAMS CUSTOM'!B34 -> 0.56944444 | C89: ='12U COED GIRLS-9 TEAMS CUSTOM'!C34&"" -> LAGUNA HILLS HS | D89: ='12U COED GIRLS-9 TEAMS CUSTOM'!D34&"" -> 12GC17 | E89: ='12U COED GIRLS-9 TEAMS CUSTOM'!E34&"" -> E1(2ndA)-PALOS VERDES | F89: ='12U COED GIRLS-9 TEAMS CUSTOM'!F34&"" -> 12 | G89: ='12U COED GIRLS-9 TEAMS CUSTOM'!G34&"" -> E2(2ndB)-ARROYO GRANDE | H89: ='12U COED GIRLS-9 TEAMS CUSTOM'!H34&"" -> 10 | I89: ='12U COED GIRLS-9 TEAMS CUSTOM'!I34&"" -> E bracket E1,E2 Coed 4th | J89: ='12U COED GIRLS-9 TEAMS CUSTOM'!J34&"" -> 12U_COED_GIRLS | K89: =TEXT(DATE(2026, MONTH(A89), DAY(A89)) + TIME(HOUR(B89), MINUTE(B89), 0), "yyyymmddhhmm") -> 202603081340
A90: ='12U COED GIRLS-9 TEAMS CUSTOM'!A36 -> 46089 | B90: ='12U COED GIRLS-9 TEAMS CUSTOM'!B36 -> 0.64583333 | C90: ='12U COED GIRLS-9 TEAMS CUSTOM'!C36&"" -> WOOLLETT FAR RIGHT | D90: ='12U COED GIRLS-9 TEAMS CUSTOM'!D36&"" -> 12GC18 | E90: ='12U COED GIRLS-9 TEAMS CUSTOM'!E36&"" -> F1(3rdA)-HEILAND | F90: ='12U COED GIRLS-9 TEAMS CUSTOM'!F36&"" -> 5 | G90: ='12U COED GIRLS-9 TEAMS CUSTOM'!G36&"" -> F2(3rdB)-SET | H90: ='12U COED GIRLS-9 TEAMS CUSTOM'!H36&"" -> 7 | I90: ='12U COED GIRLS-9 TEAMS CUSTOM'!I36&"" -> F bracket F1,F2 Coed 6th | J90: ='12U COED GIRLS-9 TEAMS CUSTOM'!J36&"" -> 12U_COED_GIRLS | K90: =TEXT(DATE(2026, MONTH(A90), DAY(A90)) + TIME(HOUR(B90), MINUTE(B90), 0), "yyyymmddhhmm") -> 202603081530
A91: ='14U BOYS SILVER-16 TEAMS'!A10 -> 46088 | B91: ='14U BOYS SILVER-16 TEAMS'!B10 -> 0.32638889 | C91: ='14U BOYS SILVER-16 TEAMS'!C10&"" -> ESTANCIA HS 2 | D91: ='14U BOYS SILVER-16 TEAMS'!D10&"" -> 14Bag01 | E91: ='14U BOYS SILVER-16 TEAMS'!E10&"" -> A2-BREA OLINDA GOLD | F91: ='14U BOYS SILVER-16 TEAMS'!F10&"" -> 18 | G91: ='14U BOYS SILVER-16 TEAMS'!G10&"" -> A3-TROJAN GOLD | H91: ='14U BOYS SILVER-16 TEAMS'!H10&"" -> 9 | I91: ='14U BOYS SILVER-16 TEAMS'!I10&"" -> W/L A2/A3 | J91: ='14U BOYS SILVER-16 TEAMS'!J10&"" -> 14U_BOYS_SILVER | K91: =TEXT(DATE(2026, MONTH(A91), DAY(A91)) + TIME(HOUR(B91), MINUTE(B91), 0), "yyyymmddhhmm") -> 202603070750
A92: ='14U BOYS SILVER-16 TEAMS'!A11 -> 46088 | B92: ='14U BOYS SILVER-16 TEAMS'!B11 -> 0.36111111 | C92: ='14U BOYS SILVER-16 TEAMS'!C11&"" -> ESTANCIA HS 2 | D92: ='14U BOYS SILVER-16 TEAMS'!D11&"" -> 14Bag02 | E92: ='14U BOYS SILVER-16 TEAMS'!E11&"" -> A1-SAND CANYON | F92: ='14U BOYS SILVER-16 TEAMS'!F11&"" -> 7 | G92: ='14U BOYS SILVER-16 TEAMS'!G11&"" -> A4-SAN DIEGO DONS 12 BLACK | H92: ='14U BOYS SILVER-16 TEAMS'!H11&"" -> 8 | I92: ='14U BOYS SILVER-16 TEAMS'!I11&"" -> W/L A1/A4 | J92: ='14U BOYS SILVER-16 TEAMS'!J11&"" -> 14U_BOYS_SILVER | K92: =TEXT(DATE(2026, MONTH(A92), DAY(A92)) + TIME(HOUR(B92), MINUTE(B92), 0), "yyyymmddhhmm") -> 202603070840
A93: ='14U BOYS SILVER-16 TEAMS'!A12 -> 46088 | B93: ='14U BOYS SILVER-16 TEAMS'!B12 -> 0.39583333 | C93: ='14U BOYS SILVER-16 TEAMS'!C12&"" -> ESTANCIA HS 2 | D93: ='14U BOYS SILVER-16 TEAMS'!D12&"" -> 14Bag03 | E93: ='14U BOYS SILVER-16 TEAMS'!E12&"" -> C2-GOLD COAST | F93: ='14U BOYS SILVER-16 TEAMS'!F12&"" -> 4 | G93: ='14U BOYS SILVER-16 TEAMS'!G12&"" -> C3-PALOS VERDES B | H93: ='14U BOYS SILVER-16 TEAMS'!H12&"" -> 7 | I93: ='14U BOYS SILVER-16 TEAMS'!I12&"" -> W/L C2/C3 | J93: ='14U BOYS SILVER-16 TEAMS'!J12&"" -> 14U_BOYS_SILVER | K93: =TEXT(DATE(2026, MONTH(A93), DAY(A93)) + TIME(HOUR(B93), MINUTE(B93), 0), "yyyymmddhhmm") -> 202603070930
A94: ='14U BOYS SILVER-16 TEAMS'!A13 -> 46088 | B94: ='14U BOYS SILVER-16 TEAMS'!B13 -> 0.39583333 | C94: ='14U BOYS SILVER-16 TEAMS'!C13&"" -> EL TORO HS 1 | D94: ='14U BOYS SILVER-16 TEAMS'!D13&"" -> 14Bag09 | E94: ='14U BOYS SILVER-16 TEAMS'!E13&"" -> D1-TITANS | F94: ='14U BOYS SILVER-16 TEAMS'!F13&"" -> 1 | G94: ='14U BOYS SILVER-16 TEAMS'!G13&"" -> D4-NEWPORT BEACH SILVER | H94: ='14U BOYS SILVER-16 TEAMS'!H13&"" -> 18 | I94: ='14U BOYS SILVER-16 TEAMS'!I13&"" -> W/L D1/D4 | J94: ='14U BOYS SILVER-16 TEAMS'!J13&"" -> 14U_BOYS_SILVER | K94: =TEXT(DATE(2026, MONTH(A94), DAY(A94)) + TIME(HOUR(B94), MINUTE(B94), 0), "yyyymmddhhmm") -> 202603070930
A95: ='14U BOYS SILVER-16 TEAMS'!A14 -> 46088 | B95: ='14U BOYS SILVER-16 TEAMS'!B14 -> 0.43055556 | C95: ='14U BOYS SILVER-16 TEAMS'!C14&"" -> EL TORO HS 1 | D95: ='14U BOYS SILVER-16 TEAMS'!D14&"" -> 14Bag10 | E95: ='14U BOYS SILVER-16 TEAMS'!E14&"" -> D2-SET | F95: ='14U BOYS SILVER-16 TEAMS'!F14&"" -> 5 | G95: ='14U BOYS SILVER-16 TEAMS'!G14&"" -> D3-ORWP B | H95: ='14U BOYS SILVER-16 TEAMS'!H14&"" -> 19 | I95: ='14U BOYS SILVER-16 TEAMS'!I14&"" -> W/L D2/D3 | J95: ='14U BOYS SILVER-16 TEAMS'!J14&"" -> 14U_BOYS_SILVER | K95: =TEXT(DATE(2026, MONTH(A95), DAY(A95)) + TIME(HOUR(B95), MINUTE(B95), 0), "yyyymmddhhmm") -> 202603071020
A96: ='14U BOYS SILVER-16 TEAMS'!A15 -> 46088 | B96: ='14U BOYS SILVER-16 TEAMS'!B15 -> 0.43055556 | C96: ='14U BOYS SILVER-16 TEAMS'!C15&"" -> ESTANCIA HS 2 | D96: ='14U BOYS SILVER-16 TEAMS'!D15&"" -> 14Bag04 | E96: ='14U BOYS SILVER-16 TEAMS'!E15&"" -> C1-TSM | F96: ='14U BOYS SILVER-16 TEAMS'!F15&"" -> 2 | G96: ='14U BOYS SILVER-16 TEAMS'!G15&"" -> C4-NORTH IRVINE 12 BLACK | H96: ='14U BOYS SILVER-16 TEAMS'!H15&"" -> 12 | I96: ='14U BOYS SILVER-16 TEAMS'!I15&"" -> W/L C1/C4 | J96: ='14U BOYS SILVER-16 TEAMS'!J15&"" -> 14U_BOYS_SILVER | K96: =TEXT(DATE(2026, MONTH(A96), DAY(A96)) + TIME(HOUR(B96), MINUTE(B96), 0), "yyyymmddhhmm") -> 202603071020
A97: ='14U BOYS SILVER-16 TEAMS'!A16 -> 46088 | B97: ='14U BOYS SILVER-16 TEAMS'!B16 -> 0.46527778 | C97: ='14U BOYS SILVER-16 TEAMS'!C16&"" -> ESTANCIA HS 2 | D97: ='14U BOYS SILVER-16 TEAMS'!D16&"" -> 14Bag05 | E97: ='14U BOYS SILVER-16 TEAMS'!E16&"" -> L#1-TROJAN GOLD | F97: ='14U BOYS SILVER-16 TEAMS'!F16&"" -> 9 | G97: ='14U BOYS SILVER-16 TEAMS'!G16&"" -> L#2-SAND CANYON | H97: ='14U BOYS SILVER-16 TEAMS'!H16&"" -> 18 | I97: ='14U BOYS SILVER-16 TEAMS'!I16&"" -> 3rd/4thA | J97: ='14U BOYS SILVER-16 TEAMS'!J16&"" -> 14U_BOYS_SILVER | K97: =TEXT(DATE(2026, MONTH(A97), DAY(A97)) + TIME(HOUR(B97), MINUTE(B97), 0), "yyyymmddhhmm") -> 202603071110
A98: ='14U BOYS SILVER-16 TEAMS'!A17 -> 46088 | B98: ='14U BOYS SILVER-16 TEAMS'!B17 -> 0.5 | C98: ='14U BOYS SILVER-16 TEAMS'!C17&"" -> ESTANCIA HS 2 | D98: ='14U BOYS SILVER-16 TEAMS'!D17&"" -> 14Bag06 | E98: ='14U BOYS SILVER-16 TEAMS'!E17&"" -> W#1-BREA OLINDA GOLD | F98: ='14U BOYS SILVER-16 TEAMS'!F17&"" -> 17 | G98: ='14U BOYS SILVER-16 TEAMS'!G17&"" -> W#2-SAN DIEGO DONS 12 BLACK | H98: ='14U BOYS SILVER-16 TEAMS'!H17&"" -> 12 | I98: ='14U BOYS SILVER-16 TEAMS'!I17&"" -> 1st/2ndA | J98: ='14U BOYS SILVER-16 TEAMS'!J17&"" -> 14U_BOYS_SILVER | K98: =TEXT(DATE(2026, MONTH(A98), DAY(A98)) + TIME(HOUR(B98), MINUTE(B98), 0), "yyyymmddhhmm") -> 202603071200
A99: ='14U BOYS SILVER-16 TEAMS'!A18 -> 46088 | B99: ='14U BOYS SILVER-16 TEAMS'!B18 -> 0.53472222 | C99: ='14U BOYS SILVER-16 TEAMS'!C18&"" -> ESTANCIA HS 2 | D99: ='14U BOYS SILVER-16 TEAMS'!D18&"" -> 14Bag11 | E99: ='14U BOYS SILVER-16 TEAMS'!E18&"" -> B2-PASADENA AC ORANGE | F99: ='14U BOYS SILVER-16 TEAMS'!F18&"" -> 15 | G99: ='14U BOYS SILVER-16 TEAMS'!G18&"" -> B3-SAN CLEMENTE BLACK | H99: ='14U BOYS SILVER-16 TEAMS'!H18&"" -> 9 | I99: ='14U BOYS SILVER-16 TEAMS'!I18&"" -> W/L B2/B3 | J99: ='14U BOYS SILVER-16 TEAMS'!J18&"" -> 14U_BOYS_SILVER | K99: =TEXT(DATE(2026, MONTH(A99), DAY(A99)) + TIME(HOUR(B99), MINUTE(B99), 0), "yyyymmddhhmm") -> 202603071250
A100: ='14U BOYS SILVER-16 TEAMS'!A19 -> 46088 | B100: ='14U BOYS SILVER-16 TEAMS'!B19 -> 0.56944444 | C100: ='14U BOYS SILVER-16 TEAMS'!C19&"" -> ESTANCIA HS 2 | D100: ='14U BOYS SILVER-16 TEAMS'!D19&"" -> 14Bag12 | E100: ='14U BOYS SILVER-16 TEAMS'!E19&"" -> B1-RIVERSIDE | F100: ='14U BOYS SILVER-16 TEAMS'!F19&"" -> 8 | G100: ='14U BOYS SILVER-16 TEAMS'!G19&"" -> B4-RANCHO TSUNAMI 12 BLUE | H100: ='14U BOYS SILVER-16 TEAMS'!H19&"" -> 12 | I100: ='14U BOYS SILVER-16 TEAMS'!I19&"" -> W/L B1/B4 | J100: ='14U BOYS SILVER-16 TEAMS'!J19&"" -> 14U_BOYS_SILVER | K100: =TEXT(DATE(2026, MONTH(A100), DAY(A100)) + TIME(HOUR(B100), MINUTE(B100), 0), "yyyymmddhhmm") -> 202603071340
...

Sheet MASTER BY LOCATION
A1: DATE | B1: TIME | C1: LOCATION | D1: GAME ID | E1: WHITE TEAM | F1: S | G1: DARK TEAM | H1: S | I1: COMMENTS | J1: DIVISION | K1: SORTKEY
A2: ='14U BOYS GOLD-16 TEAMS'!A15 -> 46088 | B2: ='14U BOYS GOLD-16 TEAMS'!B15 -> 0.46527778 | C2: ='14U BOYS GOLD-16 TEAMS'!C15&"" -> ALISO NIGUEL HS | D2: ='14U BOYS GOLD-16 TEAMS'!D15&"" -> 14Bau07 | E2: ='14U BOYS GOLD-16 TEAMS'!E15&"" -> B2-MISSION 14B | F2: ='14U BOYS GOLD-16 TEAMS'!F15&"" -> 5 | G2: ='14U BOYS GOLD-16 TEAMS'!G15&"" -> B3-ORANGE COUNTY WPC B | H2: ='14U BOYS GOLD-16 TEAMS'!H15&"" -> 11 | I2: ='14U BOYS GOLD-16 TEAMS'!I15&"" -> W/L B2/B3 | J2: ='14U BOYS GOLD-16 TEAMS'!J15&"" -> 14U_BOYS_GOLD | K2: =TEXT(DATE(2026, MONTH(A2), DAY(A2)) + TIME(HOUR(B2), MINUTE(B2), 0), "yyyymmddhhmm") -> 202603071110
A3: ='14U BOYS GOLD-16 TEAMS'!A17 -> 46088 | B3: ='14U BOYS GOLD-16 TEAMS'!B17 -> 0.5 | C3: ='14U BOYS GOLD-16 TEAMS'!C17&"" -> ALISO NIGUEL HS | D3: ='14U BOYS GOLD-16 TEAMS'!D17&"" -> 14Bau08 | E3: ='14U BOYS GOLD-16 TEAMS'!E17&"" -> B1-SD ECA | F3: ='14U BOYS GOLD-16 TEAMS'!F17&"" -> 16 | G3: ='14U BOYS GOLD-16 TEAMS'!G17&"" -> B4-SOCAL 12 BLACK | H3: ='14U BOYS GOLD-16 TEAMS'!H17&"" -> 8 | I3: ='14U BOYS GOLD-16 TEAMS'!I17&"" -> W/L B1/B4 | J3: ='14U BOYS GOLD-16 TEAMS'!J17&"" -> 14U_BOYS_GOLD | K3: =TEXT(DATE(2026, MONTH(A3), DAY(A3)) + TIME(HOUR(B3), MINUTE(B3), 0), "yyyymmddhhmm") -> 202603071200
A4: ='14U BOYS GOLD-16 TEAMS'!A18 -> 46088 | B4: ='14U BOYS GOLD-16 TEAMS'!B18 -> 0.53472222 | C4: ='14U BOYS GOLD-16 TEAMS'!C18&"" -> ALISO NIGUEL HS | D4: ='14U BOYS GOLD-16 TEAMS'!D18&"" -> 14Bau09 | E4: ='14U BOYS GOLD-16 TEAMS'!E18&"" -> L#1-TRILOGY BLACK | F4: ='14U BOYS GOLD-16 TEAMS'!F18&"" -> 5 | G4: ='14U BOYS GOLD-16 TEAMS'!G18&"" -> L#2-LAWPC | H4: ='14U BOYS GOLD-16 TEAMS'!H18&"" -> 0 | I4: ='14U BOYS GOLD-16 TEAMS'!I18&"" -> 3rd/4thA (7-1 LAWP) | J4: ='14U BOYS GOLD-16 TEAMS'!J18&"" -> 14U_BOYS_GOLD | K4: =TEXT(DATE(2026, MONTH(A4), DAY(A4)) + TIME(HOUR(B4), MINUTE(B4), 0), "yyyymmddhhmm") -> 202603071250
A5: ='14U BOYS GOLD-16 TEAMS'!A20 -> 46088 | B5: ='14U BOYS GOLD-16 TEAMS'!B20 -> 0.56944444 | C5: ='14U BOYS GOLD-16 TEAMS'!C20&"" -> ALISO NIGUEL HS | D5: ='14U BOYS GOLD-16 TEAMS'!D20&"" -> 14Bau10 | E5: ='14U BOYS GOLD-16 TEAMS'!E20&"" -> W#1-SAN DIEGO DONS 14 BLACK | F5: ='14U BOYS GOLD-16 TEAMS'!F20&"" -> 5 | G5: ='14U BOYS GOLD-16 TEAMS'!G20&"" -> W#2-NORTH IRVINE RED | H5: ='14U BOYS GOLD-16 TEAMS'!H20&"" -> 8 | I5: ='14U BOYS GOLD-16 TEAMS'!I20&"" -> 1st/2ndA | J5: ='14U BOYS GOLD-16 TEAMS'!J20&"" -> 14U_BOYS_GOLD | K5: =TEXT(DATE(2026, MONTH(A5), DAY(A5)) + TIME(HOUR(B5), MINUTE(B5), 0), "yyyymmddhhmm") -> 202603071340
A6: ='14U BOYS GOLD-16 TEAMS'!A23 -> 46088 | B6: ='14U BOYS GOLD-16 TEAMS'!B23 -> 0.60416667 | C6: ='14U BOYS GOLD-16 TEAMS'!C23&"" -> ALISO NIGUEL HS | D6: ='14U BOYS GOLD-16 TEAMS'!D23&"" -> 14Bau15 | E6: ='14U BOYS GOLD-16 TEAMS'!E23&"" -> L#7-MISSION 14B | F6: ='14U BOYS GOLD-16 TEAMS'!F23&"" -> 8 | G6: ='14U BOYS GOLD-16 TEAMS'!G23&"" -> L#8-SOCAL 12 BLACK | H6: ='14U BOYS GOLD-16 TEAMS'!H23&"" -> 11 | I6: ='14U BOYS GOLD-16 TEAMS'!I23&"" -> 3rd/4thB | J6: ='14U BOYS GOLD-16 TEAMS'!J23&"" -> 14U_BOYS_GOLD | K6: =TEXT(DATE(2026, MONTH(A6), DAY(A6)) + TIME(HOUR(B6), MINUTE(B6), 0), "yyyymmddhhmm") -> 202603071430
A7: ='14U BOYS GOLD-16 TEAMS'!A25 -> 46088 | B7: ='14U BOYS GOLD-16 TEAMS'!B25 -> 0.63888889 | C7: ='14U BOYS GOLD-16 TEAMS'!C25&"" -> ALISO NIGUEL HS | D7: ='14U BOYS GOLD-16 TEAMS'!D25&"" -> 14Bau16 | E7: ='14U BOYS GOLD-16 TEAMS'!E25&"" -> W#7-ORANGE COUNTY WPC B | F7: ='14U BOYS GOLD-16 TEAMS'!F25&"" -> 14 | G7: ='14U BOYS GOLD-16 TEAMS'!G25&"" -> W#8-SD ECA | H7: ='14U BOYS GOLD-16 TEAMS'!H25&"" -> 8 | I7: ='14U BOYS GOLD-16 TEAMS'!I25&"" -> 1st/2ndB | J7: ='14U BOYS GOLD-16 TEAMS'!J25&"" -> 14U_BOYS_GOLD | K7: =TEXT(DATE(2026, MONTH(A7), DAY(A7)) + TIME(HOUR(B7), MINUTE(B7), 0), "yyyymmddhhmm") -> 202603071520
A8: ='14U BOYS GOLD-16 TEAMS'!A28 -> 46089 | B8: ='14U BOYS GOLD-16 TEAMS'!B28 -> 0.32638889 | C8: ='14U BOYS GOLD-16 TEAMS'!C28&"" -> ALISO NIGUEL HS | D8: ='14U BOYS GOLD-16 TEAMS'!D28&"" -> 14Bau29 | E8: ='14U BOYS GOLD-16 TEAMS'!E28&"" -> 4thD-CDM B | F8: ='14U BOYS GOLD-16 TEAMS'!F28&"" -> 1 | G8: ='14U BOYS GOLD-16 TEAMS'!G28&"" -> 4thA-LAWPC | H8: ='14U BOYS GOLD-16 TEAMS'!H28&"" -> 10 | I8: ='14U BOYS GOLD-16 TEAMS'!I28&"" -> 13-16 semi | J8: ='14U BOYS GOLD-16 TEAMS'!J28&"" -> 14U_BOYS_GOLD | K8: =TEXT(DATE(2026, MONTH(A8), DAY(A8)) + TIME(HOUR(B8), MINUTE(B8), 0), "yyyymmddhhmm") -> 202603080750
A9: ='14U BOYS GOLD-16 TEAMS'!A30 -> 46089 | B9: ='14U BOYS GOLD-16 TEAMS'!B30 -> 0.36111111 | C9: ='14U BOYS GOLD-16 TEAMS'!C30&"" -> ALISO NIGUEL HS | D9: ='14U BOYS GOLD-16 TEAMS'!D30&"" -> 14Bau30 | E9: ='14U BOYS GOLD-16 TEAMS'!E30&"" -> 4thC-SAN DIEGO DONS 12 RED | F9: ='14U BOYS GOLD-16 TEAMS'!F30&"" -> 3 | G9: ='14U BOYS GOLD-16 TEAMS'!G30&"" -> 4thB-MISSION 14B | H9: ='14U BOYS GOLD-16 TEAMS'!H30&"" -> 7 | I9: ='14U BOYS GOLD-16 TEAMS'!I30&"" -> 13-16 semi | J9: ='14U BOYS GOLD-16 TEAMS'!J30&"" -> 14U_BOYS_GOLD | K9: =TEXT(DATE(2026, MONTH(A9), DAY(A9)) + TIME(HOUR(B9), MINUTE(B9), 0), "yyyymmddhhmm") -> 202603080840
A10: ='14U BOYS SILVER-16 TEAMS'!A32 -> 46089 | B10: ='14U BOYS SILVER-16 TEAMS'!B32 -> 0.39583333 | C10: ='14U BOYS SILVER-16 TEAMS'!C32&"" -> ALISO NIGUEL HS | D10: ='14U BOYS SILVER-16 TEAMS'!D32&"" -> 14Bag29 | E10: ='14U BOYS SILVER-16 TEAMS'!E32&"" -> 4thD-SET | F10: ='14U BOYS SILVER-16 TEAMS'!F32&"" -> 3 | G10: ='14U BOYS SILVER-16 TEAMS'!G32&"" -> 4thA-TROJAN GOLD | H10: ='14U BOYS SILVER-16 TEAMS'!H32&"" -> 15 | I10: ='14U BOYS SILVER-16 TEAMS'!I32&"" -> 13-16 semi | J10: ='14U BOYS SILVER-16 TEAMS'!J32&"" -> 14U_BOYS_SILVER | K10: =TEXT(DATE(2026, MONTH(A10), DAY(A10)) + TIME(HOUR(B10), MINUTE(B10), 0), "yyyymmddhhmm") -> 202603080930
A11: ='14U BOYS SILVER-16 TEAMS'!A33 -> 46089 | B11: ='14U BOYS SILVER-16 TEAMS'!B33 -> 0.43055556 | C11: ='14U BOYS SILVER-16 TEAMS'!C33&"" -> ALISO NIGUEL HS | D11: ='14U BOYS SILVER-16 TEAMS'!D33&"" -> 14Bag30 | E11: ='14U BOYS SILVER-16 TEAMS'!E33&"" -> 4thC-TSM | F11: ='14U BOYS SILVER-16 TEAMS'!F33&"" -> 7 | G11: ='14U BOYS SILVER-16 TEAMS'!G33&"" -> 4thB-RIVERSIDE | H11: ='14U BOYS SILVER-16 TEAMS'!H33&"" -> 14 | I11: ='14U BOYS SILVER-16 TEAMS'!I33&"" -> 13-16 semi | J11: ='14U BOYS SILVER-16 TEAMS'!J33&"" -> 14U_BOYS_SILVER | K11: =TEXT(DATE(2026, MONTH(A11), DAY(A11)) + TIME(HOUR(B11), MINUTE(B11), 0), "yyyymmddhhmm") -> 202603081020
A12: ='14U BOYS GOLD-16 TEAMS'!A35 -> 46089 | B12: ='14U BOYS GOLD-16 TEAMS'!B35 -> 0.46527778 | C12: ='14U BOYS GOLD-16 TEAMS'!C35&"" -> ALISO NIGUEL HS | D12: ='14U BOYS GOLD-16 TEAMS'!D35&"" -> 14Bau34 | E12: ='14U BOYS GOLD-16 TEAMS'!E35&"" -> W#29-LAWPC | F12: ='14U BOYS GOLD-16 TEAMS'!F35&"" -> 10 | G12: ='14U BOYS GOLD-16 TEAMS'!G35&"" -> W#30-MISSION 14B | H12: ='14U BOYS GOLD-16 TEAMS'!H35&"" -> 12 | I12: ='14U BOYS GOLD-16 TEAMS'!I35&"" -> 13th | J12: ='14U BOYS GOLD-16 TEAMS'!J35&"" -> 14U_BOYS_GOLD | K12: =TEXT(DATE(2026, MONTH(A12), DAY(A12)) + TIME(HOUR(B12), MINUTE(B12), 0), "yyyymmddhhmm") -> 202603081110
A13: ='14U BOYS GOLD-16 TEAMS'!A36 -> 46089 | B13: ='14U BOYS GOLD-16 TEAMS'!B36 -> 0.5 | C13: ='14U BOYS GOLD-16 TEAMS'!C36&"" -> ALISO NIGUEL HS | D13: ='14U BOYS GOLD-16 TEAMS'!D36&"" -> 14Bau33 | E13: ='14U BOYS GOLD-16 TEAMS'!E36&"" -> L#29-CDM B | F13: ='14U BOYS GOLD-16 TEAMS'!F36&"" -> 3 | G13: ='14U BOYS GOLD-16 TEAMS'!G36&"" -> L#30-SAN DIEGO DONS 12 RED | H13: ='14U BOYS GOLD-16 TEAMS'!H36&"" -> 13 | I13: ='14U BOYS GOLD-16 TEAMS'!I36&"" -> 15th | J13: ='14U BOYS GOLD-16 TEAMS'!J36&"" -> 14U_BOYS_GOLD | K13: =TEXT(DATE(2026, MONTH(A13), DAY(A13)) + TIME(HOUR(B13), MINUTE(B13), 0), "yyyymmddhhmm") -> 202603081200
A14: ='14U BOYS SILVER-16 TEAMS'!A38 -> 46089 | B14: ='14U BOYS SILVER-16 TEAMS'!B38 -> 0.53472222 | C14: ='14U BOYS SILVER-16 TEAMS'!C38&"" -> ALISO NIGUEL HS | D14: ='14U BOYS SILVER-16 TEAMS'!D38&"" -> 14Bag31 | E14: ='14U BOYS SILVER-16 TEAMS'!E38&"" -> W#27-SAND CANYON | F14: ='14U BOYS SILVER-16 TEAMS'!F38&"" -> 9 | G14: ='14U BOYS SILVER-16 TEAMS'!G38&"" -> W#28-GOLD COAST | H14: ='14U BOYS SILVER-16 TEAMS'!H38&"" -> 17 | I14: ='14U BOYS SILVER-16 TEAMS'!I38&"" -> 9th | J14: ='14U BOYS SILVER-16 TEAMS'!J38&"" -> 14U_BOYS_SILVER | K14: =TEXT(DATE(2026, MONTH(A14), DAY(A14)) + TIME(HOUR(B14), MINUTE(B14), 0), "yyyymmddhhmm") -> 202603081250
A15: ='14U BOYS SILVER-16 TEAMS'!A40 -> 46089 | B15: ='14U BOYS SILVER-16 TEAMS'!B40 -> 0.56944444 | C15: ='14U BOYS SILVER-16 TEAMS'!C40&"" -> ALISO NIGUEL HS | D15: ='14U BOYS SILVER-16 TEAMS'!D40&"" -> 14Bag32 | E15: ='14U BOYS SILVER-16 TEAMS'!E40&"" -> L#27-TITANS | F15: ='14U BOYS SILVER-16 TEAMS'!F40&"" -> 0 | G15: ='14U BOYS SILVER-16 TEAMS'!G40&"" -> L#28-SAN CLEMENTE BLACK | H15: ='14U BOYS SILVER-16 TEAMS'!H40&"" -> 14 | I15: ='14U BOYS SILVER-16 TEAMS'!I40&"" -> 11th | J15: ='14U BOYS SILVER-16 TEAMS'!J40&"" -> 14U_BOYS_SILVER | K15: =TEXT(DATE(2026, MONTH(A15), DAY(A15)) + TIME(HOUR(B15), MINUTE(B15), 0), "yyyymmddhhmm") -> 202603081340
A16: ='14U BOYS SILVER-16 TEAMS'!A41 -> 46089 | B16: ='14U BOYS SILVER-16 TEAMS'!B41 -> 0.60416667 | C16: ='14U BOYS SILVER-16 TEAMS'!C41&"" -> ALISO NIGUEL HS | D16: ='14U BOYS SILVER-16 TEAMS'!D41&"" -> 14Bag34 | E16: ='14U BOYS SILVER-16 TEAMS'!E41&"" -> W#29-TROJAN GOLD | F16: ='14U BOYS SILVER-16 TEAMS'!F41&"" -> 12 | G16: ='14U BOYS SILVER-16 TEAMS'!G41&"" -> W#30-RIVERSIDE | H16: ='14U BOYS SILVER-16 TEAMS'!H41&"" -> 13 | I16: ='14U BOYS SILVER-16 TEAMS'!I41&"" -> 13th | J16: ='14U BOYS SILVER-16 TEAMS'!J41&"" -> 14U_BOYS_SILVER | K16: =TEXT(DATE(2026, MONTH(A16), DAY(A16)) + TIME(HOUR(B16), MINUTE(B16), 0), "yyyymmddhhmm") -> 202603081430
A17: ='14U BOYS SILVER-16 TEAMS'!A43 -> 46089 | B17: ='14U BOYS SILVER-16 TEAMS'!B43 -> 0.63888889 | C17: ='14U BOYS SILVER-16 TEAMS'!C43&"" -> ALISO NIGUEL HS | D17: ='14U BOYS SILVER-16 TEAMS'!D43&"" -> 14Bag33 | E17: ='14U BOYS SILVER-16 TEAMS'!E43&"" -> L#29-SET | F17: ='14U BOYS SILVER-16 TEAMS'!F43&"" -> 5 | G17: ='14U BOYS SILVER-16 TEAMS'!G43&"" -> L#30-TSM | H17: ='14U BOYS SILVER-16 TEAMS'!H43&"" -> 3 | I17: ='14U BOYS SILVER-16 TEAMS'!I43&"" -> 15th | J17: ='14U BOYS SILVER-16 TEAMS'!J43&"" -> 14U_BOYS_SILVER | K17: =TEXT(DATE(2026, MONTH(A17), DAY(A17)) + TIME(HOUR(B17), MINUTE(B17), 0), "yyyymmddhhmm") -> 202603081520
A18: ='16U BOYS SILVER-8 TEAMS'!A10 -> 46088 | B18: ='16U BOYS SILVER-8 TEAMS'!B10 -> 0.33333333 | C18: ='16U BOYS SILVER-8 TEAMS'!C10&"" -> COSTA MESA HS 1 | D18: ='16U BOYS SILVER-8 TEAMS'!D10&"" -> 16Bag01 | E18: ='16U BOYS SILVER-8 TEAMS'!E10&"" -> B1-TITANS | F18: ='16U BOYS SILVER-8 TEAMS'!F10&"" -> 9 | G18: ='16U BOYS SILVER-8 TEAMS'!G10&"" -> B4-NORTH IRVINE 14 BLACK | H18: ='16U BOYS SILVER-8 TEAMS'!H10&"" -> 20 | I18: ='16U BOYS SILVER-8 TEAMS'!I10&"" -> bracket, B1/B4 | J18: ='16U BOYS SILVER-8 TEAMS'!J10&"" -> 16U_BOYS_SILVER | K18: =TEXT(DATE(2026, MONTH(A18), DAY(A18)) + TIME(HOUR(B18), MINUTE(B18), 0), "yyyymmddhhmm") -> 202603070800
A19: ='16U BOYS SILVER-8 TEAMS'!A11 -> 46088 | B19: ='16U BOYS SILVER-8 TEAMS'!B11 -> 0.375 | C19: ='16U BOYS SILVER-8 TEAMS'!C11&"" -> COSTA MESA HS 1 | D19: ='16U BOYS SILVER-8 TEAMS'!D11&"" -> 16Bag02 | E19: ='16U BOYS SILVER-8 TEAMS'!E11&"" -> B2-TRILOGY WHITE | F19: ='16U BOYS SILVER-8 TEAMS'!F11&"" -> 12 | G19: ='16U BOYS SILVER-8 TEAMS'!G11&"" -> B3-SAN CLEMENTE BLACK | H19: ='16U BOYS SILVER-8 TEAMS'!H11&"" -> 14 | I19: ='16U BOYS SILVER-8 TEAMS'!I11&"" -> bracket, B2/B3 | J19: ='16U BOYS SILVER-8 TEAMS'!J11&"" -> 16U_BOYS_SILVER | K19: =TEXT(DATE(2026, MONTH(A19), DAY(A19)) + TIME(HOUR(B19), MINUTE(B19), 0), "yyyymmddhhmm") -> 202603070900
A20: ='16U BOYS SILVER-8 TEAMS'!A12 -> 46088 | B20: ='16U BOYS SILVER-8 TEAMS'!B12 -> 0.41666667 | C20: ='16U BOYS SILVER-8 TEAMS'!C12&"" -> COSTA MESA HS 1 | D20: ='16U BOYS SILVER-8 TEAMS'!D12&"" -> 16Bag03 | E20: ='16U BOYS SILVER-8 TEAMS'!E12&"" -> A2-CMAC | F20: ='16U BOYS SILVER-8 TEAMS'!F12&"" -> 10 | G20: ='16U BOYS SILVER-8 TEAMS'!G12&"" -> A3-PALOS VERDES BLUE | H20: ='16U BOYS SILVER-8 TEAMS'!H12&"" -> 6 | I20: ='16U BOYS SILVER-8 TEAMS'!I12&"" -> bracket, A2/A3 | J20: ='16U BOYS SILVER-8 TEAMS'!J12&"" -> 16U_BOYS_SILVER | K20: =TEXT(DATE(2026, MONTH(A20), DAY(A20)) + TIME(HOUR(B20), MINUTE(B20), 0), "yyyymmddhhmm") -> 202603071000
A21: ='16U BOYS SILVER-8 TEAMS'!A13 -> 46088 | B21: ='16U BOYS SILVER-8 TEAMS'!B13 -> 0.45833333 | C21: ='16U BOYS SILVER-8 TEAMS'!C13&"" -> COSTA MESA HS 1 | D21: ='16U BOYS SILVER-8 TEAMS'!D13&"" -> 16Bag04 | E21: ='16U BOYS SILVER-8 TEAMS'!E13&"" -> A1-HIELAND | F21: ='16U BOYS SILVER-8 TEAMS'!F13&"" -> 9 | G21: ='16U BOYS SILVER-8 TEAMS'!G13&"" -> A4-SUPREME | H21: ='16U BOYS SILVER-8 TEAMS'!H13&"" -> 10 | I21: ='16U BOYS SILVER-8 TEAMS'!I13&"" -> bracket, A1/A4 | J21: ='16U BOYS SILVER-8 TEAMS'!J13&"" -> 16U_BOYS_SILVER | K21: =TEXT(DATE(2026, MONTH(A21), DAY(A21)) + TIME(HOUR(B21), MINUTE(B21), 0), "yyyymmddhhmm") -> 202603071100
A22: ='16U BOYS SILVER-8 TEAMS'!A14 -> 46088 | B22: ='16U BOYS SILVER-8 TEAMS'!B14 -> 0.5 | C22: ='16U BOYS SILVER-8 TEAMS'!C14&"" -> COSTA MESA HS 1 | D22: ='16U BOYS SILVER-8 TEAMS'!D14&"" -> 16Bag05 | E22: ='16U BOYS SILVER-8 TEAMS'!E14&"" -> B1-TITANS | F22: ='16U BOYS SILVER-8 TEAMS'!F14&"" -> 8 | G22: ='16U BOYS SILVER-8 TEAMS'!G14&"" -> B3-SAN CLEMENTE BLACK | H22: ='16U BOYS SILVER-8 TEAMS'!H14&"" -> 15 | I22: ='16U BOYS SILVER-8 TEAMS'!I14&"" -> bracket, B1/B3 | J22: ='16U BOYS SILVER-8 TEAMS'!J14&"" -> 16U_BOYS_SILVER | K22: =TEXT(DATE(2026, MONTH(A22), DAY(A22)) + TIME(HOUR(B22), MINUTE(B22), 0), "yyyymmddhhmm") -> 202603071200
A23: ='16U BOYS SILVER-8 TEAMS'!A15 -> 46088 | B23: ='16U BOYS SILVER-8 TEAMS'!B15 -> 0.54166667 | C23: ='16U BOYS SILVER-8 TEAMS'!C15&"" -> COSTA MESA HS 1 | D23: ='16U BOYS SILVER-8 TEAMS'!D15&"" -> 16Bag06 | E23: ='16U BOYS SILVER-8 TEAMS'!E15&"" -> B2-TRILOGY WHITE | F23: ='16U BOYS SILVER-8 TEAMS'!F15&"" -> 11 | G23: ='16U BOYS SILVER-8 TEAMS'!G15&"" -> B4-NORTH IRVINE 14 BLACK | H23: ='16U BOYS SILVER-8 TEAMS'!H15&"" -> 6 | I23: ='16U BOYS SILVER-8 TEAMS'!I15&"" -> bracket, B2/B4 | J23: ='16U BOYS SILVER-8 TEAMS'!J15&"" -> 16U_BOYS_SILVER | K23: =TEXT(DATE(2026, MONTH(A23), DAY(A23)) + TIME(HOUR(B23), MINUTE(B23), 0), "yyyymmddhhmm") -> 202603071300
A24: ='16U BOYS SILVER-8 TEAMS'!A16 -> 46088 | B24: ='16U BOYS SILVER-8 TEAMS'!B16 -> 0.58333333 | C24: ='16U BOYS SILVER-8 TEAMS'!C16&"" -> COSTA MESA HS 1 | D24: ='16U BOYS SILVER-8 TEAMS'!D16&"" -> 16Bag07 | E24: ='16U BOYS SILVER-8 TEAMS'!E16&"" -> A2-CMAC | F24: ='16U BOYS SILVER-8 TEAMS'!F16&"" -> 11 | G24: ='16U BOYS SILVER-8 TEAMS'!G16&"" -> A4-SUPREME | H24: ='16U BOYS SILVER-8 TEAMS'!H16&"" -> 6 | I24: ='16U BOYS SILVER-8 TEAMS'!I16&"" -> bracket, A2/A4 | J24: ='16U BOYS SILVER-8 TEAMS'!J16&"" -> 16U_BOYS_SILVER | K24: =TEXT(DATE(2026, MONTH(A24), DAY(A24)) + TIME(HOUR(B24), MINUTE(B24), 0), "yyyymmddhhmm") -> 202603071400
A25: ='14U BOYS SILVER-16 TEAMS'!A23 -> 46088 | B25: ='14U BOYS SILVER-16 TEAMS'!B23 -> 0.625 | C25: ='14U BOYS SILVER-16 TEAMS'!C23&"" -> COSTA MESA HS 1 | D25: ='14U BOYS SILVER-16 TEAMS'!D23&"" -> 14Bag08 | E25: ='14U BOYS SILVER-16 TEAMS'!E23&"" -> W#3-PALOS VERDES B | F25: ='14U BOYS SILVER-16 TEAMS'!F23&"" -> 13 | G25: ='14U BOYS SILVER-16 TEAMS'!G23&"" -> W#4-NORTH IRVINE 12 BLACK | H25: ='14U BOYS SILVER-16 TEAMS'!H23&"" -> 9 | I25: ='14U BOYS SILVER-16 TEAMS'!I23&"" -> 1st/2ndC | J25: ='14U BOYS SILVER-16 TEAMS'!J23&"" -> 14U_BOYS_SILVER | K25: =TEXT(DATE(2026, MONTH(A25), DAY(A25)) + TIME(HOUR(B25), MINUTE(B25), 0), "yyyymmddhhmm") -> 202603071500
A26: ='14U BOYS SILVER-16 TEAMS'!A25 -> 46088 | B26: ='14U BOYS SILVER-16 TEAMS'!B25 -> 0.65972222 | C26: ='14U BOYS SILVER-16 TEAMS'!C25&"" -> COSTA MESA HS 1 | D26: ='14U BOYS SILVER-16 TEAMS'!D25&"" -> 14Bag16 | E26: ='14U BOYS SILVER-16 TEAMS'!E25&"" -> W#11-PASADENA AC ORANGE | F26: ='14U BOYS SILVER-16 TEAMS'!F25&"" -> 10 | G26: ='14U BOYS SILVER-16 TEAMS'!G25&"" -> W#12-RANCHO TSUNAMI 12 BLUE | H26: ='14U BOYS SILVER-16 TEAMS'!H25&"" -> 13 | I26: ='14U BOYS SILVER-16 TEAMS'!I25&"" -> 1st/2ndB | J26: ='14U BOYS SILVER-16 TEAMS'!J25&"" -> 14U_BOYS_SILVER | K26: =TEXT(DATE(2026, MONTH(A26), DAY(A26)) + TIME(HOUR(B26), MINUTE(B26), 0), "yyyymmddhhmm") -> 202603071550
A27: ='16U BOYS SILVER-8 TEAMS'!A21 -> 46089 | B27: ='16U BOYS SILVER-8 TEAMS'!B21 -> 0.33333333 | C27: ='16U BOYS SILVER-8 TEAMS'!C21&"" -> COSTA MESA HS 1 | D27: ='16U BOYS SILVER-8 TEAMS'!D21&"" -> 16Bag09 | E27: ='16U BOYS SILVER-8 TEAMS'!E21&"" -> B3-SAN CLEMENTE BLACK | F27: ='16U BOYS SILVER-8 TEAMS'!F21&"" -> 16 | G27: ='16U BOYS SILVER-8 TEAMS'!G21&"" -> B4-NORTH IRVINE 14 BLACK | H27: ='16U BOYS SILVER-8 TEAMS'!H21&"" -> 17 | I27: ='16U BOYS SILVER-8 TEAMS'!I21&"" -> bracket, B3/B4 | J27: ='16U BOYS SILVER-8 TEAMS'!J21&"" -> 16U_BOYS_SILVER | K27: =TEXT(DATE(2026, MONTH(A27), DAY(A27)) + TIME(HOUR(B27), MINUTE(B27), 0), "yyyymmddhhmm") -> 202603080800
A28: ='16U BOYS SILVER-8 TEAMS'!A22 -> 46089 | B28: ='16U BOYS SILVER-8 TEAMS'!B22 -> 0.375 | C28: ='16U BOYS SILVER-8 TEAMS'!C22&"" -> COSTA MESA HS 1 | D28: ='16U BOYS SILVER-8 TEAMS'!D22&"" -> 16Bag10 | E28: ='16U BOYS SILVER-8 TEAMS'!E22&"" -> A3-PALOS VERDES BLUE | F28: ='16U BOYS SILVER-8 TEAMS'!F22&"" -> 7 | G28: ='16U BOYS SILVER-8 TEAMS'!G22&"" -> A4-SUPREME | H28: ='16U BOYS SILVER-8 TEAMS'!H22&"" -> 6 | I28: ='16U BOYS SILVER-8 TEAMS'!I22&"" -> bracket, A3/A4 | J28: ='16U BOYS SILVER-8 TEAMS'!J22&"" -> 16U_BOYS_SILVER | K28: =TEXT(DATE(2026, MONTH(A28), DAY(A28)) + TIME(HOUR(B28), MINUTE(B28), 0), "yyyymmddhhmm") -> 202603080900
A29: ='16U BOYS SILVER-8 TEAMS'!A23 -> 46089 | B29: ='16U BOYS SILVER-8 TEAMS'!B23 -> 0.41666667 | C29: ='16U BOYS SILVER-8 TEAMS'!C23&"" -> COSTA MESA HS 1 | D29: ='16U BOYS SILVER-8 TEAMS'!D23&"" -> 16Bag11 | E29: ='16U BOYS SILVER-8 TEAMS'!E23&"" -> B1-TITANS | F29: ='16U BOYS SILVER-8 TEAMS'!F23&"" -> 10 | G29: ='16U BOYS SILVER-8 TEAMS'!G23&"" -> B2-TRILOGY WHITE | H29: ='16U BOYS SILVER-8 TEAMS'!H23&"" -> 16 | I29: ='16U BOYS SILVER-8 TEAMS'!I23&"" -> bracket, B1/B2 | J29: ='16U BOYS SILVER-8 TEAMS'!J23&"" -> 16U_BOYS_SILVER | K29: =TEXT(DATE(2026, MONTH(A29), DAY(A29)) + TIME(HOUR(B29), MINUTE(B29), 0), "yyyymmddhhmm") -> 202603081000
A30: ='16U BOYS SILVER-8 TEAMS'!A24 -> 46089 | B30: ='16U BOYS SILVER-8 TEAMS'!B24 -> 0.45833333 | C30: ='16U BOYS SILVER-8 TEAMS'!C24&"" -> COSTA MESA HS 1 | D30: ='16U BOYS SILVER-8 TEAMS'!D24&"" -> 16Bag12 | E30: ='16U BOYS SILVER-8 TEAMS'!E24&"" -> A1-HIELAND | F30: ='16U BOYS SILVER-8 TEAMS'!F24&"" -> 7 | G30: ='16U BOYS SILVER-8 TEAMS'!G24&"" -> A2-CMAC | H30: ='16U BOYS SILVER-8 TEAMS'!H24&"" -> 9 | I30: ='16U BOYS SILVER-8 TEAMS'!I24&"" -> bracket, A1/A2 | J30: ='16U BOYS SILVER-8 TEAMS'!J24&"" -> 16U_BOYS_SILVER | K30: =TEXT(DATE(2026, MONTH(A30), DAY(A30)) + TIME(HOUR(B30), MINUTE(B30), 0), "yyyymmddhhmm") -> 202603081100
A31: ='16U BOYS SILVER-8 TEAMS'!A25 -> 46089 | B31: ='16U BOYS SILVER-8 TEAMS'!B25 -> 0.5 | C31: ='16U BOYS SILVER-8 TEAMS'!C25&"" -> COSTA MESA HS 1 | D31: ='16U BOYS SILVER-8 TEAMS'!D25&"" -> 16Bag13 | E31: ='16U BOYS SILVER-8 TEAMS'!E25&"" -> 4thA-PALOS VERDES BLUE | F31: ='16U BOYS SILVER-8 TEAMS'!F25&"" -> 14 | G31: ='16U BOYS SILVER-8 TEAMS'!G25&"" -> 4thB-TITANS | H31: ='16U BOYS SILVER-8 TEAMS'!H25&"" -> 7 | I31: ='16U BOYS SILVER-8 TEAMS'!I25&"" -> 7th | J31: ='16U BOYS SILVER-8 TEAMS'!J25&"" -> 16U_BOYS_SILVER | K31: =TEXT(DATE(2026, MONTH(A31), DAY(A31)) + TIME(HOUR(B31), MINUTE(B31), 0), "yyyymmddhhmm") -> 202603081200
A32: ='16U BOYS SILVER-8 TEAMS'!A26 -> 46089 | B32: ='16U BOYS SILVER-8 TEAMS'!B26 -> 0.54166667 | C32: ='16U BOYS SILVER-8 TEAMS'!C26&"" -> COSTA MESA HS 1 | D32: ='16U BOYS SILVER-8 TEAMS'!D26&"" -> 16Bag14 | E32: ='16U BOYS SILVER-8 TEAMS'!E26&"" -> 3rdA-SUPREME | F32: ='16U BOYS SILVER-8 TEAMS'!F26&"" -> 5 | G32: ='16U BOYS SILVER-8 TEAMS'!G26&"" -> 3rdB-SAN CLEMENTE BLACK | H32: ='16U BOYS SILVER-8 TEAMS'!H26&"" -> 6 | I32: ='16U BOYS SILVER-8 TEAMS'!I26&"" -> 5th | J32: ='16U BOYS SILVER-8 TEAMS'!J26&"" -> 16U_BOYS_SILVER | K32: =TEXT(DATE(2026, MONTH(A32), DAY(A32)) + TIME(HOUR(B32), MINUTE(B32), 0), "yyyymmddhhmm") -> 202603081300
A33: ='16U BOYS SILVER-8 TEAMS'!A27 -> 46089 | B33: ='16U BOYS SILVER-8 TEAMS'!B27 -> 0.58333333 | C33: ='16U BOYS SILVER-8 TEAMS'!C27&"" -> COSTA MESA HS 1 | D33: ='16U BOYS SILVER-8 TEAMS'!D27&"" -> 16Bag15 | E33: ='16U BOYS SILVER-8 TEAMS'!E27&"" -> 2ndA-HIELAND | F33: ='16U BOYS SILVER-8 TEAMS'!F27&"" -> 16 | G33: ='16U BOYS SILVER-8 TEAMS'!G27&"" -> 2ndB-NORTH IRVINE 14 BLACK | H33: ='16U BOYS SILVER-8 TEAMS'!H27&"" -> 7 | I33: ='16U BOYS SILVER-8 TEAMS'!I27&"" -> 3rd | J33: ='16U BOYS SILVER-8 TEAMS'!J27&"" -> 16U_BOYS_SILVER | K33: =TEXT(DATE(2026, MONTH(A33), DAY(A33)) + TIME(HOUR(B33), MINUTE(B33), 0), "yyyymmddhhmm") -> 202603081400
A34: ='16U BOYS SILVER-8 TEAMS'!A28 -> 46089 | B34: ='16U BOYS SILVER-8 TEAMS'!B28 -> 0.625 | C34: ='16U BOYS SILVER-8 TEAMS'!C28&"" -> COSTA MESA HS 1 | D34: ='16U BOYS SILVER-8 TEAMS'!D28&"" -> 16Bag16 | E34: ='16U BOYS SILVER-8 TEAMS'!E28&"" -> 1stA-CMAC | F34: ='16U BOYS SILVER-8 TEAMS'!F28&"" -> 13 | G34: ='16U BOYS SILVER-8 TEAMS'!G28&"" -> 1stB-TRILOGY WHITE | H34: ='16U BOYS SILVER-8 TEAMS'!H28&"" -> 9 | I34: ='16U BOYS SILVER-8 TEAMS'!I28&"" -> 1st | J34: ='16U BOYS SILVER-8 TEAMS'!J28&"" -> 16U_BOYS_SILVER | K34: =TEXT(DATE(2026, MONTH(A34), DAY(A34)) + TIME(HOUR(B34), MINUTE(B34), 0), "yyyymmddhhmm") -> 202603081500
A35: ='12U BOYS-16 TEAMS'!A21 -> 46088 | B35: ='12U BOYS-16 TEAMS'!B21 -> 0.32638889 | C35: ='12U BOYS-16 TEAMS'!C21&"" -> COSTA MESA HS 2 | D35: ='12U BOYS-16 TEAMS'!D21&"" -> 12B01 | E35: ='12U BOYS-16 TEAMS'!E21&"" -> A1-LA PREMIER | F35: ='12U BOYS-16 TEAMS'!F21&"" -> 6 | G35: ='12U BOYS-16 TEAMS'!G21&"" -> A3-CMAC | H35: ='12U BOYS-16 TEAMS'!H21&"" -> 9 | I35: ='12U BOYS-16 TEAMS'!I21&"" -> A bracket A1,A3 platinum 1st-3rd | J35: ='12U BOYS-16 TEAMS'!J21&"" -> 12U_BOYS | K35: =TEXT(DATE(2026, MONTH(A35), DAY(A35)) + TIME(HOUR(B35), MINUTE(B35), 0), "yyyymmddhhmm") -> 202603070750
A36: ='12U BOYS-16 TEAMS'!A22 -> 46088 | B36: ='12U BOYS-16 TEAMS'!B22 -> 0.36111111 | C36: ='12U BOYS-16 TEAMS'!C22&"" -> COSTA MESA HS 2 | D36: ='12U BOYS-16 TEAMS'!D22&"" -> 12B02 | E36: ='12U BOYS-16 TEAMS'!E22&"" -> B1-TROJAN | F36: ='12U BOYS-16 TEAMS'!F22&"" -> 12 | G36: ='12U BOYS-16 TEAMS'!G22&"" -> B3-LAGUNA BEACH | H36: ='12U BOYS-16 TEAMS'!H22&"" -> 6 | I36: ='12U BOYS-16 TEAMS'!I22&"" -> B bracket B1,B3 | J36: ='12U BOYS-16 TEAMS'!J22&"" -> 12U_BOYS | K36: =TEXT(DATE(2026, MONTH(A36), DAY(A36)) + TIME(HOUR(B36), MINUTE(B36), 0), "yyyymmddhhmm") -> 202603070840
A37: ='12U BOYS-16 TEAMS'!A23 -> 46088 | B37: ='12U BOYS-16 TEAMS'!B23 -> 0.39583333 | C37: ='12U BOYS-16 TEAMS'!C23&"" -> COSTA MESA HS 2 | D37: ='12U BOYS-16 TEAMS'!D23&"" -> 12B03 | E37: ='12U BOYS-16 TEAMS'!E23&"" -> E1-CDM | F37: ='12U BOYS-16 TEAMS'!F23&"" -> 7 | G37: ='12U BOYS-16 TEAMS'!G23&"" -> E3-ORANGE COUNTY WPC B | H37: ='12U BOYS-16 TEAMS'!H23&"" -> 11 | I37: ='12U BOYS-16 TEAMS'!I23&"" -> E bracket E1,E3 silver 1st-3rd | J37: ='12U BOYS-16 TEAMS'!J23&"" -> 12U_BOYS | K37: =TEXT(DATE(2026, MONTH(A37), DAY(A37)) + TIME(HOUR(B37), MINUTE(B37), 0), "yyyymmddhhmm") -> 202603070930
A38: ='12U BOYS-16 TEAMS'!A24 -> 46088 | B38: ='12U BOYS-16 TEAMS'!B24 -> 0.43055556 | C38: ='12U BOYS-16 TEAMS'!C24&"" -> COSTA MESA HS 2 | D38: ='12U BOYS-16 TEAMS'!D24&"" -> 12B04 | E38: ='12U BOYS-16 TEAMS'!E24&"" -> A2-ORANGE COUNTY WPC A | F38: ='12U BOYS-16 TEAMS'!F24&"" -> 12 | G38: ='12U BOYS-16 TEAMS'!G24&"" -> A3-CMAC | H38: ='12U BOYS-16 TEAMS'!H24&"" -> 5 | I38: ='12U BOYS-16 TEAMS'!I24&"" -> A bracket A2,A3 platinum 1st-3rd | J38: ='12U BOYS-16 TEAMS'!J24&"" -> 12U_BOYS | K38: =TEXT(DATE(2026, MONTH(A38), DAY(A38)) + TIME(HOUR(B38), MINUTE(B38), 0), "yyyymmddhhmm") -> 202603071020
A39: ='12U BOYS-16 TEAMS'!A25 -> 46088 | B39: ='12U BOYS-16 TEAMS'!B25 -> 0.46527778 | C39: ='12U BOYS-16 TEAMS'!C25&"" -> COSTA MESA HS 2 | D39: ='12U BOYS-16 TEAMS'!D25&"" -> 12B05 | E39: ='12U BOYS-16 TEAMS'!E25&"" -> B2-ROUTE 66 | F39: ='12U BOYS-16 TEAMS'!F25&"" -> 12 | G39: ='12U BOYS-16 TEAMS'!G25&"" -> B3-LAGUNA BEACH | H39: ='12U BOYS-16 TEAMS'!H25&"" -> 5 | I39: ='12U BOYS-16 TEAMS'!I25&"" -> B bracket B2,B3 | J39: ='12U BOYS-16 TEAMS'!J25&"" -> 12U_BOYS | K39: =TEXT(DATE(2026, MONTH(A39), DAY(A39)) + TIME(HOUR(B39), MINUTE(B39), 0), "yyyymmddhhmm") -> 202603071110
A40: ='12U BOYS-16 TEAMS'!A26 -> 46088 | B40: ='12U BOYS-16 TEAMS'!B26 -> 0.5 | C40: ='12U BOYS-16 TEAMS'!C26&"" -> COSTA MESA HS 2 | D40: ='12U BOYS-16 TEAMS'!D26&"" -> 12B06 | E40: ='12U BOYS-16 TEAMS'!E26&"" -> E2-ORWP B | F40: ='12U BOYS-16 TEAMS'!F26&"" -> 9.1 | G40: ='12U BOYS-16 TEAMS'!G26&"" -> E3-ORANGE COUNTY WPC B | H40: ='12U BOYS-16 TEAMS'!H26&"" -> 9.2 | I40: ='12U BOYS-16 TEAMS'!I26&"" -> E bracket E2,E3 silver 1st-3rd | J40: ='12U BOYS-16 TEAMS'!J26&"" -> 12U_BOYS | K40: =TEXT(DATE(2026, MONTH(A40), DAY(A40)) + TIME(HOUR(B40), MINUTE(B40), 0), "yyyymmddhhmm") -> 202603071200
A41: ='12U BOYS-16 TEAMS'!A27 -> 46088 | B41: ='12U BOYS-16 TEAMS'!B27 -> 0.53472222 | C41: ='12U BOYS-16 TEAMS'!C27&"" -> COSTA MESA HS 2 | D41: ='12U BOYS-16 TEAMS'!D27&"" -> 12B07 | E41: ='12U BOYS-16 TEAMS'!E27&"" -> A1-LA PREMIER | F41: ='12U BOYS-16 TEAMS'!F27&"" -> 4 | G41: ='12U BOYS-16 TEAMS'!G27&"" -> A2-ORANGE COUNTY WPC A | H41: ='12U BOYS-16 TEAMS'!H27&"" -> 8 | I41: ='12U BOYS-16 TEAMS'!I27&"" -> A bracket A1,A2 platinum 1st-3rd | J41: ='12U BOYS-16 TEAMS'!J27&"" -> 12U_BOYS | K41: =TEXT(DATE(2026, MONTH(A41), DAY(A41)) + TIME(HOUR(B41), MINUTE(B41), 0), "yyyymmddhhmm") -> 202603071250
A42: ='12U BOYS-16 TEAMS'!A28 -> 46088 | B42: ='12U BOYS-16 TEAMS'!B28 -> 0.56944444 | C42: ='12U BOYS-16 TEAMS'!C28&"" -> COSTA MESA HS 2 | D42: ='12U BOYS-16 TEAMS'!D28&"" -> 12B08 | E42: ='12U BOYS-16 TEAMS'!E28&"" -> B1-TROJAN | F42: ='12U BOYS-16 TEAMS'!F28&"" -> 5 | G42: ='12U BOYS-16 TEAMS'!G28&"" -> B2-ROUTE 66 | H42: ='12U BOYS-16 TEAMS'!H28&"" -> 8 | I42: ='12U BOYS-16 TEAMS'!I28&"" -> B bracket B1,B2 | J42: ='12U BOYS-16 TEAMS'!J28&"" -> 12U_BOYS | K42: =TEXT(DATE(2026, MONTH(A42), DAY(A42)) + TIME(HOUR(B42), MINUTE(B42), 0), "yyyymmddhhmm") -> 202603071340
A43: ='12U BOYS-16 TEAMS'!A29 -> 46088 | B43: ='12U BOYS-16 TEAMS'!B29 -> 0.60416667 | C43: ='12U BOYS-16 TEAMS'!C29&"" -> COSTA MESA HS 2 | D43: ='12U BOYS-16 TEAMS'!D29&"" -> 12B09 | E43: ='12U BOYS-16 TEAMS'!E29&"" -> E1-CDM | F43: ='12U BOYS-16 TEAMS'!F29&"" -> 6 | G43: ='12U BOYS-16 TEAMS'!G29&"" -> E2-ORWP B | H43: ='12U BOYS-16 TEAMS'!H29&"" -> 11 | I43: ='12U BOYS-16 TEAMS'!I29&"" -> E bracket E1,E2 silver 1st-3rd | J43: ='12U BOYS-16 TEAMS'!J29&"" -> 12U_BOYS | K43: =TEXT(DATE(2026, MONTH(A43), DAY(A43)) + TIME(HOUR(B43), MINUTE(B43), 0), "yyyymmddhhmm") -> 202603071430
A44: ='12U BOYS-16 TEAMS'!A49 -> 46089 | B44: ='12U BOYS-16 TEAMS'!B49 -> 0.32638889 | C44: ='12U BOYS-16 TEAMS'!C49&"" -> COSTA MESA HS 2 | D44: ='12U BOYS-16 TEAMS'!D49&"" -> 12B19 | E44: ='12U BOYS-16 TEAMS'!E49&"" -> 2ndA-CMAC | F44: ='12U BOYS-16 TEAMS'!F49&"" -> 8 | G44: ='12U BOYS-16 TEAMS'!G49&"" -> 3rdD-NEWPORT BEACH 10 BLUE | H44: ='12U BOYS-16 TEAMS'!H49&"" -> 6 | I44: ='12U BOYS-16 TEAMS'!I49&"" -> cross | J44: ='12U BOYS-16 TEAMS'!J49&"" -> 12U_BOYS | K44: =TEXT(DATE(2026, MONTH(A44), DAY(A44)) + TIME(HOUR(B44), MINUTE(B44), 0), "yyyymmddhhmm") -> 202603080750
A45: ='12U BOYS-16 TEAMS'!A50 -> 46089 | B45: ='12U BOYS-16 TEAMS'!B50 -> 0.36111111 | C45: ='12U BOYS-16 TEAMS'!C50&"" -> COSTA MESA HS 2 | D45: ='12U BOYS-16 TEAMS'!D50&"" -> 12B20 | E45: ='12U BOYS-16 TEAMS'!E50&"" -> 2ndE-ORWP B | F45: ='12U BOYS-16 TEAMS'!F50&"" -> 6 | G45: ='12U BOYS-16 TEAMS'!G50&"" -> 4thD-VANGUARD SILVER | H45: ='12U BOYS-16 TEAMS'!H50&"" -> 16 | I45: ='12U BOYS-16 TEAMS'!I50&"" -> cross | J45: ='12U BOYS-16 TEAMS'!J50&"" -> 12U_BOYS | K45: =TEXT(DATE(2026, MONTH(A45), DAY(A45)) + TIME(HOUR(B45), MINUTE(B45), 0), "yyyymmddhhmm") -> 202603080840
A46: ='12U BOYS-16 TEAMS'!A51 -> 46089 | B46: ='12U BOYS-16 TEAMS'!B51 -> 0.39583333 | C46: ='12U BOYS-16 TEAMS'!C51&"" -> COSTA MESA HS 2 | D46: ='12U BOYS-16 TEAMS'!D51&"" -> 12B23 | E46: ='12U BOYS-16 TEAMS'!E51&"" -> 1stA-ORANGE COUNTY WPC A | F46: ='12U BOYS-16 TEAMS'!F51&"" -> 18 | G46: ='12U BOYS-16 TEAMS'!G51&"" -> 3rdB-LAGUNA BEACH | H46: ='12U BOYS-16 TEAMS'!H51&"" -> 2 | I46: ='12U BOYS-16 TEAMS'!I51&"" -> cross | J46: ='12U BOYS-16 TEAMS'!J51&"" -> 12U_BOYS | K46: =TEXT(DATE(2026, MONTH(A46), DAY(A46)) + TIME(HOUR(B46), MINUTE(B46), 0), "yyyymmddhhmm") -> 202603080930
A47: ='12U BOYS-16 TEAMS'!A52 -> 46089 | B47: ='12U BOYS-16 TEAMS'!B52 -> 0.43055556 | C47: ='12U BOYS-16 TEAMS'!C52&"" -> COSTA MESA HS 2 | D47: ='12U BOYS-16 TEAMS'!D52&"" -> 12B24 | E47: ='12U BOYS-16 TEAMS'!E52&"" -> 2ndA-CMAC | F47: ='12U BOYS-16 TEAMS'!F52&"" -> 16 | G47: ='12U BOYS-16 TEAMS'!G52&"" -> 1stE-ORANGE COUNTY WPC B | H47: ='12U BOYS-16 TEAMS'!H52&"" -> 6 | I47: ='12U BOYS-16 TEAMS'!I52&"" -> cross | J47: ='12U BOYS-16 TEAMS'!J52&"" -> 12U_BOYS | K47: =TEXT(DATE(2026, MONTH(A47), DAY(A47)) + TIME(HOUR(B47), MINUTE(B47), 0), "yyyymmddhhmm") -> 202603081020
A48: ='12U BOYS-16 TEAMS'!A53 -> 46089 | B48: ='12U BOYS-16 TEAMS'!B53 -> 0.46527778 | C48: ='12U BOYS-16 TEAMS'!C53&"" -> COSTA MESA HS 2 | D48: ='12U BOYS-16 TEAMS'!D53&"" -> 12B27 | E48: ='12U BOYS-16 TEAMS'!E53&"" -> 3rdE-CDM | F48: ='12U BOYS-16 TEAMS'!F53&"" -> 6 | G48: ='12U BOYS-16 TEAMS'!G53&"" -> 4thD-VANGUARD SILVER | H48: ='12U BOYS-16 TEAMS'!H53&"" -> 11 | I48: ='12U BOYS-16 TEAMS'!I53&"" -> cross | J48: ='12U BOYS-16 TEAMS'!J53&"" -> 12U_BOYS | K48: =TEXT(DATE(2026, MONTH(A48), DAY(A48)) + TIME(HOUR(B48), MINUTE(B48), 0), "yyyymmddhhmm") -> 202603081110
A49: ='12U BOYS-16 TEAMS'!A54 -> 46089 | B49: ='12U BOYS-16 TEAMS'!B54 -> 0.5 | C49: ='12U BOYS-16 TEAMS'!C54&"" -> COSTA MESA HS 2 | D49: ='12U BOYS-16 TEAMS'!D54&"" -> 12B28 | E49: ='12U BOYS-16 TEAMS'!E54&"" -> 1stA-ORANGE COUNTY WPC A | F49: ='12U BOYS-16 TEAMS'!F54&"" -> 19 | G49: ='12U BOYS-16 TEAMS'!G54&"" -> 3rdC-NORTH IRVINE RED | H49: ='12U BOYS-16 TEAMS'!H54&"" -> 2 | I49: ='12U BOYS-16 TEAMS'!I54&"" -> cross | J49: ='12U BOYS-16 TEAMS'!J54&"" -> 12U_BOYS | K49: =TEXT(DATE(2026, MONTH(A49), DAY(A49)) + TIME(HOUR(B49), MINUTE(B49), 0), "yyyymmddhhmm") -> 202603081200
A50: ='12U BOYS-16 TEAMS'!A55 -> 46089 | B50: ='12U BOYS-16 TEAMS'!B55 -> 0.53472222 | C50: ='12U BOYS-16 TEAMS'!C55&"" -> COSTA MESA HS 2 | D50: ='12U BOYS-16 TEAMS'!D55&"" -> 12B29 | E50: ='12U BOYS-16 TEAMS'!E55&"" -> 2ndE-ORWP B | F50: ='12U BOYS-16 TEAMS'!F55&"" -> 1 | G50: ='12U BOYS-16 TEAMS'!G55&"" -> 3rdD-NEWPORT BEACH 10 BLUE | H50: ='12U BOYS-16 TEAMS'!H55&"" -> 14 | I50: ='12U BOYS-16 TEAMS'!I55&"" -> cross | J50: ='12U BOYS-16 TEAMS'!J55&"" -> 12U_BOYS | K50: =TEXT(DATE(2026, MONTH(A50), DAY(A50)) + TIME(HOUR(B50), MINUTE(B50), 0), "yyyymmddhhmm") -> 202603081250
A51: ='12U BOYS-16 TEAMS'!A56 -> 46089 | B51: ='12U BOYS-16 TEAMS'!B56 -> 0.56944444 | C51: ='12U BOYS-16 TEAMS'!C56&"" -> COSTA MESA HS 2 | D51: ='12U BOYS-16 TEAMS'!D56&"" -> 12B30 | E51: ='12U BOYS-16 TEAMS'!E56&"" -> 3rdA-LA PREMIER | F51: ='12U BOYS-16 TEAMS'!F56&"" -> 24 | G51: ='12U BOYS-16 TEAMS'!G56&"" -> 1stE-ORANGE COUNTY WPC B | H51: ='12U BOYS-16 TEAMS'!H56&"" -> 0 | I51: ='12U BOYS-16 TEAMS'!I56&"" -> cross | J51: ='12U BOYS-16 TEAMS'!J56&"" -> 12U_BOYS | K51: =TEXT(DATE(2026, MONTH(A51), DAY(A51)) + TIME(HOUR(B51), MINUTE(B51), 0), "yyyymmddhhmm") -> 202603081340
A52: ='12U BOYS-16 TEAMS'!A57 -> 46089 | B52: ='12U BOYS-16 TEAMS'!B57 -> 0.60416667 | C52: ='12U BOYS-16 TEAMS'!C57&"" -> COSTA MESA HS 2 | D52: ='12U BOYS-16 TEAMS'!D57&"" -> 12B31 | E52: ='12U BOYS-16 TEAMS'!E57&"" -> 3rdB-LAGUNA BEACH | F52: ='12U BOYS-16 TEAMS'!F57&"" -> 0 | G52: ='12U BOYS-16 TEAMS'!G57&"" -> 3rdC-NORTH IRVINE RED | H52: ='12U BOYS-16 TEAMS'!H57&"" -> 8 | I52: ='12U BOYS-16 TEAMS'!I57&"" -> cross | J52: ='12U BOYS-16 TEAMS'!J57&"" -> 12U_BOYS | K52: =TEXT(DATE(2026, MONTH(A52), DAY(A52)) + TIME(HOUR(B52), MINUTE(B52), 0), "yyyymmddhhmm") -> 202603081430
A53: ='12U BOYS-16 TEAMS'!A58 -> 46089 | B53: ='12U BOYS-16 TEAMS'!B58 -> 0.63888889 | C53: ='12U BOYS-16 TEAMS'!C58&"" -> COSTA MESA HS 2 | D53: ='12U BOYS-16 TEAMS'!D58&"" -> 12B32 | E53: ='12U BOYS-16 TEAMS'!E58&"" -> 3rdA-LA PREMIER | F53: ='12U BOYS-16 TEAMS'!F58&"" -> 6 | G53: ='12U BOYS-16 TEAMS'!G58&"" -> 3rdE-CDM | H53: ='12U BOYS-16 TEAMS'!H58&"" -> 1 | I53: ='12U BOYS-16 TEAMS'!I58&"" -> cross | J53: ='12U BOYS-16 TEAMS'!J58&"" -> 12U_BOYS | K53: =TEXT(DATE(2026, MONTH(A53), DAY(A53)) + TIME(HOUR(B53), MINUTE(B53), 0), "yyyymmddhhmm") -> 202603081520
A54: ='14U GIRLS-9 TEAMS'!A14 -> 46088 | B54: ='14U GIRLS-9 TEAMS'!B14 -> 0.29166667 | C54: ='14U GIRLS-9 TEAMS'!C14&"" -> EL TORO HS 1 | D54: ='14U GIRLS-9 TEAMS'!D14&"" -> 14G01 | E54: ='14U GIRLS-9 TEAMS'!E14&"" -> C1-CV PREMIER | F54: ='14U GIRLS-9 TEAMS'!F14&"" -> 6 | G54: ='14U GIRLS-9 TEAMS'!G14&"" -> C2-INNIS ARDEN | H54: ='14U GIRLS-9 TEAMS'!H14&"" -> 16 | I54: ='14U GIRLS-9 TEAMS'!I14&"" -> C bracket silver 1st-3rd | J54: ='14U GIRLS-9 TEAMS'!J14&"" -> 14U_GIRLS | K54: =TEXT(DATE(2026, MONTH(A54), DAY(A54)) + TIME(HOUR(B54), MINUTE(B54), 0), "yyyymmddhhmm") -> 202603070700
A55: ='14U GIRLS-9 TEAMS'!A15 -> 46088 | B55: ='14U GIRLS-9 TEAMS'!B15 -> 0.32638889 | C55: ='14U GIRLS-9 TEAMS'!C15&"" -> EL TORO HS 1 | D55: ='14U GIRLS-9 TEAMS'!D15&"" -> 14G02 | E55: ='14U GIRLS-9 TEAMS'!E15&"" -> B1-SET | F55: ='14U GIRLS-9 TEAMS'!F15&"" -> 5 | G55: ='14U GIRLS-9 TEAMS'!G15&"" -> B3-ELITE | H55: ='14U GIRLS-9 TEAMS'!H15&"" -> 4 | I55: ='14U GIRLS-9 TEAMS'!I15&"" -> B bracket gold 1st-3rd | J55: ='14U GIRLS-9 TEAMS'!J15&"" -> 14U_GIRLS | K55: =TEXT(DATE(2026, MONTH(A55), DAY(A55)) + TIME(HOUR(B55), MINUTE(B55), 0), "yyyymmddhhmm") -> 202603070750
A56: ='14U GIRLS-9 TEAMS'!A16 -> 46088 | B56: ='14U GIRLS-9 TEAMS'!B16 -> 0.36111111 | C56: ='14U GIRLS-9 TEAMS'!C16&"" -> EL TORO HS 1 | D56: ='14U GIRLS-9 TEAMS'!D16&"" -> 14G03 | E56: ='14U GIRLS-9 TEAMS'!E16&"" -> A2-ROGUE 619 | F56: ='14U GIRLS-9 TEAMS'!F16&"" -> 17 | G56: ='14U GIRLS-9 TEAMS'!G16&"" -> A3-NORTH IRVINE | H56: ='14U GIRLS-9 TEAMS'!H16&"" -> 5 | I56: ='14U GIRLS-9 TEAMS'!I16&"" -> A bracket platinum 1st-3rd | J56: ='14U GIRLS-9 TEAMS'!J16&"" -> 14U_GIRLS | K56: =TEXT(DATE(2026, MONTH(A56), DAY(A56)) + TIME(HOUR(B56), MINUTE(B56), 0), "yyyymmddhhmm") -> 202603070840
A57: ='14U BOYS SILVER-16 TEAMS'!A13 -> 46088 | B57: ='14U BOYS SILVER-16 TEAMS'!B13 -> 0.39583333 | C57: ='14U BOYS SILVER-16 TEAMS'!C13&"" -> EL TORO HS 1 | D57: ='14U BOYS SILVER-16 TEAMS'!D13&"" -> 14Bag09 | E57: ='14U BOYS SILVER-16 TEAMS'!E13&"" -> D1-TITANS | F57: ='14U BOYS SILVER-16 TEAMS'!F13&"" -> 1 | G57: ='14U BOYS SILVER-16 TEAMS'!G13&"" -> D4-NEWPORT BEACH SILVER | H57: ='14U BOYS SILVER-16 TEAMS'!H13&"" -> 18 | I57: ='14U BOYS SILVER-16 TEAMS'!I13&"" -> W/L D1/D4 | J57: ='14U BOYS SILVER-16 TEAMS'!J13&"" -> 14U_BOYS_SILVER | K57: =TEXT(DATE(2026, MONTH(A57), DAY(A57)) + TIME(HOUR(B57), MINUTE(B57), 0), "yyyymmddhhmm") -> 202603070930
A58: ='14U BOYS SILVER-16 TEAMS'!A14 -> 46088 | B58: ='14U BOYS SILVER-16 TEAMS'!B14 -> 0.43055556 | C58: ='14U BOYS SILVER-16 TEAMS'!C14&"" -> EL TORO HS 1 | D58: ='14U BOYS SILVER-16 TEAMS'!D14&"" -> 14Bag10 | E58: ='14U BOYS SILVER-16 TEAMS'!E14&"" -> D2-SET | F58: ='14U BOYS SILVER-16 TEAMS'!F14&"" -> 5 | G58: ='14U BOYS SILVER-16 TEAMS'!G14&"" -> D3-ORWP B | H58: ='14U BOYS SILVER-16 TEAMS'!H14&"" -> 19 | I58: ='14U BOYS SILVER-16 TEAMS'!I14&"" -> W/L D2/D3 | J58: ='14U BOYS SILVER-16 TEAMS'!J14&"" -> 14U_BOYS_SILVER | K58: =TEXT(DATE(2026, MONTH(A58), DAY(A58)) + TIME(HOUR(B58), MINUTE(B58), 0), "yyyymmddhhmm") -> 202603071020
A59: ='14U GIRLS-9 TEAMS'!A18 -> 46088 | B59: ='14U GIRLS-9 TEAMS'!B18 -> 0.46527778 | C59: ='14U GIRLS-9 TEAMS'!C18&"" -> EL TORO HS 1 | D59: ='14U GIRLS-9 TEAMS'!D18&"" -> 14G04 | E59: ='14U GIRLS-9 TEAMS'!E18&"" -> C1-CV PREMIER | F59: ='14U GIRLS-9 TEAMS'!F18&"" -> 10 | G59: ='14U GIRLS-9 TEAMS'!G18&"" -> C3-TROJAN | H59: ='14U GIRLS-9 TEAMS'!H18&"" -> 5 | I59: ='14U GIRLS-9 TEAMS'!I18&"" -> C bracket silver 1st-3rd | J59: ='14U GIRLS-9 TEAMS'!J18&"" -> 14U_GIRLS | K59: =TEXT(DATE(2026, MONTH(A59), DAY(A59)) + TIME(HOUR(B59), MINUTE(B59), 0), "yyyymmddhhmm") -> 202603071110
A60: ='14U GIRLS-9 TEAMS'!A19 -> 46088 | B60: ='14U GIRLS-9 TEAMS'!B19 -> 0.5 | C60: ='14U GIRLS-9 TEAMS'!C19&"" -> EL TORO HS 1 | D60: ='14U GIRLS-9 TEAMS'!D19&"" -> 14G05 | E60: ='14U GIRLS-9 TEAMS'!E19&"" -> B1-SET | F60: ='14U GIRLS-9 TEAMS'!F19&"" -> 4 | G60: ='14U GIRLS-9 TEAMS'!G19&"" -> B2-PALOS VERDES BLACK | H60: ='14U GIRLS-9 TEAMS'!H19&"" -> 9 | I60: ='14U GIRLS-9 TEAMS'!I19&"" -> B bracket gold 1st-3rd | J60: ='14U GIRLS-9 TEAMS'!J19&"" -> 14U_GIRLS | K60: =TEXT(DATE(2026, MONTH(A60), DAY(A60)) + TIME(HOUR(B60), MINUTE(B60), 0), "yyyymmddhhmm") -> 202603071200
A61: ='14U GIRLS-9 TEAMS'!A20 -> 46088 | B61: ='14U GIRLS-9 TEAMS'!B20 -> 0.53472222 | C61: ='14U GIRLS-9 TEAMS'!C20&"" -> EL TORO HS 1 | D61: ='14U GIRLS-9 TEAMS'!D20&"" -> 14G06 | E61: ='14U GIRLS-9 TEAMS'!E20&"" -> A1-VIKING | F61: ='14U GIRLS-9 TEAMS'!F20&"" -> 17 | G61: ='14U GIRLS-9 TEAMS'!G20&"" -> A3-NORTH IRVINE | H61: ='14U GIRLS-9 TEAMS'!H20&"" -> 8 | I61: ='14U GIRLS-9 TEAMS'!I20&"" -> A bracket platinum 1st-3rd | J61: ='14U GIRLS-9 TEAMS'!J20&"" -> 14U_GIRLS | K61: =TEXT(DATE(2026, MONTH(A61), DAY(A61)) + TIME(HOUR(B61), MINUTE(B61), 0), "yyyymmddhhmm") -> 202603071250
A62: ='14U BOYS SILVER-16 TEAMS'!A20 -> 46088 | B62: ='14U BOYS SILVER-16 TEAMS'!B20 -> 0.56944444 | C62: ='14U BOYS SILVER-16 TEAMS'!C20&"" -> EL TORO HS 1 | D62: ='14U BOYS SILVER-16 TEAMS'!D20&"" -> 14Bag13 | E62: ='14U BOYS SILVER-16 TEAMS'!E20&"" -> L#9-TITANS | F62: ='14U BOYS SILVER-16 TEAMS'!F20&"" -> 11 | G62: ='14U BOYS SILVER-16 TEAMS'!G20&"" -> L#10-SET | H62: ='14U BOYS SILVER-16 TEAMS'!H20&"" -> 10 | I62: ='14U BOYS SILVER-16 TEAMS'!I20&"" -> 3rd/4thD | J62: ='14U BOYS SILVER-16 TEAMS'!J20&"" -> 14U_BOYS_SILVER | K62: =TEXT(DATE(2026, MONTH(A62), DAY(A62)) + TIME(HOUR(B62), MINUTE(B62), 0), "yyyymmddhhmm") -> 202603071340
A63: ='14U BOYS SILVER-16 TEAMS'!A22 -> 46088 | B63: ='14U BOYS SILVER-16 TEAMS'!B22 -> 0.60416667 | C63: ='14U BOYS SILVER-16 TEAMS'!C22&"" -> EL TORO HS 1 | D63: ='14U BOYS SILVER-16 TEAMS'!D22&"" -> 14Bag14 | E63: ='14U BOYS SILVER-16 TEAMS'!E22&"" -> W#9-NEWPORT BEACH SILVER | F63: ='14U BOYS SILVER-16 TEAMS'!F22&"" -> 8 | G63: ='14U BOYS SILVER-16 TEAMS'!G22&"" -> W#10-ORWP B | H63: ='14U BOYS SILVER-16 TEAMS'!H22&"" -> 7 | I63: ='14U BOYS SILVER-16 TEAMS'!I22&"" -> 1st/2ndD | J63: ='14U BOYS SILVER-16 TEAMS'!J22&"" -> 14U_BOYS_SILVER | K63: =TEXT(DATE(2026, MONTH(A63), DAY(A63)) + TIME(HOUR(B63), MINUTE(B63), 0), "yyyymmddhhmm") -> 202603071430
A64: ='14U GIRLS-9 TEAMS'!A22 -> 46088 | B64: ='14U GIRLS-9 TEAMS'!B22 -> 0.63888889 | C64: ='14U GIRLS-9 TEAMS'!C22&"" -> EL TORO HS 1 | D64: ='14U GIRLS-9 TEAMS'!D22&"" -> 14G07 | E64: ='14U GIRLS-9 TEAMS'!E22&"" -> C2-INNIS ARDEN | F64: ='14U GIRLS-9 TEAMS'!F22&"" -> 17 | G64: ='14U GIRLS-9 TEAMS'!G22&"" -> C3-TROJAN | H64: ='14U GIRLS-9 TEAMS'!H22&"" -> 4 | I64: ='14U GIRLS-9 TEAMS'!I22&"" -> C bracket silver 1st-3rd | J64: ='14U GIRLS-9 TEAMS'!J22&"" -> 14U_GIRLS | K64: =TEXT(DATE(2026, MONTH(A64), DAY(A64)) + TIME(HOUR(B64), MINUTE(B64), 0), "yyyymmddhhmm") -> 202603071520
A65: ='14U GIRLS-9 TEAMS'!A24 -> 46088 | B65: ='14U GIRLS-9 TEAMS'!B24 -> 0.67361111 | C65: ='14U GIRLS-9 TEAMS'!C24&"" -> EL TORO HS 1 | D65: ='14U GIRLS-9 TEAMS'!D24&"" -> 14G09 | E65: ='14U GIRLS-9 TEAMS'!E24&"" -> A1-VIKING | F65: ='14U GIRLS-9 TEAMS'!F24&"" -> 5 | G65: ='14U GIRLS-9 TEAMS'!G24&"" -> A2-ROGUE 619 | H65: ='14U GIRLS-9 TEAMS'!H24&"" -> 9 | I65: ='14U GIRLS-9 TEAMS'!I24&"" -> A bracket platinum 1st-3rd | J65: ='14U GIRLS-9 TEAMS'!J24&"" -> 14U_GIRLS | K65: =TEXT(DATE(2026, MONTH(A65), DAY(A65)) + TIME(HOUR(B65), MINUTE(B65), 0), "yyyymmddhhmm") -> 202603071610
A66: ='14U GIRLS-9 TEAMS'!A28 -> 46089 | B66: ='14U GIRLS-9 TEAMS'!B28 -> 0.32638889 | C66: ='14U GIRLS-9 TEAMS'!C28&"" -> EL TORO HS 1 | D66: ='14U GIRLS-9 TEAMS'!D28&"" -> 14G10 | E66: ='14U GIRLS-9 TEAMS'!E28&"" -> D1(3rdA)-NORTH IRVINE | F66: ='14U GIRLS-9 TEAMS'!F28&"" -> 16 | G66: ='14U GIRLS-9 TEAMS'!G28&"" -> D3(3rdC)-TROJAN | H66: ='14U GIRLS-9 TEAMS'!H28&"" -> 3 | I66: ='14U GIRLS-9 TEAMS'!I28&"" -> plat-gold-silver D1,D3 | J66: ='14U GIRLS-9 TEAMS'!J28&"" -> 14U_GIRLS | K66: =TEXT(DATE(2026, MONTH(A66), DAY(A66)) + TIME(HOUR(B66), MINUTE(B66), 0), "yyyymmddhhmm") -> 202603080750
A67: ='14U GIRLS-9 TEAMS'!A29 -> 46089 | B67: ='14U GIRLS-9 TEAMS'!B29 -> 0.36111111 | C67: ='14U GIRLS-9 TEAMS'!C29&"" -> EL TORO HS 1 | D67: ='14U GIRLS-9 TEAMS'!D29&"" -> 14G11 | E67: ='14U GIRLS-9 TEAMS'!E29&"" -> E1(2ndA)-VIKING | F67: ='14U GIRLS-9 TEAMS'!F29&"" -> 10 | G67: ='14U GIRLS-9 TEAMS'!G29&"" -> E3(2ndC)-CV PREMIER | H67: ='14U GIRLS-9 TEAMS'!H29&"" -> 3 | I67: ='14U GIRLS-9 TEAMS'!I29&"" -> plat-gold-silver E1,E3 | J67: ='14U GIRLS-9 TEAMS'!J29&"" -> 14U_GIRLS | K67: =TEXT(DATE(2026, MONTH(A67), DAY(A67)) + TIME(HOUR(B67), MINUTE(B67), 0), "yyyymmddhhmm") -> 202603080840
A68: ='14U GIRLS-9 TEAMS'!A30 -> 46089 | B68: ='14U GIRLS-9 TEAMS'!B30 -> 0.39583333 | C68: ='14U GIRLS-9 TEAMS'!C30&"" -> EL TORO HS 1 | D68: ='14U GIRLS-9 TEAMS'!D30&"" -> 14G12 | E68: ='14U GIRLS-9 TEAMS'!E30&"" -> F1(1stA)-ROGUE 619 | F68: ='14U GIRLS-9 TEAMS'!F30&"" -> 11 | G68: ='14U GIRLS-9 TEAMS'!G30&"" -> F3(1stC)-INNIS ARDEN | H68: ='14U GIRLS-9 TEAMS'!H30&"" -> 5 | I68: ='14U GIRLS-9 TEAMS'!I30&"" -> plat-gold-silver F1,F3 | J68: ='14U GIRLS-9 TEAMS'!J30&"" -> 14U_GIRLS | K68: =TEXT(DATE(2026, MONTH(A68), DAY(A68)) + TIME(HOUR(B68), MINUTE(B68), 0), "yyyymmddhhmm") -> 202603080930
A69: ='14U GIRLS-9 TEAMS'!A31 -> 46089 | B69: ='14U GIRLS-9 TEAMS'!B31 -> 0.43055556 | C69: ='14U GIRLS-9 TEAMS'!C31&"" -> EL TORO HS 1 | D69: ='14U GIRLS-9 TEAMS'!D31&"" -> 14G13 | E69: ='14U GIRLS-9 TEAMS'!E31&"" -> D2(3rdB)-ELITE | F69: ='14U GIRLS-9 TEAMS'!F31&"" -> 18 | G69: ='14U GIRLS-9 TEAMS'!G31&"" -> D3(3rdC)-TROJAN | H69: ='14U GIRLS-9 TEAMS'!H31&"" -> 3 | I69: ='14U GIRLS-9 TEAMS'!I31&"" -> plat-gold-silver D2,D3 | J69: ='14U GIRLS-9 TEAMS'!J31&"" -> 14U_GIRLS | K69: =TEXT(DATE(2026, MONTH(A69), DAY(A69)) + TIME(HOUR(B69), MINUTE(B69), 0), "yyyymmddhhmm") -> 202603081020
A70: ='14U GIRLS-9 TEAMS'!A32 -> 46089 | B70: ='14U GIRLS-9 TEAMS'!B32 -> 0.46527778 | C70: ='14U GIRLS-9 TEAMS'!C32&"" -> EL TORO HS 1 | D70: ='14U GIRLS-9 TEAMS'!D32&"" -> 14G14 | E70: ='14U GIRLS-9 TEAMS'!E32&"" -> E2(2ndB)-SET | F70: ='14U GIRLS-9 TEAMS'!F32&"" -> 11 | G70: ='14U GIRLS-9 TEAMS'!G32&"" -> E3(2ndC)-CV PREMIER | H70: ='14U GIRLS-9 TEAMS'!H32&"" -> 5 | I70: ='14U GIRLS-9 TEAMS'!I32&"" -> plat-gold-silver E2,E3 | J70: ='14U GIRLS-9 TEAMS'!J32&"" -> 14U_GIRLS | K70: =TEXT(DATE(2026, MONTH(A70), DAY(A70)) + TIME(HOUR(B70), MINUTE(B70), 0), "yyyymmddhhmm") -> 202603081110
A71: ='14U GIRLS-9 TEAMS'!A33 -> 46089 | B71: ='14U GIRLS-9 TEAMS'!B33 -> 0.5 | C71: ='14U GIRLS-9 TEAMS'!C33&"" -> EL TORO HS 1 | D71: ='14U GIRLS-9 TEAMS'!D33&"" -> 14G15 | E71: ='14U GIRLS-9 TEAMS'!E33&"" -> F2(1stB)-PALOS VERDES BLACK | F71: ='14U GIRLS-9 TEAMS'!F33&"" -> 10 | G71: ='14U GIRLS-9 TEAMS'!G33&"" -> F3(1stC)-INNIS ARDEN | H71: ='14U GIRLS-9 TEAMS'!H33&"" -> 7 | I71: ='14U GIRLS-9 TEAMS'!I33&"" -> plat-gold-silver F2,F3 | J71: ='14U GIRLS-9 TEAMS'!J33&"" -> 14U_GIRLS | K71: =TEXT(DATE(2026, MONTH(A71), DAY(A71)) + TIME(HOUR(B71), MINUTE(B71), 0), "yyyymmddhhmm") -> 202603081200
A72: ='14U BOYS GOLD-16 TEAMS'!A39 -> 46089 | B72: ='14U BOYS GOLD-16 TEAMS'!B39 -> 0.53472222 | C72: ='14U BOYS GOLD-16 TEAMS'!C39&"" -> EL TORO HS 1 | D72: ='14U BOYS GOLD-16 TEAMS'!D39&"" -> 14Bau31 | E72: ='14U BOYS GOLD-16 TEAMS'!E39&"" -> W#27-PRIDE RED | F72: ='14U BOYS GOLD-16 TEAMS'!F39&"" -> 9 | G72: ='14U BOYS GOLD-16 TEAMS'!G39&"" -> W#28-NEWPORT BEACH WHITE | H72: ='14U BOYS GOLD-16 TEAMS'!H39&"" -> 11 | I72: ='14U BOYS GOLD-16 TEAMS'!I39&"" -> 9th | J72: ='14U BOYS GOLD-16 TEAMS'!J39&"" -> 14U_BOYS_GOLD | K72: =TEXT(DATE(2026, MONTH(A72), DAY(A72)) + TIME(HOUR(B72), MINUTE(B72), 0), "yyyymmddhhmm") -> 202603081250
A73: ='14U BOYS GOLD-16 TEAMS'!A41 -> 46089 | B73: ='14U BOYS GOLD-16 TEAMS'!B41 -> 0.56944444 | C73: ='14U BOYS GOLD-16 TEAMS'!C41&"" -> EL TORO HS 1 | D73: ='14U BOYS GOLD-16 TEAMS'!D41&"" -> 14Bau32 | E73: ='14U BOYS GOLD-16 TEAMS'!E41&"" -> L#27-TRILOGY BLACK | F73: ='14U BOYS GOLD-16 TEAMS'!F41&"" -> 3 | G73: ='14U BOYS GOLD-16 TEAMS'!G41&"" -> L#28-SOCAL 12 BLACK | H73: ='14U BOYS GOLD-16 TEAMS'!H41&"" -> 7 | I73: ='14U BOYS GOLD-16 TEAMS'!I41&"" -> 11th | J73: ='14U BOYS GOLD-16 TEAMS'!J41&"" -> 14U_BOYS_GOLD | K73: =TEXT(DATE(2026, MONTH(A73), DAY(A73)) + TIME(HOUR(B73), MINUTE(B73), 0), "yyyymmddhhmm") -> 202603081340
A74: ='14U GIRLS-9 TEAMS'!A35 -> 46089 | B74: ='14U GIRLS-9 TEAMS'!B35 -> 0.60416667 | C74: ='14U GIRLS-9 TEAMS'!C35&"" -> EL TORO HS 1 | D74: ='14U GIRLS-9 TEAMS'!D35&"" -> 14G16 | E74: ='14U GIRLS-9 TEAMS'!E35&"" -> D1(3rdA)-NORTH IRVINE | F74: ='14U GIRLS-9 TEAMS'!F35&"" -> 6 | G74: ='14U GIRLS-9 TEAMS'!G35&"" -> D2(3rdB)-ELITE | H74: ='14U GIRLS-9 TEAMS'!H35&"" -> 11 | I74: ='14U GIRLS-9 TEAMS'!I35&"" -> plat-gold-silver D1,D2 | J74: ='14U GIRLS-9 TEAMS'!J35&"" -> 14U_GIRLS | K74: =TEXT(DATE(2026, MONTH(A74), DAY(A74)) + TIME(HOUR(B74), MINUTE(B74), 0), "yyyymmddhhmm") -> 202603081430
A75: ='14U GIRLS-9 TEAMS'!A36 -> 46089 | B75: ='14U GIRLS-9 TEAMS'!B36 -> 0.63888889 | C75: ='14U GIRLS-9 TEAMS'!C36&"" -> EL TORO HS 1 | D75: ='14U GIRLS-9 TEAMS'!D36&"" -> 14G17 | E75: ='14U GIRLS-9 TEAMS'!E36&"" -> E1(2ndA)-VIKING | F75: ='14U GIRLS-9 TEAMS'!F36&"" -> 11 | G75: ='14U GIRLS-9 TEAMS'!G36&"" -> E2(2ndB)-SET | H75: ='14U GIRLS-9 TEAMS'!H36&"" -> 6 | I75: ='14U GIRLS-9 TEAMS'!I36&"" -> plat-gold-silver E1,E2 | J75: ='14U GIRLS-9 TEAMS'!J36&"" -> 14U_GIRLS | K75: =TEXT(DATE(2026, MONTH(A75), DAY(A75)) + TIME(HOUR(B75), MINUTE(B75), 0), "yyyymmddhhmm") -> 202603081520
A76: ='14U GIRLS-9 TEAMS'!A37 -> 46089 | B76: ='14U GIRLS-9 TEAMS'!B37 -> 0.67361111 | C76: ='14U GIRLS-9 TEAMS'!C37&"" -> EL TORO HS 1 | D76: ='14U GIRLS-9 TEAMS'!D37&"" -> 14G18 | E76: ='14U GIRLS-9 TEAMS'!E37&"" -> F1(1stA)-ROGUE 619 | F76: ='14U GIRLS-9 TEAMS'!F37&"" -> 10 | G76: ='14U GIRLS-9 TEAMS'!G37&"" -> F2(1stB)-PALOS VERDES BLACK | H76: ='14U GIRLS-9 TEAMS'!H37&"" -> 9 | I76: ='14U GIRLS-9 TEAMS'!I37&"" -> plat-gold-silver F1,F2 | J76: ='14U GIRLS-9 TEAMS'!J37&"" -> 14U_GIRLS | K76: =TEXT(DATE(2026, MONTH(A76), DAY(A76)) + TIME(HOUR(B76), MINUTE(B76), 0), "yyyymmddhhmm") -> 202603081610
A77: ='10U GIRLS COED AU AG-12 TEAMS'!A10 -> 46088 | B77: ='10U GIRLS COED AU AG-12 TEAMS'!B10 -> 0.33333333 | C77: ='10U GIRLS COED AU AG-12 TEAMS'!C10&"" -> EL TORO HS 2 | D77: ='10U GIRLS COED AU AG-12 TEAMS'!D10&"" -> 10GCauag01 | E77: ='10U GIRLS COED AU AG-12 TEAMS'!E10&"" -> B1-SAN CLEMENTE GIRLS RED ag | F77: ='10U GIRLS COED AU AG-12 TEAMS'!F10&"" -> 6 | G77: ='10U GIRLS COED AU AG-12 TEAMS'!G10&"" -> B4-TROJAN NORTH ag | H77: ='10U GIRLS COED AU AG-12 TEAMS'!H10&"" -> 14 | I77: ='10U GIRLS COED AU AG-12 TEAMS'!I10&"" -> B bracket, B1/B4 coed silver 1st-4th | J77: ='10U GIRLS COED AU AG-12 TEAMS'!J10&"" -> 10U_GIRLS_COED_GOLD_SILVER | K77: =TEXT(DATE(2026, MONTH(A77), DAY(A77)) + TIME(HOUR(B77), MINUTE(B77), 0), "yyyymmddhhmm") -> 202603070800
A78: ='10U GIRLS COED AU AG-12 TEAMS'!A11 -> 46088 | B78: ='10U GIRLS COED AU AG-12 TEAMS'!B11 -> 0.36805556 | C78: ='10U GIRLS COED AU AG-12 TEAMS'!C11&"" -> EL TORO HS 2 | D78: ='10U GIRLS COED AU AG-12 TEAMS'!D11&"" -> 10GCauag02 | E78: ='10U GIRLS COED AU AG-12 TEAMS'!E11&"" -> B2-CDM BOYS WHITE ag | F78: ='10U GIRLS COED AU AG-12 TEAMS'!F11&"" -> 8 | G78: ='10U GIRLS COED AU AG-12 TEAMS'!G11&"" -> B3-LAGUNA BEACH ag | H78: ='10U GIRLS COED AU AG-12 TEAMS'!H11&"" -> 10 | I78: ='10U GIRLS COED AU AG-12 TEAMS'!I11&"" -> B bracket, B2/B3 coed silver 1st-4th | J78: ='10U GIRLS COED AU AG-12 TEAMS'!J11&"" -> 10U_GIRLS_COED_GOLD_SILVER | K78: =TEXT(DATE(2026, MONTH(A78), DAY(A78)) + TIME(HOUR(B78), MINUTE(B78), 0), "yyyymmddhhmm") -> 202603070850
A79: ='10U GIRLS COED AU AG-12 TEAMS'!A12 -> 46088 | B79: ='10U GIRLS COED AU AG-12 TEAMS'!B12 -> 0.40277778 | C79: ='10U GIRLS COED AU AG-12 TEAMS'!C12&"" -> EL TORO HS 2 | D79: ='10U GIRLS COED AU AG-12 TEAMS'!D12&"" -> 10GCauag03 | E79: ='10U GIRLS COED AU AG-12 TEAMS'!E12&"" -> A1-TROJAN SOUTH au | F79: ='10U GIRLS COED AU AG-12 TEAMS'!F12&"" -> 3 | G79: ='10U GIRLS COED AU AG-12 TEAMS'!G12&"" -> A4-ORANGE COUNTY WPC B au | H79: ='10U GIRLS COED AU AG-12 TEAMS'!H12&"" -> 14 | I79: ='10U GIRLS COED AU AG-12 TEAMS'!I12&"" -> A bracket, A1/A4 coed gold 1st-4th | J79: ='10U GIRLS COED AU AG-12 TEAMS'!J12&"" -> 10U_GIRLS_COED_GOLD_SILVER | K79: =TEXT(DATE(2026, MONTH(A79), DAY(A79)) + TIME(HOUR(B79), MINUTE(B79), 0), "yyyymmddhhmm") -> 202603070940
A80: ='10U GIRLS COED AU AG-12 TEAMS'!A14 -> 46088 | B80: ='10U GIRLS COED AU AG-12 TEAMS'!B14 -> 0.4375 | C80: ='10U GIRLS COED AU AG-12 TEAMS'!C14&"" -> EL TORO HS 2 | D80: ='10U GIRLS COED AU AG-12 TEAMS'!D14&"" -> 10GCauag04 | E80: ='10U GIRLS COED AU AG-12 TEAMS'!E14&"" -> A2-VANGUARD BLUE au | F80: ='10U GIRLS COED AU AG-12 TEAMS'!F14&"" -> 17 | G80: ='10U GIRLS COED AU AG-12 TEAMS'!G14&"" -> A3-SAN CLEMENTE BLACK au | H80: ='10U GIRLS COED AU AG-12 TEAMS'!H14&"" -> 3 | I80: ='10U GIRLS COED AU AG-12 TEAMS'!I14&"" -> A bracket, A2/A3 coed gold 1st-4th | J80: ='10U GIRLS COED AU AG-12 TEAMS'!J14&"" -> 10U_GIRLS_COED_GOLD_SILVER | K80: =TEXT(DATE(2026, MONTH(A80), DAY(A80)) + TIME(HOUR(B80), MINUTE(B80), 0), "yyyymmddhhmm") -> 202603071030
A81: ='10U GIRLS COED AU AG-12 TEAMS'!A16 -> 46088 | B81: ='10U GIRLS COED AU AG-12 TEAMS'!B16 -> 0.47222222 | C81: ='10U GIRLS COED AU AG-12 TEAMS'!C16&"" -> EL TORO HS 2 | D81: ='10U GIRLS COED AU AG-12 TEAMS'!D16&"" -> 10GCauag07 | E81: ='10U GIRLS COED AU AG-12 TEAMS'!E16&"" -> B2-CDM BOYS WHITE ag | F81: ='10U GIRLS COED AU AG-12 TEAMS'!F16&"" -> 4 | G81: ='10U GIRLS COED AU AG-12 TEAMS'!G16&"" -> B4-TROJAN NORTH ag | H81: ='10U GIRLS COED AU AG-12 TEAMS'!H16&"" -> 14 | I81: ='10U GIRLS COED AU AG-12 TEAMS'!I16&"" -> B bracket, B2/B4 coed silver 1st-4th | J81: ='10U GIRLS COED AU AG-12 TEAMS'!J16&"" -> 10U_GIRLS_COED_GOLD_SILVER | K81: =TEXT(DATE(2026, MONTH(A81), DAY(A81)) + TIME(HOUR(B81), MINUTE(B81), 0), "yyyymmddhhmm") -> 202603071120
A82: ='10U GIRLS COED AU AG-12 TEAMS'!A17 -> 46088 | B82: ='10U GIRLS COED AU AG-12 TEAMS'!B17 -> 0.50694444 | C82: ='10U GIRLS COED AU AG-12 TEAMS'!C17&"" -> EL TORO HS 2 | D82: ='10U GIRLS COED AU AG-12 TEAMS'!D17&"" -> 10GCauag08 | E82: ='10U GIRLS COED AU AG-12 TEAMS'!E17&"" -> B1-SAN CLEMENTE GIRLS RED ag | F82: ='10U GIRLS COED AU AG-12 TEAMS'!F17&"" -> 9 | G82: ='10U GIRLS COED AU AG-12 TEAMS'!G17&"" -> B3-LAGUNA BEACH ag | H82: ='10U GIRLS COED AU AG-12 TEAMS'!H17&"" -> 10 | I82: ='10U GIRLS COED AU AG-12 TEAMS'!I17&"" -> B bracket, B1/B3 coed silver 1st-4th | J82: ='10U GIRLS COED AU AG-12 TEAMS'!J17&"" -> 10U_GIRLS_COED_GOLD_SILVER | K82: =TEXT(DATE(2026, MONTH(A82), DAY(A82)) + TIME(HOUR(B82), MINUTE(B82), 0), "yyyymmddhhmm") -> 202603071210
A83: ='10U GIRLS COED AU AG-12 TEAMS'!A18 -> 46088 | B83: ='10U GIRLS COED AU AG-12 TEAMS'!B18 -> 0.54166667 | C83: ='10U GIRLS COED AU AG-12 TEAMS'!C18&"" -> EL TORO HS 2 | D83: ='10U GIRLS COED AU AG-12 TEAMS'!D18&"" -> 10GCauag09 | E83: ='10U GIRLS COED AU AG-12 TEAMS'!E18&"" -> A1-TROJAN SOUTH au | F83: ='10U GIRLS COED AU AG-12 TEAMS'!F18&"" -> 15 | G83: ='10U GIRLS COED AU AG-12 TEAMS'!G18&"" -> A3-SAN CLEMENTE BLACK au | H83: ='10U GIRLS COED AU AG-12 TEAMS'!H18&"" -> 6 | I83: ='10U GIRLS COED AU AG-12 TEAMS'!I18&"" -> A bracket, A1/A3 coed gold 1st-4th | J83: ='10U GIRLS COED AU AG-12 TEAMS'!J18&"" -> 10U_GIRLS_COED_GOLD_SILVER | K83: =TEXT(DATE(2026, MONTH(A83), DAY(A83)) + TIME(HOUR(B83), MINUTE(B83), 0), "yyyymmddhhmm") -> 202603071300
A84: ='10U GIRLS COED AU AG-12 TEAMS'!A20 -> 46088 | B84: ='10U GIRLS COED AU AG-12 TEAMS'!B20 -> 0.57638889 | C84: ='10U GIRLS COED AU AG-12 TEAMS'!C20&"" -> EL TORO HS 2 | D84: ='10U GIRLS COED AU AG-12 TEAMS'!D20&"" -> 10GCauag10 | E84: ='10U GIRLS COED AU AG-12 TEAMS'!E20&"" -> A2-VANGUARD BLUE au | F84: ='10U GIRLS COED AU AG-12 TEAMS'!F20&"" -> 5 | G84: ='10U GIRLS COED AU AG-12 TEAMS'!G20&"" -> A4-ORANGE COUNTY WPC B au | H84: ='10U GIRLS COED AU AG-12 TEAMS'!H20&"" -> 11 | I84: ='10U GIRLS COED AU AG-12 TEAMS'!I20&"" -> A bracket, A2/A4 coed gold 1st-4th | J84: ='10U GIRLS COED AU AG-12 TEAMS'!J20&"" -> 10U_GIRLS_COED_GOLD_SILVER | K84: =TEXT(DATE(2026, MONTH(A84), DAY(A84)) + TIME(HOUR(B84), MINUTE(B84), 0), "yyyymmddhhmm") -> 202603071350
A85: ='10U BOYS & COED PT-7 CUSTOM'!A17 -> 46088 | B85: ='10U BOYS & COED PT-7 CUSTOM'!B17 -> 0.61111111 | C85: ='10U BOYS & COED PT-7 CUSTOM'!C17&"" -> EL TORO HS 2 | D85: ='10U BOYS & COED PT-7 CUSTOM'!D17&"" -> 10BCpt06 | E85: ='10U BOYS & COED PT-7 CUSTOM'!E17&"" -> B1-ORWP A | F85: ='10U BOYS & COED PT-7 CUSTOM'!F17&"" -> 9 | G85: ='10U BOYS & COED PT-7 CUSTOM'!G17&"" -> B3-SAN CLEMENTE RED | H85: ='10U BOYS & COED PT-7 CUSTOM'!H17&"" -> 8 | I85: ='10U BOYS & COED PT-7 CUSTOM'!I17&"" -> B bracket B1,B3 Boys 1st-4th | J85: ='10U BOYS & COED PT-7 CUSTOM'!J17&"" -> 10U_BOYS_&_COED_PLATINUM | K85: =TEXT(DATE(2026, MONTH(A85), DAY(A85)) + TIME(HOUR(B85), MINUTE(B85), 0), "yyyymmddhhmm") -> 202603071440
A86: ='10U BOYS & COED PT-7 CUSTOM'!A18 -> 46088 | B86: ='10U BOYS & COED PT-7 CUSTOM'!B18 -> 0.64583333 | C86: ='10U BOYS & COED PT-7 CUSTOM'!C18&"" -> EL TORO HS 2 | D86: ='10U BOYS & COED PT-7 CUSTOM'!D18&"" -> 10BCpt07 | E86: ='10U BOYS & COED PT-7 CUSTOM'!E18&"" -> B2-CDM BLUE | F86: ='10U BOYS & COED PT-7 CUSTOM'!F18&"" -> 13 | G86: ='10U BOYS & COED PT-7 CUSTOM'!G18&"" -> B4-NEWPORT BEACH WHITE | H86: ='10U BOYS & COED PT-7 CUSTOM'!H18&"" -> 10 | I86: ='10U BOYS & COED PT-7 CUSTOM'!I18&"" -> B bracket B2,B4 Boys 1st-4th | J86: ='10U BOYS & COED PT-7 CUSTOM'!J18&"" -> 10U_BOYS_&_COED_PLATINUM | K86: =TEXT(DATE(2026, MONTH(A86), DAY(A86)) + TIME(HOUR(B86), MINUTE(B86), 0), "yyyymmddhhmm") -> 202603071530
A87: ='10U GIRLS COED AU AG-12 TEAMS'!A25 -> 46089 | B87: ='10U GIRLS COED AU AG-12 TEAMS'!B25 -> 0.33333333 | C87: ='10U GIRLS COED AU AG-12 TEAMS'!C25&"" -> EL TORO HS 2 | D87: ='10U GIRLS COED AU AG-12 TEAMS'!D25&"" -> 10GCauag13 | E87: ='10U GIRLS COED AU AG-12 TEAMS'!E25&"" -> A1-TROJAN SOUTH au | F87: ='10U GIRLS COED AU AG-12 TEAMS'!F25&"" -> 9 | G87: ='10U GIRLS COED AU AG-12 TEAMS'!G25&"" -> A2-VANGUARD BLUE au | H87: ='10U GIRLS COED AU AG-12 TEAMS'!H25&"" -> 15 | I87: ='10U GIRLS COED AU AG-12 TEAMS'!I25&"" -> bracket, A1/A2 coed gold 1st-4th | J87: ='10U GIRLS COED AU AG-12 TEAMS'!J25&"" -> 10U_GIRLS_COED_GOLD_SILVER | K87: =TEXT(DATE(2026, MONTH(A87), DAY(A87)) + TIME(HOUR(B87), MINUTE(B87), 0), "yyyymmddhhmm") -> 202603080800
A88: ='10U GIRLS COED AU AG-12 TEAMS'!A26 -> 46089 | B88: ='10U GIRLS COED AU AG-12 TEAMS'!B26 -> 0.36805556 | C88: ='10U GIRLS COED AU AG-12 TEAMS'!C26&"" -> EL TORO HS 2 | D88: ='10U GIRLS COED AU AG-12 TEAMS'!D26&"" -> 10GCauag14 | E88: ='10U GIRLS COED AU AG-12 TEAMS'!E26&"" -> A3-SAN CLEMENTE BLACK au | F88: ='10U GIRLS COED AU AG-12 TEAMS'!F26&"" -> 3 | G88: ='10U GIRLS COED AU AG-12 TEAMS'!G26&"" -> A4-ORANGE COUNTY WPC B au | H88: ='10U GIRLS COED AU AG-12 TEAMS'!H26&"" -> 17 | I88: ='10U GIRLS COED AU AG-12 TEAMS'!I26&"" -> bracket, A3/A4 coed gold 1st-4th | J88: ='10U GIRLS COED AU AG-12 TEAMS'!J26&"" -> 10U_GIRLS_COED_GOLD_SILVER | K88: =TEXT(DATE(2026, MONTH(A88), DAY(A88)) + TIME(HOUR(B88), MINUTE(B88), 0), "yyyymmddhhmm") -> 202603080850
A89: ='10U GIRLS COED AU AG-12 TEAMS'!A28 -> 46089 | B89: ='10U GIRLS COED AU AG-12 TEAMS'!B28 -> 0.40277778 | C89: ='10U GIRLS COED AU AG-12 TEAMS'!C28&"" -> EL TORO HS 2 | D89: ='10U GIRLS COED AU AG-12 TEAMS'!D28&"" -> 10GCauag16 | E89: ='10U GIRLS COED AU AG-12 TEAMS'!E28&"" -> B3-LAGUNA BEACH ag | F89: ='10U GIRLS COED AU AG-12 TEAMS'!F28&"" -> 4 | G89: ='10U GIRLS COED AU AG-12 TEAMS'!G28&"" -> B4-TROJAN NORTH ag | H89: ='10U GIRLS COED AU AG-12 TEAMS'!H28&"" -> 15 | I89: ='10U GIRLS COED AU AG-12 TEAMS'!I28&"" -> bracket, B3/B4 coed silver 1st-4th | J89: ='10U GIRLS COED AU AG-12 TEAMS'!J28&"" -> 10U_GIRLS_COED_GOLD_SILVER | K89: =TEXT(DATE(2026, MONTH(A89), DAY(A89)) + TIME(HOUR(B89), MINUTE(B89), 0), "yyyymmddhhmm") -> 202603080940
A90: ='10U GIRLS COED AU AG-12 TEAMS'!A29 -> 46089 | B90: ='10U GIRLS COED AU AG-12 TEAMS'!B29 -> 0.4375 | C90: ='10U GIRLS COED AU AG-12 TEAMS'!C29&"" -> EL TORO HS 2 | D90: ='10U GIRLS COED AU AG-12 TEAMS'!D29&"" -> 10GCauag17 | E90: ='10U GIRLS COED AU AG-12 TEAMS'!E29&"" -> 1stA-ORANGE COUNTY WPC B au | F90: ='10U GIRLS COED AU AG-12 TEAMS'!F29&"" -> 7 | G90: ='10U GIRLS COED AU AG-12 TEAMS'!G29&"" -> C1-DEL MAR GIRLS BLUE | H90: ='10U GIRLS COED AU AG-12 TEAMS'!H29&"" -> 9 | I90: ='10U GIRLS COED AU AG-12 TEAMS'!I29&"" -> cross | J90: ='10U GIRLS COED AU AG-12 TEAMS'!J29&"" -> 10U_GIRLS_COED_GOLD_SILVER | K90: =TEXT(DATE(2026, MONTH(A90), DAY(A90)) + TIME(HOUR(B90), MINUTE(B90), 0), "yyyymmddhhmm") -> 202603081030
A91: ='10U GIRLS COED AU AG-12 TEAMS'!A30 -> 46089 | B91: ='10U GIRLS COED AU AG-12 TEAMS'!B30 -> 0.47222222 | C91: ='10U GIRLS COED AU AG-12 TEAMS'!C30&"" -> EL TORO HS 2 | D91: ='10U GIRLS COED AU AG-12 TEAMS'!D30&"" -> 10GCauag18 | E91: ='10U GIRLS COED AU AG-12 TEAMS'!E30&"" -> 3rdA-TROJAN SOUTH au | F91: ='10U GIRLS COED AU AG-12 TEAMS'!F30&"" -> 13 | G91: ='10U GIRLS COED AU AG-12 TEAMS'!G30&"" -> C3-DEL MAR GIRLS WHITE | H91: ='10U GIRLS COED AU AG-12 TEAMS'!H30&"" -> 7 | I91: ='10U GIRLS COED AU AG-12 TEAMS'!I30&"" -> cross | J91: ='10U GIRLS COED AU AG-12 TEAMS'!J30&"" -> 10U_GIRLS_COED_GOLD_SILVER | K91: =TEXT(DATE(2026, MONTH(A91), DAY(A91)) + TIME(HOUR(B91), MINUTE(B91), 0), "yyyymmddhhmm") -> 202603081120
A92: ='10U GIRLS COED AU AG-12 TEAMS'!A31 -> 46089 | B92: ='10U GIRLS COED AU AG-12 TEAMS'!B31 -> 0.50694444 | C92: ='10U GIRLS COED AU AG-12 TEAMS'!C31&"" -> EL TORO HS 2 | D92: ='10U GIRLS COED AU AG-12 TEAMS'!D31&"" -> 10GCauag19 | E92: ='10U GIRLS COED AU AG-12 TEAMS'!E31&"" -> 2ndA-VANGUARD BLUE au | F92: ='10U GIRLS COED AU AG-12 TEAMS'!F31&"" -> 7 | G92: ='10U GIRLS COED AU AG-12 TEAMS'!G31&"" -> C2-NEWPORT BEACH GIRLS BLUE | H92: ='10U GIRLS COED AU AG-12 TEAMS'!H31&"" -> 21 | I92: ='10U GIRLS COED AU AG-12 TEAMS'!I31&"" -> cross | J92: ='10U GIRLS COED AU AG-12 TEAMS'!J31&"" -> 10U_GIRLS_COED_GOLD_SILVER | K92: =TEXT(DATE(2026, MONTH(A92), DAY(A92)) + TIME(HOUR(B92), MINUTE(B92), 0), "yyyymmddhhmm") -> 202603081210
A93: ='10U GIRLS COED AU AG-12 TEAMS'!A32 -> 46089 | B93: ='10U GIRLS COED AU AG-12 TEAMS'!B32 -> 0.54166667 | C93: ='10U GIRLS COED AU AG-12 TEAMS'!C32&"" -> EL TORO HS 2 | D93: ='10U GIRLS COED AU AG-12 TEAMS'!D32&"" -> 10GCauag20 | E93: ='10U GIRLS COED AU AG-12 TEAMS'!E32&"" -> 4thA-SAN CLEMENTE BLACK au | F93: ='10U GIRLS COED AU AG-12 TEAMS'!F32&"" -> 14 | G93: ='10U GIRLS COED AU AG-12 TEAMS'!G32&"" -> C4-NEWPORT BEACH GIRLS WHITE | H93: ='10U GIRLS COED AU AG-12 TEAMS'!H32&"" -> 8 | I93: ='10U GIRLS COED AU AG-12 TEAMS'!I32&"" -> cross | J93: ='10U GIRLS COED AU AG-12 TEAMS'!J32&"" -> 10U_GIRLS_COED_GOLD_SILVER | K93: =TEXT(DATE(2026, MONTH(A93), DAY(A93)) + TIME(HOUR(B93), MINUTE(B93), 0), "yyyymmddhhmm") -> 202603081300
A94: ='10U GIRLS COED AU AG-12 TEAMS'!A33 -> 46089 | B94: ='10U GIRLS COED AU AG-12 TEAMS'!B33 -> 0.57638889 | C94: ='10U GIRLS COED AU AG-12 TEAMS'!C33&"" -> EL TORO HS 2 | D94: ='10U GIRLS COED AU AG-12 TEAMS'!D33&"" -> 10GCauag21 | E94: ='10U GIRLS COED AU AG-12 TEAMS'!E33&"" -> 1stB-TROJAN NORTH ag | F94: ='10U GIRLS COED AU AG-12 TEAMS'!F33&"" -> 4 | G94: ='10U GIRLS COED AU AG-12 TEAMS'!G33&"" -> C1-DEL MAR GIRLS BLUE | H94: ='10U GIRLS COED AU AG-12 TEAMS'!H33&"" -> 16 | I94: ='10U GIRLS COED AU AG-12 TEAMS'!I33&"" -> cross | J94: ='10U GIRLS COED AU AG-12 TEAMS'!J33&"" -> 10U_GIRLS_COED_GOLD_SILVER | K94: =TEXT(DATE(2026, MONTH(A94), DAY(A94)) + TIME(HOUR(B94), MINUTE(B94), 0), "yyyymmddhhmm") -> 202603081350
A95: ='10U GIRLS COED AU AG-12 TEAMS'!A34 -> 46089 | B95: ='10U GIRLS COED AU AG-12 TEAMS'!B34 -> 0.61111111 | C95: ='10U GIRLS COED AU AG-12 TEAMS'!C34&"" -> EL TORO HS 2 | D95: ='10U GIRLS COED AU AG-12 TEAMS'!D34&"" -> 10GCauag22 | E95: ='10U GIRLS COED AU AG-12 TEAMS'!E34&"" -> 3rdB-SAN CLEMENTE RED GIRLS ag | F95: ='10U GIRLS COED AU AG-12 TEAMS'!F34&"" -> 8 | G95: ='10U GIRLS COED AU AG-12 TEAMS'!G34&"" -> C3-DEL MAR GIRLS WHITE | H95: ='10U GIRLS COED AU AG-12 TEAMS'!H34&"" -> 6 | I95: ='10U GIRLS COED AU AG-12 TEAMS'!I34&"" -> cross | J95: ='10U GIRLS COED AU AG-12 TEAMS'!J34&"" -> 10U_GIRLS_COED_GOLD_SILVER | K95: =TEXT(DATE(2026, MONTH(A95), DAY(A95)) + TIME(HOUR(B95), MINUTE(B95), 0), "yyyymmddhhmm") -> 202603081440
A96: ='10U GIRLS COED AU AG-12 TEAMS'!A35 -> 46089 | B96: ='10U GIRLS COED AU AG-12 TEAMS'!B35 -> 0.64583333 | C96: ='10U GIRLS COED AU AG-12 TEAMS'!C35&"" -> EL TORO HS 2 | D96: ='10U GIRLS COED AU AG-12 TEAMS'!D35&"" -> 10GCauag23 | E96: ='10U GIRLS COED AU AG-12 TEAMS'!E35&"" -> 2ndB-LAGUNA BEACH ag | F96: ='10U GIRLS COED AU AG-12 TEAMS'!F35&"" -> 4 | G96: ='10U GIRLS COED AU AG-12 TEAMS'!G35&"" -> C2-NEWPORT BEACH GIRLS BLUE | H96: ='10U GIRLS COED AU AG-12 TEAMS'!H35&"" -> 19 | I96: ='10U GIRLS COED AU AG-12 TEAMS'!I35&"" -> cross | J96: ='10U GIRLS COED AU AG-12 TEAMS'!J35&"" -> 10U_GIRLS_COED_GOLD_SILVER | K96: =TEXT(DATE(2026, MONTH(A96), DAY(A96)) + TIME(HOUR(B96), MINUTE(B96), 0), "yyyymmddhhmm") -> 202603081530
A97: ='10U GIRLS COED AU AG-12 TEAMS'!A36 -> 46089 | B97: ='10U GIRLS COED AU AG-12 TEAMS'!B36 -> 0.68055556 | C97: ='10U GIRLS COED AU AG-12 TEAMS'!C36&"" -> EL TORO HS 2 | D97: ='10U GIRLS COED AU AG-12 TEAMS'!D36&"" -> 10GCauag24 | E97: ='10U GIRLS COED AU AG-12 TEAMS'!E36&"" -> 4thB-CDM BOYS WHITE ag | F97: ='10U GIRLS COED AU AG-12 TEAMS'!F36&"" -> 20 | G97: ='10U GIRLS COED AU AG-12 TEAMS'!G36&"" -> C4-NEWPORT BEACH GIRLS WHITE | H97: ='10U GIRLS COED AU AG-12 TEAMS'!H36&"" -> 2 | I97: ='10U GIRLS COED AU AG-12 TEAMS'!I36&"" -> cross | J97: ='10U GIRLS COED AU AG-12 TEAMS'!J36&"" -> 10U_GIRLS_COED_GOLD_SILVER | K97: =TEXT(DATE(2026, MONTH(A97), DAY(A97)) + TIME(HOUR(B97), MINUTE(B97), 0), "yyyymmddhhmm") -> 202603081620
A98: ='19U BOYS SILVER-5 TEAMS'!A11 -> 46088 | B98: ='19U BOYS SILVER-5 TEAMS'!B11 -> 0.33333333 | C98: ='19U BOYS SILVER-5 TEAMS'!C11&"" -> ESTANCIA HS 1 | D98: ='19U BOYS SILVER-5 TEAMS'!D11&"" -> 19Bag01 | E98: ='19U BOYS SILVER-5 TEAMS'!E11&"" -> A2-SOUTH COUNTY AQUATICS | F98: ='19U BOYS SILVER-5 TEAMS'!F11&"" -> 4 | G98: ='19U BOYS SILVER-5 TEAMS'!G11&"" -> A5-OHANA | H98: ='19U BOYS SILVER-5 TEAMS'!H11&"" -> 12 | I98: ='19U BOYS SILVER-5 TEAMS'!I11&"" -> A bracket 2/5 | J98: ='19U BOYS SILVER-5 TEAMS'!J11&"" -> 19U_BOYS_SILVER | K98: =TEXT(DATE(2026, MONTH(A98), DAY(A98)) + TIME(HOUR(B98), MINUTE(B98), 0), "yyyymmddhhmm") -> 202603070800
A99: ='19U BOYS SILVER-5 TEAMS'!A12 -> 46088 | B99: ='19U BOYS SILVER-5 TEAMS'!B12 -> 0.375 | C99: ='19U BOYS SILVER-5 TEAMS'!C12&"" -> ESTANCIA HS 1 | D99: ='19U BOYS SILVER-5 TEAMS'!D12&"" -> 19Bag02 | E99: ='19U BOYS SILVER-5 TEAMS'!E12&"" -> A1-SET | F99: ='19U BOYS SILVER-5 TEAMS'!F12&"" -> 6 | G99: ='19U BOYS SILVER-5 TEAMS'!G12&"" -> A3-PASADENA AC ORANGE | H99: ='19U BOYS SILVER-5 TEAMS'!H12&"" -> 15 | I99: ='19U BOYS SILVER-5 TEAMS'!I12&"" -> A bracket 1/3 | J99: ='19U BOYS SILVER-5 TEAMS'!J12&"" -> 19U_BOYS_SILVER | K99: =TEXT(DATE(2026, MONTH(A99), DAY(A99)) + TIME(HOUR(B99), MINUTE(B99), 0), "yyyymmddhhmm") -> 202603070900
A100: ='19U BOYS PLATINUM GOLD-11 TEAMS'!A16 -> 46088 | B100: ='19U BOYS PLATINUM GOLD-11 TEAMS'!B16 -> 0.41666667 | C100: ='19U BOYS PLATINUM GOLD-11 TEAMS'!C16&"" -> ESTANCIA HS 1 | D100: ='19U BOYS PLATINUM GOLD-11 TEAMS'!D16&"" -> 19Bptau05 | E100: ='19U BOYS PLATINUM GOLD-11 TEAMS'!E16&"" -> B2-ALAMEDA | F100: ='19U BOYS PLATINUM GOLD-11 TEAMS'!F16&"" -> 10 | G100: ='19U BOYS PLATINUM GOLD-11 TEAMS'!G16&"" -> B3-HIELAND | H100: ='19U BOYS PLATINUM GOLD-11 TEAMS'!H16&"" -> 7 | I100: ='19U BOYS PLATINUM GOLD-11 TEAMS'!I16&"" -> W/L B2/B3 | J100: ='19U BOYS PLATINUM GOLD-11 TEAMS'!J16&"" -> 19U_BOYS_PLATINUM_GOLD | K100: =TEXT(DATE(2026, MONTH(A100), DAY(A100)) + TIME(HOUR(B100), MINUTE(B100), 0), "yyyymmddhhmm") -> 202603071000
...

Sheet MASTER BY TIME
A1: DATE | B1: TIME | C1: LOCATION | D1: GAME ID | E1: WHITE TEAM | F1: S | G1: DARK TEAM | H1: S | I1: COMMENTS | J1: DIVISION | K1: SORTKEY
A2: ='14U GIRLS-9 TEAMS'!A14 -> 46088 | B2: ='14U GIRLS-9 TEAMS'!B14 -> 0.29166667 | C2: ='14U GIRLS-9 TEAMS'!C14&"" -> EL TORO HS 1 | D2: ='14U GIRLS-9 TEAMS'!D14&"" -> 14G01 | E2: ='14U GIRLS-9 TEAMS'!E14&"" -> C1-CV PREMIER | F2: ='14U GIRLS-9 TEAMS'!F14&"" -> 6 | G2: ='14U GIRLS-9 TEAMS'!G14&"" -> C2-INNIS ARDEN | H2: ='14U GIRLS-9 TEAMS'!H14&"" -> 16 | I2: ='14U GIRLS-9 TEAMS'!I14&"" -> C bracket silver 1st-3rd | J2: ='14U GIRLS-9 TEAMS'!J14&"" -> 14U_GIRLS | K2: =TEXT(DATE(2026, MONTH(A2), DAY(A2)) + TIME(HOUR(B2), MINUTE(B2), 0), "yyyymmddhhmm") -> 202603070700
A3: ='19U BOYS PLATINUM GOLD-11 TEAMS'!A12 -> 46088 | B3: ='19U BOYS PLATINUM GOLD-11 TEAMS'!B12 -> 0.29166667 | C3: ='19U BOYS PLATINUM GOLD-11 TEAMS'!C12&"" -> WOOLLETT NEAR LEFT | D3: ='19U BOYS PLATINUM GOLD-11 TEAMS'!D12&"" -> 19Bptau01 | E3: ='19U BOYS PLATINUM GOLD-11 TEAMS'!E12&"" -> C1-TROJAN 16 CARDINAL pt | F3: ='19U BOYS PLATINUM GOLD-11 TEAMS'!F12&"" -> 13 | G3: ='19U BOYS PLATINUM GOLD-11 TEAMS'!G12&"" -> C4-ROUTE 66 | H3: ='19U BOYS PLATINUM GOLD-11 TEAMS'!H12&"" -> 9 | I3: ='19U BOYS PLATINUM GOLD-11 TEAMS'!I12&"" -> W/L C1/C4 | J3: ='19U BOYS PLATINUM GOLD-11 TEAMS'!J12&"" -> 19U_BOYS_PLATINUM_GOLD | K3: =TEXT(DATE(2026, MONTH(A3), DAY(A3)) + TIME(HOUR(B3), MINUTE(B3), 0), "yyyymmddhhmm") -> 202603070700
A4: ='16U BOYS PLATINUM GOLD-10 TEAMS'!A10 -> 46088 | B4: ='16U BOYS PLATINUM GOLD-10 TEAMS'!B10 -> 0.29166667 | C4: ='16U BOYS PLATINUM GOLD-10 TEAMS'!C10&"" -> WOOLLETT NEAR RIGHT | D4: ='16U BOYS PLATINUM GOLD-10 TEAMS'!D10&"" -> 16Bptau01 | E4: ='16U BOYS PLATINUM GOLD-10 TEAMS'!E10&"" -> A1-ORWP A | F4: ='16U BOYS PLATINUM GOLD-10 TEAMS'!F10&"" -> 15 | G4: ='16U BOYS PLATINUM GOLD-10 TEAMS'!G10&"" -> A2-DEVILS GATE | H4: ='16U BOYS PLATINUM GOLD-10 TEAMS'!H10&"" -> 6 | I4: ='16U BOYS PLATINUM GOLD-10 TEAMS'!I10&"" -> A bracket A1,A2 platinum 1st-3rd | J4: ='16U BOYS PLATINUM GOLD-10 TEAMS'!J10&"" -> 16U_BOYS_PLATINUM_GOLD | K4: =TEXT(DATE(2026, MONTH(A4), DAY(A4)) + TIME(HOUR(B4), MINUTE(B4), 0), "yyyymmddhhmm") -> 202603070700
A5: ='12U BOYS-16 TEAMS'!A21 -> 46088 | B5: ='12U BOYS-16 TEAMS'!B21 -> 0.32638889 | C5: ='12U BOYS-16 TEAMS'!C21&"" -> COSTA MESA HS 2 | D5: ='12U BOYS-16 TEAMS'!D21&"" -> 12B01 | E5: ='12U BOYS-16 TEAMS'!E21&"" -> A1-LA PREMIER | F5: ='12U BOYS-16 TEAMS'!F21&"" -> 6 | G5: ='12U BOYS-16 TEAMS'!G21&"" -> A3-CMAC | H5: ='12U BOYS-16 TEAMS'!H21&"" -> 9 | I5: ='12U BOYS-16 TEAMS'!I21&"" -> A bracket A1,A3 platinum 1st-3rd | J5: ='12U BOYS-16 TEAMS'!J21&"" -> 12U_BOYS | K5: =TEXT(DATE(2026, MONTH(A5), DAY(A5)) + TIME(HOUR(B5), MINUTE(B5), 0), "yyyymmddhhmm") -> 202603070750
A6: ='14U GIRLS-9 TEAMS'!A15 -> 46088 | B6: ='14U GIRLS-9 TEAMS'!B15 -> 0.32638889 | C6: ='14U GIRLS-9 TEAMS'!C15&"" -> EL TORO HS 1 | D6: ='14U GIRLS-9 TEAMS'!D15&"" -> 14G02 | E6: ='14U GIRLS-9 TEAMS'!E15&"" -> B1-SET | F6: ='14U GIRLS-9 TEAMS'!F15&"" -> 5 | G6: ='14U GIRLS-9 TEAMS'!G15&"" -> B3-ELITE | H6: ='14U GIRLS-9 TEAMS'!H15&"" -> 4 | I6: ='14U GIRLS-9 TEAMS'!I15&"" -> B bracket gold 1st-3rd | J6: ='14U GIRLS-9 TEAMS'!J15&"" -> 14U_GIRLS | K6: =TEXT(DATE(2026, MONTH(A6), DAY(A6)) + TIME(HOUR(B6), MINUTE(B6), 0), "yyyymmddhhmm") -> 202603070750
A7: ='14U BOYS SILVER-16 TEAMS'!A10 -> 46088 | B7: ='14U BOYS SILVER-16 TEAMS'!B10 -> 0.32638889 | C7: ='14U BOYS SILVER-16 TEAMS'!C10&"" -> ESTANCIA HS 2 | D7: ='14U BOYS SILVER-16 TEAMS'!D10&"" -> 14Bag01 | E7: ='14U BOYS SILVER-16 TEAMS'!E10&"" -> A2-BREA OLINDA GOLD | F7: ='14U BOYS SILVER-16 TEAMS'!F10&"" -> 18 | G7: ='14U BOYS SILVER-16 TEAMS'!G10&"" -> A3-TROJAN GOLD | H7: ='14U BOYS SILVER-16 TEAMS'!H10&"" -> 9 | I7: ='14U BOYS SILVER-16 TEAMS'!I10&"" -> W/L A2/A3 | J7: ='14U BOYS SILVER-16 TEAMS'!J10&"" -> 14U_BOYS_SILVER | K7: =TEXT(DATE(2026, MONTH(A7), DAY(A7)) + TIME(HOUR(B7), MINUTE(B7), 0), "yyyymmddhhmm") -> 202603070750
A8: ='14U BOYS GOLD-16 TEAMS'!A10 -> 46088 | B8: ='14U BOYS GOLD-16 TEAMS'!B10 -> 0.32638889 | C8: ='14U BOYS GOLD-16 TEAMS'!C10&"" -> SAN JUAN HILLS HS | D8: ='14U BOYS GOLD-16 TEAMS'!D10&"" -> 14Bau01 | E8: ='14U BOYS GOLD-16 TEAMS'!E10&"" -> A2-TRILOGY BLACK | F8: ='14U BOYS GOLD-16 TEAMS'!F10&"" -> 2 | G8: ='14U BOYS GOLD-16 TEAMS'!G10&"" -> A3-SAN DIEGO DONS 14 BLACK | H8: ='14U BOYS GOLD-16 TEAMS'!H10&"" -> 8 | I8: ='14U BOYS GOLD-16 TEAMS'!I10&"" -> W/L A2/A3 | J8: ='14U BOYS GOLD-16 TEAMS'!J10&"" -> 14U_BOYS_GOLD | K8: =TEXT(DATE(2026, MONTH(A8), DAY(A8)) + TIME(HOUR(B8), MINUTE(B8), 0), "yyyymmddhhmm") -> 202603070750
A9: ='14U BOYS PLATINUM-10 TEAMS'!A10 -> 46088 | B9: ='14U BOYS PLATINUM-10 TEAMS'!B10 -> 0.32638889 | C9: ='14U BOYS PLATINUM-10 TEAMS'!C10&"" -> WESTMINSTER HS | D9: ='14U BOYS PLATINUM-10 TEAMS'!D10&"" -> 14Bpt01 | E9: ='14U BOYS PLATINUM-10 TEAMS'!E10&"" -> C1-SAN DIEGO DONS | F9: ='14U BOYS PLATINUM-10 TEAMS'!F10&"" -> 8.4 | G9: ='14U BOYS PLATINUM-10 TEAMS'!G10&"" -> C4-DEVILS GATE | H9: ='14U BOYS PLATINUM-10 TEAMS'!H10&"" -> 8.2 | I9: ='14U BOYS PLATINUM-10 TEAMS'!I10&"" -> C bracket C1,C4 | J9: ='14U BOYS PLATINUM-10 TEAMS'!J10&"" -> 14U_BOYS_PLATINUM | K9: =TEXT(DATE(2026, MONTH(A9), DAY(A9)) + TIME(HOUR(B9), MINUTE(B9), 0), "yyyymmddhhmm") -> 202603070750
A10: ='16U BOYS SILVER-8 TEAMS'!A10 -> 46088 | B10: ='16U BOYS SILVER-8 TEAMS'!B10 -> 0.33333333 | C10: ='16U BOYS SILVER-8 TEAMS'!C10&"" -> COSTA MESA HS 1 | D10: ='16U BOYS SILVER-8 TEAMS'!D10&"" -> 16Bag01 | E10: ='16U BOYS SILVER-8 TEAMS'!E10&"" -> B1-TITANS | F10: ='16U BOYS SILVER-8 TEAMS'!F10&"" -> 9 | G10: ='16U BOYS SILVER-8 TEAMS'!G10&"" -> B4-NORTH IRVINE 14 BLACK | H10: ='16U BOYS SILVER-8 TEAMS'!H10&"" -> 20 | I10: ='16U BOYS SILVER-8 TEAMS'!I10&"" -> bracket, B1/B4 | J10: ='16U BOYS SILVER-8 TEAMS'!J10&"" -> 16U_BOYS_SILVER | K10: =TEXT(DATE(2026, MONTH(A10), DAY(A10)) + TIME(HOUR(B10), MINUTE(B10), 0), "yyyymmddhhmm") -> 202603070800
A11: ='19U BOYS SILVER-5 TEAMS'!A11 -> 46088 | B11: ='19U BOYS SILVER-5 TEAMS'!B11 -> 0.33333333 | C11: ='19U BOYS SILVER-5 TEAMS'!C11&"" -> ESTANCIA HS 1 | D11: ='19U BOYS SILVER-5 TEAMS'!D11&"" -> 19Bag01 | E11: ='19U BOYS SILVER-5 TEAMS'!E11&"" -> A2-SOUTH COUNTY AQUATICS | F11: ='19U BOYS SILVER-5 TEAMS'!F11&"" -> 4 | G11: ='19U BOYS SILVER-5 TEAMS'!G11&"" -> A5-OHANA | H11: ='19U BOYS SILVER-5 TEAMS'!H11&"" -> 12 | I11: ='19U BOYS SILVER-5 TEAMS'!I11&"" -> A bracket 2/5 | J11: ='19U BOYS SILVER-5 TEAMS'!J11&"" -> 19U_BOYS_SILVER | K11: =TEXT(DATE(2026, MONTH(A11), DAY(A11)) + TIME(HOUR(B11), MINUTE(B11), 0), "yyyymmddhhmm") -> 202603070800
A12: ='19U BOYS PLATINUM GOLD-11 TEAMS'!A13 -> 46088 | B12: ='19U BOYS PLATINUM GOLD-11 TEAMS'!B13 -> 0.33333333 | C12: ='19U BOYS PLATINUM GOLD-11 TEAMS'!C13&"" -> WOOLLETT NEAR LEFT | D12: ='19U BOYS PLATINUM GOLD-11 TEAMS'!D13&"" -> 19Bptau02 | E12: ='19U BOYS PLATINUM GOLD-11 TEAMS'!E13&"" -> C2-PEAK POLO BOLTZ pt | F12: ='19U BOYS PLATINUM GOLD-11 TEAMS'!F13&"" -> 18 | G12: ='19U BOYS PLATINUM GOLD-11 TEAMS'!G13&"" -> C3-SOUTH VALLEY | H12: ='19U BOYS PLATINUM GOLD-11 TEAMS'!H13&"" -> 3 | I12: ='19U BOYS PLATINUM GOLD-11 TEAMS'!I13&"" -> W/L C2/C3 | J12: ='19U BOYS PLATINUM GOLD-11 TEAMS'!J13&"" -> 19U_BOYS_PLATINUM_GOLD | K12: =TEXT(DATE(2026, MONTH(A12), DAY(A12)) + TIME(HOUR(B12), MINUTE(B12), 0), "yyyymmddhhmm") -> 202603070800
A13: ='16U BOYS PLATINUM GOLD-10 TEAMS'!A11 -> 46088 | B13: ='16U BOYS PLATINUM GOLD-10 TEAMS'!B11 -> 0.33333333 | C13: ='16U BOYS PLATINUM GOLD-10 TEAMS'!C11&"" -> WOOLLETT NEAR RIGHT | D13: ='16U BOYS PLATINUM GOLD-10 TEAMS'!D11&"" -> 16Bptau02 | E13: ='16U BOYS PLATINUM GOLD-10 TEAMS'!E11&"" -> B1-ALAMEDA | F13: ='16U BOYS PLATINUM GOLD-10 TEAMS'!F11&"" -> 15 | G13: ='16U BOYS PLATINUM GOLD-10 TEAMS'!G11&"" -> B2-INNIS ARDEN | H13: ='16U BOYS PLATINUM GOLD-10 TEAMS'!H11&"" -> 8 | I13: ='16U BOYS PLATINUM GOLD-10 TEAMS'!I11&"" -> B bracket B1,B2 | J13: ='16U BOYS PLATINUM GOLD-10 TEAMS'!J11&"" -> 16U_BOYS_PLATINUM_GOLD | K13: =TEXT(DATE(2026, MONTH(A13), DAY(A13)) + TIME(HOUR(B13), MINUTE(B13), 0), "yyyymmddhhmm") -> 202603070800
A14: ='10U GIRLS COED AU AG-12 TEAMS'!A10 -> 46088 | B14: ='10U GIRLS COED AU AG-12 TEAMS'!B10 -> 0.33333333 | C14: ='10U GIRLS COED AU AG-12 TEAMS'!C10&"" -> EL TORO HS 2 | D14: ='10U GIRLS COED AU AG-12 TEAMS'!D10&"" -> 10GCauag01 | E14: ='10U GIRLS COED AU AG-12 TEAMS'!E10&"" -> B1-SAN CLEMENTE GIRLS RED ag | F14: ='10U GIRLS COED AU AG-12 TEAMS'!F10&"" -> 6 | G14: ='10U GIRLS COED AU AG-12 TEAMS'!G10&"" -> B4-TROJAN NORTH ag | H14: ='10U GIRLS COED AU AG-12 TEAMS'!H10&"" -> 14 | I14: ='10U GIRLS COED AU AG-12 TEAMS'!I10&"" -> B bracket, B1/B4 coed silver 1st-4th | J14: ='10U GIRLS COED AU AG-12 TEAMS'!J10&"" -> 10U_GIRLS_COED_GOLD_SILVER | K14: =TEXT(DATE(2026, MONTH(A14), DAY(A14)) + TIME(HOUR(B14), MINUTE(B14), 0), "yyyymmddhhmm") -> 202603070800
A15: ='10U BOYS & COED PT-7 CUSTOM'!A10 -> 46088 | B15: ='10U BOYS & COED PT-7 CUSTOM'!B10 -> 0.33333333 | C15: ='10U BOYS & COED PT-7 CUSTOM'!C10&"" -> WOOLLETT FAR LEFT | D15: ='10U BOYS & COED PT-7 CUSTOM'!D10&"" -> 10BCpt01 | E15: ='10U BOYS & COED PT-7 CUSTOM'!E10&"" -> A1-NORTH IRVINE BLACK | F15: ='10U BOYS & COED PT-7 CUSTOM'!F10&"" -> 22 | G15: ='10U BOYS & COED PT-7 CUSTOM'!G10&"" -> A3-VIKING | H15: ='10U BOYS & COED PT-7 CUSTOM'!H10&"" -> 8 | I15: ='10U BOYS & COED PT-7 CUSTOM'!I10&"" -> A bracket A1,A3 Cpt 1st-3rd | J15: ='10U BOYS & COED PT-7 CUSTOM'!J10&"" -> 10U_BOYS_&_COED_PLATINUM | K15: =TEXT(DATE(2026, MONTH(A15), DAY(A15)) + TIME(HOUR(B15), MINUTE(B15), 0), "yyyymmddhhmm") -> 202603070800
A16: ='12U BOYS-16 TEAMS'!A22 -> 46088 | B16: ='12U BOYS-16 TEAMS'!B22 -> 0.36111111 | C16: ='12U BOYS-16 TEAMS'!C22&"" -> COSTA MESA HS 2 | D16: ='12U BOYS-16 TEAMS'!D22&"" -> 12B02 | E16: ='12U BOYS-16 TEAMS'!E22&"" -> B1-TROJAN | F16: ='12U BOYS-16 TEAMS'!F22&"" -> 12 | G16: ='12U BOYS-16 TEAMS'!G22&"" -> B3-LAGUNA BEACH | H16: ='12U BOYS-16 TEAMS'!H22&"" -> 6 | I16: ='12U BOYS-16 TEAMS'!I22&"" -> B bracket B1,B3 | J16: ='12U BOYS-16 TEAMS'!J22&"" -> 12U_BOYS | K16: =TEXT(DATE(2026, MONTH(A16), DAY(A16)) + TIME(HOUR(B16), MINUTE(B16), 0), "yyyymmddhhmm") -> 202603070840
A17: ='14U GIRLS-9 TEAMS'!A16 -> 46088 | B17: ='14U GIRLS-9 TEAMS'!B16 -> 0.36111111 | C17: ='14U GIRLS-9 TEAMS'!C16&"" -> EL TORO HS 1 | D17: ='14U GIRLS-9 TEAMS'!D16&"" -> 14G03 | E17: ='14U GIRLS-9 TEAMS'!E16&"" -> A2-ROGUE 619 | F17: ='14U GIRLS-9 TEAMS'!F16&"" -> 17 | G17: ='14U GIRLS-9 TEAMS'!G16&"" -> A3-NORTH IRVINE | H17: ='14U GIRLS-9 TEAMS'!H16&"" -> 5 | I17: ='14U GIRLS-9 TEAMS'!I16&"" -> A bracket platinum 1st-3rd | J17: ='14U GIRLS-9 TEAMS'!J16&"" -> 14U_GIRLS | K17: =TEXT(DATE(2026, MONTH(A17), DAY(A17)) + TIME(HOUR(B17), MINUTE(B17), 0), "yyyymmddhhmm") -> 202603070840
A18: ='14U BOYS SILVER-16 TEAMS'!A11 -> 46088 | B18: ='14U BOYS SILVER-16 TEAMS'!B11 -> 0.36111111 | C18: ='14U BOYS SILVER-16 TEAMS'!C11&"" -> ESTANCIA HS 2 | D18: ='14U BOYS SILVER-16 TEAMS'!D11&"" -> 14Bag02 | E18: ='14U BOYS SILVER-16 TEAMS'!E11&"" -> A1-SAND CANYON | F18: ='14U BOYS SILVER-16 TEAMS'!F11&"" -> 7 | G18: ='14U BOYS SILVER-16 TEAMS'!G11&"" -> A4-SAN DIEGO DONS 12 BLACK | H18: ='14U BOYS SILVER-16 TEAMS'!H11&"" -> 8 | I18: ='14U BOYS SILVER-16 TEAMS'!I11&"" -> W/L A1/A4 | J18: ='14U BOYS SILVER-16 TEAMS'!J11&"" -> 14U_BOYS_SILVER | K18: =TEXT(DATE(2026, MONTH(A18), DAY(A18)) + TIME(HOUR(B18), MINUTE(B18), 0), "yyyymmddhhmm") -> 202603070840
A19: ='12U COED GIRLS-9 TEAMS CUSTOM'!A14 -> 46088 | B19: ='12U COED GIRLS-9 TEAMS CUSTOM'!B14 -> 0.36111111 | C19: ='12U COED GIRLS-9 TEAMS CUSTOM'!C14&"" -> LAGUNA HILLS HS | D19: ='12U COED GIRLS-9 TEAMS CUSTOM'!D14&"" -> 12GC01 | E19: ='12U COED GIRLS-9 TEAMS CUSTOM'!E14&"" -> A1-HIELAND | F19: ='12U COED GIRLS-9 TEAMS CUSTOM'!F14&"" -> 2 | G19: ='12U COED GIRLS-9 TEAMS CUSTOM'!G14&"" -> A3-TRILOGY | H19: ='12U COED GIRLS-9 TEAMS CUSTOM'!H14&"" -> 7 | I19: ='12U COED GIRLS-9 TEAMS CUSTOM'!I14&"" -> A bracket A1,A3 | J19: ='12U COED GIRLS-9 TEAMS CUSTOM'!J14&"" -> 12U_COED_GIRLS | K19: =TEXT(DATE(2026, MONTH(A19), DAY(A19)) + TIME(HOUR(B19), MINUTE(B19), 0), "yyyymmddhhmm") -> 202603070840
A20: ='14U BOYS GOLD-16 TEAMS'!A11 -> 46088 | B20: ='14U BOYS GOLD-16 TEAMS'!B11 -> 0.36111111 | C20: ='14U BOYS GOLD-16 TEAMS'!C11&"" -> SAN JUAN HILLS HS | D20: ='14U BOYS GOLD-16 TEAMS'!D11&"" -> 14Bau02 | E20: ='14U BOYS GOLD-16 TEAMS'!E11&"" -> A1-LAWPC | F20: ='14U BOYS GOLD-16 TEAMS'!F11&"" -> 6 | G20: ='14U BOYS GOLD-16 TEAMS'!G11&"" -> A4-NORTH IRVINE RED | H20: ='14U BOYS GOLD-16 TEAMS'!H11&"" -> 7 | I20: ='14U BOYS GOLD-16 TEAMS'!I11&"" -> W/L A1/A4 | J20: ='14U BOYS GOLD-16 TEAMS'!J11&"" -> 14U_BOYS_GOLD | K20: =TEXT(DATE(2026, MONTH(A20), DAY(A20)) + TIME(HOUR(B20), MINUTE(B20), 0), "yyyymmddhhmm") -> 202603070840
A21: ='14U BOYS PLATINUM-10 TEAMS'!A11 -> 46088 | B21: ='14U BOYS PLATINUM-10 TEAMS'!B11 -> 0.36111111 | C21: ='14U BOYS PLATINUM-10 TEAMS'!C11&"" -> WESTMINSTER HS | D21: ='14U BOYS PLATINUM-10 TEAMS'!D11&"" -> 14Bpt02 | E21: ='14U BOYS PLATINUM-10 TEAMS'!E11&"" -> A1-MISSION A | F21: ='14U BOYS PLATINUM-10 TEAMS'!F11&"" -> 13 | G21: ='14U BOYS PLATINUM-10 TEAMS'!G11&"" -> A3-ROUTE 66 | H21: ='14U BOYS PLATINUM-10 TEAMS'!H11&"" -> 2 | I21: ='14U BOYS PLATINUM-10 TEAMS'!I11&"" -> A bracket A1,A3 | J21: ='14U BOYS PLATINUM-10 TEAMS'!J11&"" -> 14U_BOYS_PLATINUM | K21: =TEXT(DATE(2026, MONTH(A21), DAY(A21)) + TIME(HOUR(B21), MINUTE(B21), 0), "yyyymmddhhmm") -> 202603070840
A22: ='12U BOYS-16 TEAMS'!A31 -> 46088 | B22: ='12U BOYS-16 TEAMS'!B31 -> 0.36111111 | C22: ='12U BOYS-16 TEAMS'!C31&"" -> WOOLLETT FAR RIGHT | D22: ='12U BOYS-16 TEAMS'!D31&"" -> 12B10 | E22: ='12U BOYS-16 TEAMS'!E31&"" -> C1-LAWPC | F22: ='12U BOYS-16 TEAMS'!F31&"" -> 8 | G22: ='12U BOYS-16 TEAMS'!G31&"" -> C3-NORTH IRVINE RED | H22: ='12U BOYS-16 TEAMS'!H31&"" -> 5 | I22: ='12U BOYS-16 TEAMS'!I31&"" -> C bracket C1,C3 | J22: ='12U BOYS-16 TEAMS'!J31&"" -> 12U_BOYS | K22: =TEXT(DATE(2026, MONTH(A22), DAY(A22)) + TIME(HOUR(B22), MINUTE(B22), 0), "yyyymmddhhmm") -> 202603070840
